# Copyright 2020 Google LLC.
# 
# This work is licensed under the Creative Commons Attribution 4.0
# International License. To view a copy of this license, visit
# http://creativecommons.org/licenses/by/4.0/ or send a letter
# to Creative Commons, PO Box 1866, Mountain View, CA 94042, USA.
# Generated by Katamari OBJ encoder.
# Vertices: 3861
# Faces: 7710
mtllib model.mtl
v -0.109885 0.084085 0.002181
v -0.111155 0.080426 0.003272
v -0.111304 0.087840 0.002577
v -0.121233 0.120326 0.025890
v -0.128869 0.104919 0.025916
v -0.130340 0.108518 0.026461
v -0.129134 0.112842 0.027000
v -0.124314 0.121427 0.027577
v -0.123736 0.120826 0.026671
v -0.128007 0.116928 0.028700
v -0.131028 0.110111 0.027774
v -0.128667 0.115788 0.030540
v -0.131908 0.109407 0.030298
v -0.133090 0.098338 0.026380
v -0.135029 0.095242 0.027572
v -0.134658 0.100497 0.029125
v -0.133571 0.101611 0.027219
v -0.132720 0.090048 0.025913
v -0.132933 0.106024 0.028748
v -0.130869 0.109829 0.032481
v -0.133787 0.103445 0.031156
v -0.132187 0.105443 0.032644
v -0.132613 0.108734 0.033301
v -0.135435 0.096557 0.030883
v -0.134656 0.095804 0.031960
v -0.132401 0.103213 0.032480
v -0.133088 0.109766 0.034062
v -0.131423 0.098902 0.032688
v -0.134186 0.083782 0.032106
v -0.120978 0.107442 0.025445
v -0.112236 0.120871 0.025450
v -0.108581 0.115500 0.017908
v -0.113800 0.109381 0.018860
v -0.114354 0.113619 0.023667
v -0.118766 0.106568 0.023975
v -0.118000 0.109991 0.024954
v -0.116820 0.102587 0.017953
v -0.113377 0.116818 0.025056
v -0.126032 0.091781 0.025436
v -0.123576 0.095043 0.024983
v -0.121221 0.100522 0.024094
v -0.118718 0.095777 0.017586
v -0.122954 0.093095 0.024241
v -0.121043 0.103551 0.024961
v -0.116248 0.098873 0.030913
v -0.113500 0.098156 0.026354
v -0.112130 0.102205 0.026450
v -0.114796 0.094025 0.026798
v -0.118168 0.093324 0.032101
v -0.090866 0.118132 0.002887
v -0.098484 0.113486 0.002726
v -0.097219 0.115589 0.003422
v -0.104074 0.108423 0.002788
v -0.102816 0.111372 0.003600
v -0.101474 0.109169 0.002428
v -0.103631 0.116274 0.012071
v -0.080470 0.119450 0.002370
v -0.084332 0.097918 0.001834
v -0.096139 0.117368 0.004886
v -0.096610 0.121873 0.013732
v -0.103032 0.120228 0.017541
v -0.108455 0.120682 0.024193
v -0.089579 0.125342 0.014712
v -0.084897 0.126188 0.014057
v -0.085663 0.120541 0.003423
v -0.079849 0.122052 0.004603
v -0.091277 0.119489 0.004560
v -0.092473 0.111889 0.009915
v -0.094482 0.112475 0.012286
v -0.098212 0.108865 0.011197
v -0.090469 0.110295 0.008661
v -0.085220 0.114659 0.009471
v -0.089040 0.115244 0.012058
v -0.095174 0.119122 0.024677
v -0.084257 0.116931 0.012513
v -0.107780 0.099759 0.002439
v -0.108346 0.102695 0.003214
v -0.110370 0.096592 0.002927
v -0.111248 0.098519 0.004595
v -0.108744 0.104906 0.005467
v -0.112277 0.105063 0.011936
v -0.105957 0.108325 0.004570
v -0.112337 0.092620 0.004167
v -0.114900 0.095474 0.010606
v -0.112537 0.086815 0.003846
v -0.113972 0.081511 0.008213
v -0.115558 0.087772 0.010005
v -0.114499 0.099392 0.011770
v -0.119163 0.088214 0.017182
v -0.103250 0.099838 0.009482
v -0.104292 0.095811 0.009044
v -0.099646 0.102534 0.008614
v -0.105548 0.098171 0.011325
v -0.103592 0.102939 0.011962
v -0.104042 0.071949 0.001943
v -0.106184 0.090230 0.009597
v -0.103599 0.091723 0.008365
v -0.107052 0.094381 0.011852
v -0.106033 0.085477 0.009247
v -0.108273 0.089805 0.012975
v -0.107602 0.084066 0.011891
v -0.103200 0.079762 0.008283
v -0.091424 0.073286 0.008294
v -0.112225 0.105225 0.029015
v -0.108482 0.107418 0.025191
v -0.104418 0.113082 0.025971
v -0.101534 0.106374 0.012648
v -0.100188 0.117101 0.026658
v -0.099826 0.105684 0.009811
v -0.095947 0.108297 0.009221
v -0.080828 0.095306 0.008241
v -0.108723 0.076513 0.002305
v -0.109663 0.075311 0.003549
v -0.106973 0.070236 0.003379
v -0.104963 0.069594 0.002239
v -0.103273 0.065691 0.003088
v -0.133964 0.077621 0.026567
v -0.134100 0.083627 0.026320
v -0.131462 0.077551 0.025691
v -0.134342 0.074469 0.028450
v -0.132954 0.071613 0.027008
v -0.130649 0.068630 0.026100
v -0.129922 0.064095 0.026677
v -0.134987 0.088629 0.026894
v -0.135926 0.089335 0.028493
v -0.135804 0.094313 0.029835
v -0.135444 0.083391 0.027463
v -0.136026 0.082238 0.030735
v -0.136123 0.088815 0.030980
v -0.135402 0.084745 0.031691
v -0.129440 0.086788 0.032807
v -0.128692 0.080200 0.035548
v -0.131432 0.099396 0.038529
v -0.129666 0.083444 0.032331
v -0.135396 0.078298 0.030312
v -0.122886 0.084757 0.023916
v -0.123908 0.084546 0.024902
v -0.122520 0.076268 0.024809
v -0.118085 0.087285 0.031598
v -0.133771 0.073108 0.031333
v -0.128659 0.072398 0.032182
v -0.128213 0.075898 0.032547
v -0.133030 0.069001 0.030705
v -0.131763 0.066260 0.028159
v -0.130662 0.066394 0.031636
v -0.122917 0.072877 0.025199
v -0.128371 0.070510 0.032544
v -0.129131 0.084634 0.037882
v -0.127826 0.075212 0.037729
v -0.130213 0.096142 0.038879
v -0.127420 0.076930 0.038232
v -0.127942 0.072167 0.037324
v -0.128338 0.069668 0.037135
v -0.127084 0.070352 0.038020
v -0.117425 0.072270 0.037956
v -0.129529 0.061070 0.029666
v -0.127910 0.058941 0.027636
v -0.135968 0.055106 0.033052
v -0.136136 0.050017 0.032674
v -0.136800 0.050618 0.033373
v -0.134287 0.056951 0.032493
v -0.136498 0.053550 0.037190
v -0.136933 0.049342 0.036455
v -0.109819 0.032162 0.032615
v -0.135104 0.041509 0.032868
v -0.136782 0.046736 0.033435
v -0.136258 0.043530 0.033284
v -0.136710 0.045582 0.036783
v -0.135630 0.041295 0.036677
v -0.133052 0.061484 0.037214
v -0.134223 0.058971 0.032878
v -0.135085 0.058088 0.037373
v -0.132606 0.060891 0.037784
v -0.130922 0.064617 0.030866
v -0.130144 0.065202 0.032241
v -0.130507 0.064548 0.033254
v -0.130736 0.063011 0.032281
v -0.130118 0.063942 0.031880
v -0.128254 0.060971 0.031900
v -0.130354 0.065195 0.037066
v -0.126705 0.057205 0.032260
v -0.129021 0.065405 0.037890
v -0.130305 0.064655 0.037639
v -0.104155 0.046080 0.037055
v -0.136274 0.049016 0.037450
v -0.134753 0.040690 0.037158
v -0.120661 0.074747 0.023525
v -0.119053 0.081687 0.017782
v -0.113837 0.074950 0.011407
v -0.121781 0.077773 0.023955
v -0.119362 0.069587 0.024283
v -0.111143 0.068850 0.011760
v -0.117598 0.068002 0.022689
v -0.113049 0.064680 0.018767
v -0.116606 0.062964 0.024640
v -0.114324 0.061409 0.023601
v -0.105373 0.080883 0.009334
v -0.102386 0.075453 0.008418
v -0.105362 0.077181 0.010776
v -0.103237 0.072438 0.010949
v -0.099418 0.069272 0.009270
v -0.107736 0.079332 0.013822
v -0.101058 0.068419 0.012040
v -0.107032 0.064280 0.010437
v -0.102871 0.057062 0.014461
v -0.108027 0.058648 0.018738
v -0.105439 0.064656 0.023324
v -0.101680 0.059298 0.025571
v -0.115762 0.082699 0.027712
v -0.113525 0.076567 0.026119
v -0.113570 0.071129 0.029617
v -0.116942 0.075080 0.032059
v -0.117894 0.082166 0.031391
v -0.117337 0.079865 0.033796
v -0.116130 0.059312 0.024994
v -0.116581 0.074135 0.035462
v -0.116337 0.072845 0.032031
v -0.116925 0.076348 0.037081
v -0.115650 0.070988 0.037289
v -0.116612 0.073272 0.037518
v -0.114079 0.068060 0.031964
v -0.112240 0.065693 0.031674
v -0.114251 0.068253 0.036853
v -0.112042 0.065480 0.036765
v -0.109405 0.068372 0.025286
v -0.107186 0.059866 0.031205
v -0.122694 0.057175 0.025491
v -0.124693 0.055791 0.026432
v -0.126202 0.055785 0.029824
v -0.125184 0.054772 0.027672
v -0.121976 0.050192 0.029268
v -0.109068 0.046431 0.025131
v -0.121155 0.050963 0.026447
v -0.119210 0.047410 0.027988
v -0.122244 0.050867 0.030247
v -0.115065 0.046349 0.025713
v -0.129718 0.032596 0.033040
v -0.116438 0.045819 0.026590
v -0.112314 0.057101 0.024693
v -0.109139 0.056024 0.023142
v -0.108125 0.053882 0.024220
v -0.103217 0.051582 0.022860
v -0.105518 0.049832 0.024946
v -0.118193 0.046464 0.030099
v -0.114311 0.043331 0.027511
v -0.114504 0.043144 0.029616
v -0.110925 0.041601 0.026401
v -0.110056 0.040002 0.028446
v -0.104030 0.038338 0.025985
v -0.094998 0.037739 0.025064
v -0.104946 0.037202 0.027655
v -0.126162 0.057554 0.031638
v -0.123666 0.053766 0.032118
v -0.123497 0.053876 0.031562
v -0.114257 0.066936 0.037759
v -0.109481 0.062330 0.037608
v -0.120369 0.050105 0.031446
v -0.120574 0.049942 0.032157
v -0.115333 0.045437 0.031461
v -0.115006 0.044710 0.032265
v -0.103857 0.057231 0.030466
v -0.099248 0.056238 0.027459
v -0.101030 0.049394 0.023863
v -0.108656 0.062314 0.033530
v -0.107341 0.060867 0.036045
v -0.107102 0.059975 0.037077
v -0.104828 0.056127 0.036907
v -0.104381 0.053342 0.037311
v -0.104703 0.056015 0.032193
v -0.104160 0.055595 0.031665
v -0.100682 0.053966 0.031210
v -0.103458 0.052382 0.031964
v -0.102633 0.049860 0.031763
v -0.100555 0.052174 0.031620
v -0.102941 0.048799 0.032058
v -0.102661 0.047510 0.034759
v -0.103371 0.052445 0.036169
v -0.102916 0.049066 0.036803
v -0.117783 0.028402 0.036606
v -0.106743 0.034795 0.036770
v -0.107615 0.038375 0.029861
v -0.107032 0.039197 0.031444
v -0.105408 0.038131 0.031371
v -0.108403 0.040384 0.031823
v -0.105783 0.038017 0.032164
v -0.102989 0.045375 0.032135
v -0.103143 0.043659 0.036686
v -0.080438 0.120668 0.002852
v -0.073205 0.120944 0.003301
v -0.073100 0.127752 0.016833
v -0.067164 0.118385 0.002575
v -0.069574 0.126595 0.015814
v -0.081669 0.115855 0.010104
v -0.078344 0.113800 0.008558
v -0.079408 0.117293 0.012212
v -0.075432 0.115777 0.010088
v -0.072695 0.113878 0.008921
v -0.068419 0.114404 0.010419
v -0.067000 0.120051 0.004561
v -0.062235 0.117157 0.003368
v -0.064590 0.116173 0.002166
v -0.062293 0.120056 0.008157
v -0.057520 0.113609 0.002979
v -0.055585 0.109890 0.002187
v -0.056469 0.116900 0.008801
v -0.051713 0.101403 0.001747
v -0.064815 0.109192 0.008347
v -0.066488 0.112519 0.009446
v -0.062204 0.109903 0.009342
v -0.057359 0.100490 0.007896
v -0.059404 0.092352 0.008169
v -0.049945 0.086612 0.001642
v -0.058170 0.072395 0.007967
v -0.052608 0.114079 0.009742
v -0.049899 0.102753 0.002122
v -0.052201 0.108518 0.003084
v -0.058760 0.105263 0.008499
v -0.054949 0.100450 0.008502
v -0.053417 0.092898 0.007899
v -0.048981 0.102971 0.002915
v -0.047588 0.105545 0.007250
v -0.047519 0.094070 0.001864
v -0.046294 0.096600 0.002997
v -0.045153 0.101571 0.008036
v -0.052435 0.094600 0.008618
v -0.052833 0.085110 0.008045
v -0.051046 0.087791 0.009143
v -0.050009 0.089939 0.010464
v -0.053405 0.079460 0.008333
v -0.046754 0.087555 0.001907
v -0.047856 0.080033 0.001806
v -0.045444 0.085084 0.002762
v -0.045461 0.090393 0.002795
v -0.051065 0.083491 0.009421
v -0.049504 0.086649 0.011267
v -0.037924 0.085111 0.016822
v -0.051306 0.072218 0.001728
v -0.061152 0.062748 0.001538
v -0.056309 0.065404 0.001840
v -0.050652 0.070407 0.002627
v -0.047610 0.076545 0.002650
v -0.043226 0.069141 0.015946
v -0.053356 0.065896 0.003549
v -0.049683 0.066640 0.008385
v -0.051830 0.077091 0.010623
v -0.047841 0.081601 0.015417
v -0.054838 0.074252 0.008939
v -0.054579 0.072152 0.010468
v -0.058067 0.069772 0.008840
v -0.038139 0.081044 0.017285
v -0.040261 0.073328 0.017538
v -0.098559 0.064197 0.001876
v -0.099575 0.062196 0.002921
v -0.092838 0.058575 0.002527
v -0.094825 0.058661 0.003429
v -0.086762 0.057565 0.001953
v -0.097182 0.070240 0.008134
v -0.095737 0.066561 0.008740
v -0.090724 0.065432 0.007910
v -0.089912 0.063755 0.008213
v -0.094996 0.052975 0.013394
v -0.096995 0.064773 0.011711
v -0.092813 0.063481 0.009672
v -0.093838 0.061233 0.013779
v -0.088619 0.061889 0.009200
v -0.088821 0.060260 0.011507
v -0.089483 0.051950 0.026901
v -0.078731 0.057901 0.001625
v -0.076429 0.061855 0.007980
v -0.085154 0.062091 0.008178
v -0.072519 0.061226 0.008622
v -0.070836 0.062707 0.008114
v -0.087461 0.056061 0.002915
v -0.088472 0.051068 0.012765
v -0.082339 0.054739 0.003587
v -0.080802 0.055940 0.002215
v -0.075861 0.054774 0.003086
v -0.084257 0.059514 0.010451
v -0.079911 0.060054 0.009144
v -0.080043 0.058203 0.011854
v -0.073457 0.059958 0.009712
v -0.074201 0.057738 0.013027
v -0.085057 0.048193 0.016610
v -0.076351 0.050289 0.011810
v -0.077821 0.047153 0.017582
v -0.095227 0.053777 0.027795
v -0.073858 0.051936 0.024675
v -0.079520 0.050515 0.026594
v -0.092984 0.044818 0.024344
v -0.094875 0.043826 0.024754
v -0.093983 0.046569 0.023214
v -0.087431 0.044784 0.023015
v -0.093824 0.050418 0.031099
v -0.102134 0.043735 0.031601
v -0.089842 0.047299 0.031473
v -0.088275 0.048639 0.030996
v -0.086345 0.049996 0.028620
v -0.103699 0.041358 0.032038
v -0.103523 0.038220 0.031416
v -0.103781 0.036478 0.030590
v -0.098348 0.035226 0.026397
v -0.097333 0.034018 0.027543
v -0.098840 0.034103 0.029875
v -0.104880 0.038591 0.032060
v -0.104446 0.039208 0.031895
v -0.106201 0.035501 0.032877
v -0.104069 0.039234 0.033253
v -0.104777 0.037415 0.036239
v -0.106652 0.034238 0.036058
v -0.097737 0.034237 0.030739
v -0.091892 0.034896 0.031347
v -0.091764 0.033670 0.025822
v -0.091453 0.032027 0.028813
v -0.103055 0.042761 0.035803
v -0.082176 0.042870 0.024202
v -0.080422 0.041258 0.024571
v -0.078756 0.043885 0.023206
v -0.082016 0.048220 0.030283
v -0.079112 0.046566 0.031216
v -0.076859 0.048962 0.029035
v -0.072667 0.043577 0.023927
v -0.074996 0.035958 0.024748
v -0.088013 0.031749 0.027037
v -0.089711 0.031763 0.029978
v -0.085119 0.031579 0.030671
v -0.084145 0.032675 0.025542
v -0.071846 0.033257 0.025318
v -0.082755 0.030667 0.029423
v -0.081719 0.031079 0.027004
v -0.077407 0.033171 0.031122
v -0.065485 0.057509 0.003045
v -0.070295 0.056058 0.002821
v -0.064004 0.059245 0.002069
v -0.060765 0.059739 0.003572
v -0.075046 0.056313 0.002012
v -0.068300 0.051157 0.012805
v -0.056010 0.063954 0.002722
v -0.068487 0.061762 0.009374
v -0.063344 0.065956 0.008322
v -0.064080 0.062085 0.011765
v -0.068670 0.059794 0.012054
v -0.058661 0.066123 0.011729
v -0.062000 0.065246 0.009557
v -0.060103 0.059377 0.020352
v -0.062198 0.054521 0.011017
v -0.065582 0.055831 0.021620
v -0.063230 0.047239 0.022324
v -0.058488 0.050977 0.019978
v -0.068775 0.053655 0.023565
v -0.053415 0.060563 0.010532
v -0.055854 0.059100 0.025422
v -0.049905 0.061773 0.013280
v -0.045035 0.064055 0.017981
v -0.048797 0.059633 0.017798
v -0.053809 0.054695 0.018891
v -0.056688 0.049453 0.023184
v -0.071002 0.045008 0.022449
v -0.064798 0.043264 0.024454
v -0.065086 0.044924 0.024088
v -0.059974 0.047041 0.023973
v -0.056588 0.039623 0.024647
v -0.064649 0.033993 0.025604
v -0.075210 0.031388 0.026419
v -0.075158 0.031060 0.030130
v -0.068406 0.033251 0.030790
v -0.074032 0.030797 0.029051
v -0.071190 0.031800 0.026573
v -0.066650 0.032018 0.028659
v -0.068288 0.031997 0.029979
v -0.063984 0.033065 0.027089
v -0.056080 0.037000 0.025536
v -0.056661 0.035745 0.026757
v -0.060856 0.033580 0.028912
v -0.173878 -0.031524 0.017469
v -0.174433 -0.032716 0.016609
v -0.175092 -0.032811 0.017633
v -0.167649 -0.030491 0.016850
v -0.171297 -0.044493 0.015694
v -0.173343 -0.039490 0.016561
v -0.175238 -0.033225 0.019778
v -0.172865 -0.042012 0.020065
v -0.174714 -0.031885 0.019906
v -0.169123 -0.030377 0.020118
v -0.174155 -0.032443 0.020653
v -0.174139 -0.035662 0.020614
v -0.166119 -0.036851 0.020533
v -0.170599 -0.047127 0.020407
v -0.167809 -0.029980 0.017272
v -0.167450 -0.030129 0.019892
v -0.166636 -0.030578 0.018187
v -0.166518 -0.036579 0.016279
v -0.165938 -0.034679 0.016627
v -0.166022 -0.033574 0.017134
v -0.165078 -0.034518 0.017092
v -0.164929 -0.034114 0.017994
v -0.165823 -0.033395 0.018496
v -0.165192 -0.034267 0.019319
v -0.167960 -0.031025 0.020605
v -0.166672 -0.032080 0.020140
v -0.166174 -0.034003 0.020310
v -0.163347 -0.028629 0.018429
v -0.163436 -0.029746 0.017377
v -0.163784 -0.030302 0.019566
v -0.163535 -0.029776 0.020256
v -0.162248 -0.028592 0.020282
v -0.162497 -0.029421 0.020660
v -0.162636 -0.031262 0.020625
v -0.162816 -0.033674 0.020141
v -0.165063 -0.034972 0.020367
v -0.171044 -0.047428 0.016110
v -0.169593 -0.053078 0.019888
v -0.161514 -0.028527 0.017179
v -0.162919 -0.030302 0.016915
v -0.158180 -0.027534 0.017610
v -0.158586 -0.029675 0.016893
v -0.158530 -0.028208 0.017170
v -0.159960 -0.027857 0.019712
v -0.157157 -0.030526 0.017298
v -0.156734 -0.030747 0.018767
v -0.152948 -0.032112 0.016586
v -0.154516 -0.031591 0.017085
v -0.153525 -0.030618 0.017094
v -0.154035 -0.030668 0.018867
v -0.154208 -0.026963 0.017667
v -0.153340 -0.027106 0.017073
v -0.146580 -0.027912 0.016846
v -0.160880 -0.032140 0.016660
v -0.162812 -0.032771 0.016988
v -0.163130 -0.035371 0.016396
v -0.162746 -0.033986 0.016699
v -0.163767 -0.033762 0.018354
v -0.163345 -0.033145 0.019445
v -0.154710 -0.049126 0.015251
v -0.162504 -0.034715 0.020513
v -0.156993 -0.033366 0.020525
v -0.156561 -0.031983 0.016798
v -0.155909 -0.031482 0.018997
v -0.144618 -0.034165 0.016306
v -0.141927 -0.032945 0.010027
v -0.143771 -0.036005 0.008064
v -0.145665 -0.037699 0.009568
v -0.143334 -0.034669 0.012570
v -0.137104 -0.029703 0.007510
v -0.144192 -0.038534 0.007151
v -0.137294 -0.028451 0.009073
v -0.138556 -0.029751 0.012419
v -0.140189 -0.032248 0.013234
v -0.143167 -0.035167 0.013135
v -0.125680 -0.044069 0.013622
v -0.134234 -0.028660 0.013566
v -0.143563 -0.037682 0.013671
v -0.149139 -0.043445 0.008591
v -0.149887 -0.043947 0.010486
v -0.150104 -0.046416 0.007794
v -0.152887 -0.054085 0.007261
v -0.152733 -0.050442 0.008348
v -0.153895 -0.051802 0.010831
v -0.150101 -0.044943 0.012214
v -0.153431 -0.051149 0.011977
v -0.148397 -0.048272 0.006859
v -0.146466 -0.038667 0.012571
v -0.147798 -0.041078 0.012148
v -0.145493 -0.038481 0.013785
v -0.148378 -0.045970 0.015433
v -0.143676 -0.039768 0.015661
v -0.145906 -0.042842 0.014574
v -0.146196 -0.041655 0.013553
v -0.146777 -0.044506 0.014818
v -0.148972 -0.046980 0.014033
v -0.148993 -0.047803 0.014826
v -0.144764 -0.042263 0.014159
v -0.144305 -0.040334 0.014242
v -0.143794 -0.040489 0.014170
v -0.144314 -0.041143 0.015124
v -0.143801 -0.040820 0.015105
v -0.141667 -0.044125 0.013851
v -0.143152 -0.042251 0.014466
v -0.143096 -0.039089 0.016321
v -0.140689 -0.048477 0.017037
v -0.139604 -0.048600 0.013690
v -0.140736 -0.049817 0.014118
v -0.145466 -0.042855 0.015279
v -0.142252 -0.044831 0.014261
v -0.140875 -0.050266 0.014806
v -0.141217 -0.046410 0.018999
v -0.140209 -0.051103 0.018469
v -0.165241 -0.061687 0.014895
v -0.167214 -0.059274 0.015539
v -0.166082 -0.059972 0.014547
v -0.162451 -0.063985 0.014940
v -0.155596 -0.057004 0.009234
v -0.156505 -0.061893 0.007994
v -0.156968 -0.071018 0.007110
v -0.157623 -0.063688 0.009303
v -0.156467 -0.059282 0.011808
v -0.142260 -0.048691 0.006679
v -0.147967 -0.065309 0.006578
v -0.155168 -0.072418 0.006801
v -0.158338 -0.077568 0.007797
v -0.157956 -0.070082 0.007842
v -0.158953 -0.074097 0.008995
v -0.159780 -0.066327 0.014741
v -0.157846 -0.066662 0.014086
v -0.158093 -0.065777 0.011772
v -0.155853 -0.060999 0.013844
v -0.157086 -0.065344 0.013501
v -0.158886 -0.070953 0.010453
v -0.157536 -0.068293 0.014102
v -0.157511 -0.068805 0.013861
v -0.158717 -0.071423 0.012866
v -0.158944 -0.074323 0.012982
v -0.158079 -0.072172 0.013583
v -0.156396 -0.071768 0.013854
v -0.155242 -0.073788 0.014183
v -0.154238 -0.079571 0.013954
v -0.168868 -0.054541 0.015406
v -0.165862 -0.059976 0.020175
v -0.152834 -0.052486 0.020205
v -0.167193 -0.059343 0.019802
v -0.163342 -0.063278 0.019648
v -0.165603 -0.061381 0.018966
v -0.160468 -0.065513 0.019573
v -0.151447 -0.051824 0.014221
v -0.153478 -0.055474 0.014099
v -0.153636 -0.055658 0.014478
v -0.156701 -0.062004 0.014238
v -0.144950 -0.064631 0.019957
v -0.140983 -0.050542 0.020094
v -0.158442 -0.066230 0.020098
v -0.157710 -0.068220 0.019168
v -0.157265 -0.068997 0.015283
v -0.155998 -0.070417 0.019458
v -0.154170 -0.071512 0.019953
v -0.154880 -0.074090 0.016508
v -0.154570 -0.073523 0.018930
v -0.144065 -0.072477 0.019895
v -0.134461 0.038331 0.033475
v -0.133421 0.036498 0.036564
v -0.131181 0.033626 0.033527
v -0.130687 0.033013 0.036419
v -0.129773 0.033190 0.036879
v -0.127868 0.030567 0.033602
v -0.118808 0.028573 0.032910
v -0.127429 0.030336 0.036418
v -0.124662 0.028885 0.033402
v -0.124610 0.028704 0.035923
v -0.121191 0.027925 0.033422
v -0.121328 0.027843 0.036002
v -0.118061 0.027814 0.033583
v -0.119062 0.027750 0.036298
v -0.113526 0.028912 0.033231
v -0.124331 0.029208 0.036683
v -0.115372 0.028202 0.036269
v -0.112343 0.029940 0.036631
v -0.110344 0.030479 0.035853
v -0.112913 0.029059 0.036014
v -0.108542 0.032421 0.033044
v -0.108937 0.031733 0.036219
v -0.158928 -0.028304 0.020651
v -0.158074 -0.027804 0.020064
v -0.147180 -0.025037 0.017712
v -0.149023 -0.024906 0.017651
v -0.146975 -0.024827 0.019333
v -0.148708 -0.024803 0.020013
v -0.152888 -0.025928 0.017631
v -0.154523 -0.026498 0.020127
v -0.154379 -0.028334 0.019578
v -0.153865 -0.030699 0.019888
v -0.152849 -0.031359 0.020469
v -0.153155 -0.026851 0.020513
v -0.150488 -0.025827 0.020465
v -0.144889 -0.034629 0.020317
v -0.147215 -0.025782 0.020382
v -0.156828 -0.031715 0.020117
v -0.155420 -0.031956 0.020093
v -0.145534 -0.029456 0.017339
v -0.144041 -0.035063 0.016769
v -0.145594 -0.029572 0.019928
v -0.133146 -0.024938 0.011848
v -0.134734 -0.026939 0.013059
v -0.143021 -0.039853 0.019667
v -0.142216 -0.045154 0.020138
v -0.158716 -0.084930 0.009264
v -0.159325 -0.080208 0.012378
v -0.157583 -0.084738 0.007407
v -0.154996 -0.090731 0.006681
v -0.157384 -0.089728 0.007757
v -0.158838 -0.085675 0.012909
v -0.157403 -0.092705 0.009144
v -0.158166 -0.090570 0.012967
v -0.157144 -0.095123 0.012871
v -0.158355 -0.079582 0.013611
v -0.152860 -0.083494 0.016468
v -0.156503 -0.092876 0.013725
v -0.153230 -0.086371 0.013873
v -0.151985 -0.083709 0.019204
v -0.151534 -0.081587 0.019890
v -0.133258 -0.029369 0.006697
v -0.126133 -0.022151 0.007014
v -0.119624 -0.020381 0.006533
v -0.110622 -0.029348 0.001947
v -0.113353 -0.031682 0.001551
v -0.115821 -0.031368 0.002289
v -0.113152 -0.028211 0.005247
v -0.137515 -0.051813 0.002480
v -0.139620 -0.057631 0.001992
v -0.140811 -0.058361 0.002672
v -0.134073 -0.047995 0.001876
v -0.130078 -0.045870 0.001616
v -0.141113 -0.065106 0.001671
v -0.132937 -0.040723 0.006149
v -0.130617 -0.040552 0.004719
v -0.136506 -0.047185 0.005059
v -0.126389 -0.039263 0.001816
v -0.133192 -0.045357 0.002588
v -0.125244 -0.037101 0.002560
v -0.127843 -0.022074 0.007886
v -0.126127 -0.030940 0.006509
v -0.119487 -0.029486 0.006147
v -0.126429 -0.034641 0.006106
v -0.125387 -0.035957 0.004620
v -0.139312 -0.049237 0.006101
v -0.142355 -0.054251 0.006188
v -0.140491 -0.053929 0.005109
v -0.139665 -0.053413 0.013712
v -0.136693 -0.057375 0.013655
v -0.130105 -0.052501 0.012015
v -0.130661 -0.054403 0.009200
v -0.128098 -0.050914 0.008912
v -0.132471 -0.056039 0.012286
v -0.127610 -0.048638 0.012942
v -0.126147 -0.047801 0.011860
v -0.130704 -0.052129 0.013083
v -0.132923 -0.054653 0.013350
v -0.120112 -0.034086 0.001947
v -0.119498 -0.031594 0.005024
v -0.115272 -0.045760 0.006568
v -0.108931 -0.040376 0.006866
v -0.117307 -0.043336 0.007367
v -0.124801 -0.047039 0.009501
v -0.122793 -0.045915 0.008307
v -0.121603 -0.043370 0.012156
v -0.122895 -0.048096 0.007195
v -0.127207 -0.053271 0.007071
v -0.128524 -0.052880 0.007729
v -0.129598 -0.061439 0.006517
v -0.101023 -0.049032 0.006339
v -0.127332 -0.076154 0.006213
v -0.143394 -0.061388 0.004868
v -0.145371 -0.063692 0.005989
v -0.145098 -0.068513 0.004844
v -0.143432 -0.067925 0.002283
v -0.144384 -0.076288 0.002178
v -0.142876 -0.081632 0.001649
v -0.145727 -0.075179 0.004533
v -0.145947 -0.082371 0.004826
v -0.144195 -0.084590 0.002365
v -0.146988 -0.074241 0.005824
v -0.147223 -0.084880 0.005946
v -0.149407 -0.082571 0.006399
v -0.136100 -0.080690 0.007331
v -0.134828 -0.069093 0.007131
v -0.137240 -0.078399 0.007996
v -0.132870 -0.079861 0.006491
v -0.137909 -0.078713 0.009458
v -0.137298 -0.084558 0.009127
v -0.138192 -0.080905 0.011842
v -0.102407 -0.086372 0.001574
v -0.142925 -0.061044 0.014203
v -0.143991 -0.066206 0.014120
v -0.143070 -0.064811 0.013778
v -0.133527 -0.059455 0.009286
v -0.133756 -0.061871 0.007804
v -0.134984 -0.061035 0.012358
v -0.136107 -0.066143 0.009069
v -0.136329 -0.069506 0.008124
v -0.138988 -0.071399 0.013382
v -0.136830 -0.066306 0.012313
v -0.136724 -0.062982 0.013335
v -0.140586 -0.053830 0.014524
v -0.141513 -0.057090 0.014248
v -0.140980 -0.056387 0.015897
v -0.140392 -0.054782 0.019122
v -0.143476 -0.063670 0.018839
v -0.142169 -0.059593 0.019212
v -0.140780 -0.054414 0.019861
v -0.144040 -0.064722 0.019520
v -0.142406 -0.072928 0.013840
v -0.143363 -0.071122 0.014247
v -0.143789 -0.067839 0.018370
v -0.142943 -0.072237 0.018122
v -0.137447 -0.072407 0.009340
v -0.138220 -0.072004 0.012619
v -0.138015 -0.073168 0.011808
v -0.141044 -0.078518 0.014145
v -0.139794 -0.076692 0.013481
v -0.138760 -0.079345 0.012762
v -0.139236 -0.083798 0.018503
v -0.143850 -0.070027 0.019532
v -0.142246 -0.075642 0.019552
v -0.141766 -0.079910 0.019844
v -0.132310 -0.061562 0.007112
v -0.102263 -0.079280 0.006492
v -0.091204 -0.027786 0.001383
v -0.103847 -0.107816 0.005947
v -0.068270 -0.068965 0.001085
v -0.075095 -0.048650 0.005955
v -0.067369 -0.099802 0.005520
v -0.074266 -0.124543 0.000982
v -0.050326 -0.105644 0.000886
v -0.128148 -0.021471 0.009364
v -0.127350 -0.020923 0.012644
v -0.128240 -0.023094 0.013547
v -0.123200 -0.019624 0.013491
v -0.121023 -0.017912 0.008006
v -0.119340 -0.016650 0.009893
v -0.113333 -0.014882 0.007874
v -0.115246 -0.016744 0.006865
v -0.121968 -0.018064 0.012864
v -0.117829 -0.016298 0.012705
v -0.113073 -0.014801 0.012978
v -0.107989 -0.033052 0.013567
v -0.117168 -0.037736 0.013642
v -0.111675 -0.014022 0.008859
v -0.111566 -0.013831 0.011375
v -0.104084 -0.012112 0.009737
v -0.106945 -0.012828 0.012661
v -0.104920 -0.012703 0.008000
v -0.104047 -0.013643 0.006885
v -0.103275 -0.015438 0.006372
v -0.099145 -0.012158 0.007804
v -0.109031 -0.025444 0.005959
v -0.102450 -0.020950 0.006281
v -0.102442 -0.023770 0.005797
v -0.106027 -0.025998 0.004639
v -0.104415 -0.027450 0.002015
v -0.108508 -0.014323 0.013379
v -0.099260 -0.011561 0.011873
v -0.101283 -0.012275 0.013054
v -0.091713 -0.012679 0.013353
v -0.091390 -0.013168 0.006596
v -0.087176 -0.012074 0.007455
v -0.075239 -0.016705 0.006155
v -0.096462 -0.024551 0.004674
v -0.096838 -0.026646 0.001765
v -0.091539 -0.026105 0.002146
v -0.095763 -0.022913 0.005959
v -0.085504 -0.022572 0.006009
v -0.090051 -0.024217 0.005010
v -0.093811 -0.035170 0.007688
v -0.094673 -0.034277 0.008885
v -0.099252 -0.034731 0.008844
v -0.092080 -0.033525 0.011665
v -0.100574 -0.034183 0.011748
v -0.070999 -0.023248 0.006112
v -0.083366 -0.025003 0.004975
v -0.084737 -0.026786 0.002080
v -0.097709 -0.036590 0.007080
v -0.090109 -0.037092 0.006766
v -0.085494 -0.036178 0.007408
v -0.086027 -0.034875 0.008549
v -0.085188 -0.034081 0.012198
v -0.079426 -0.028149 0.001875
v -0.079095 -0.026368 0.004395
v -0.080975 -0.036120 0.008472
v -0.075792 -0.040965 0.006493
v -0.076705 -0.038851 0.007161
v -0.094066 -0.011337 0.009244
v -0.090874 -0.011240 0.012151
v -0.095660 -0.011728 0.012982
v -0.086501 -0.011663 0.008870
v -0.089337 -0.011810 0.012962
v -0.083782 -0.011924 0.012445
v -0.098068 -0.031567 0.013421
v -0.087793 -0.032126 0.013323
v -0.092126 -0.032988 0.012761
v -0.098303 -0.033046 0.013050
v -0.077564 -0.014562 0.006675
v -0.078895 -0.013046 0.007846
v -0.079829 -0.012461 0.011678
v -0.077547 -0.024861 0.005784
v -0.078765 -0.013146 0.012748
v -0.067945 -0.018305 0.013147
v -0.073298 -0.014273 0.008988
v -0.074393 -0.013878 0.011728
v -0.069831 -0.015809 0.012599
v -0.067161 -0.016345 0.011701
v -0.077837 -0.033220 0.013215
v -0.079518 -0.035589 0.011658
v -0.077216 -0.035400 0.012804
v -0.116456 -0.040877 0.009035
v -0.117222 -0.040383 0.012078
v -0.117578 -0.039860 0.012997
v -0.122838 -0.043369 0.013197
v -0.111136 -0.039243 0.007854
v -0.112467 -0.038684 0.009204
v -0.112104 -0.037719 0.011999
v -0.112278 -0.036969 0.013130
v -0.106601 -0.036227 0.009132
v -0.104629 -0.034203 0.013212
v -0.105893 -0.037052 0.007864
v -0.106259 -0.035509 0.011991
v -0.092586 -0.038842 0.006461
v -0.073162 -0.031694 0.001224
v -0.073236 -0.029774 0.002192
v -0.072755 -0.028051 0.004859
v -0.075792 -0.037838 0.008531
v -0.067262 -0.033274 0.001678
v -0.071681 -0.040995 0.007275
v -0.059569 -0.040436 0.001153
v -0.063093 -0.035468 0.002138
v -0.058715 -0.039066 0.001971
v -0.055013 -0.043876 0.001404
v -0.064146 -0.019437 0.006584
v -0.070002 -0.015816 0.007588
v -0.070007 -0.026804 0.005880
v -0.067517 -0.030371 0.004897
v -0.056263 -0.026154 0.006055
v -0.058658 -0.034539 0.005529
v -0.063865 -0.018475 0.007611
v -0.066158 -0.016805 0.009462
v -0.061950 -0.018821 0.009621
v -0.061260 -0.019458 0.012234
v -0.056754 -0.022561 0.007467
v -0.055532 -0.022599 0.011564
v -0.074167 -0.037816 0.011350
v -0.071562 -0.039837 0.008789
v -0.066809 -0.042997 0.008335
v -0.068778 -0.040925 0.010773
v -0.070109 -0.039416 0.012358
v -0.065379 -0.042542 0.012285
v -0.066414 -0.039607 0.013108
v -0.052994 -0.027236 0.006249
v -0.055897 -0.022677 0.008915
v -0.050725 -0.026921 0.007510
v -0.049683 -0.027073 0.009500
v -0.046773 -0.031737 0.006466
v -0.060835 -0.034984 0.004441
v -0.053971 -0.040602 0.004700
v -0.050148 -0.040306 0.005825
v -0.050139 -0.043643 0.005266
v -0.052587 -0.045363 0.001894
v -0.047149 -0.032138 0.013063
v -0.048838 -0.045655 0.013037
v -0.056675 -0.048207 0.012963
v -0.049740 -0.051140 0.001334
v -0.045523 -0.031403 0.007626
v -0.041743 -0.036632 0.006751
v -0.044319 -0.032161 0.009909
v -0.041013 -0.036513 0.007969
v -0.047895 -0.048387 0.004380
v -0.047679 -0.051867 0.002311
v -0.043137 -0.052316 0.005566
v -0.046327 -0.037261 0.013311
v -0.047451 -0.049259 0.013369
v -0.040901 -0.040576 0.005850
v -0.039021 -0.038579 0.010674
v -0.036124 -0.043238 0.007975
v -0.035881 -0.045393 0.006687
v -0.033013 -0.052834 0.006045
v -0.032154 -0.051393 0.007260
v -0.034100 -0.046527 0.008948
v -0.031011 -0.053097 0.009043
v -0.031503 -0.051971 0.010894
v -0.057307 -0.022579 0.012657
v -0.050048 -0.026737 0.011979
v -0.048038 -0.028449 0.011742
v -0.041800 -0.019527 0.015277
v -0.039379 -0.017080 0.014273
v -0.038659 -0.017292 0.013519
v -0.041212 -0.018771 0.017983
v -0.038042 -0.016169 0.019106
v -0.033753 -0.014179 0.018787
v -0.036187 -0.015060 0.013763
v -0.028825 -0.013711 0.013718
v -0.031503 -0.014481 0.013349
v -0.032320 -0.013835 0.014093
v -0.026553 -0.014420 0.013227
v -0.022374 -0.016965 0.013131
v -0.023406 -0.032938 0.013106
v -0.034064 -0.014869 0.019468
v -0.038225 -0.017050 0.019504
v -0.025723 -0.013957 0.018584
v -0.029620 -0.013657 0.018951
v -0.022893 -0.015015 0.019213
v -0.023326 -0.033356 0.019147
v -0.024592 -0.014192 0.013734
v -0.022765 -0.014863 0.013554
v -0.021898 -0.016023 0.013822
v -0.022326 -0.014778 0.018687
v -0.021768 -0.020340 0.013606
v -0.021540 -0.017063 0.018510
v -0.022308 -0.027914 0.018607
v -0.021849 -0.019067 0.019069
v -0.045364 -0.031357 0.012377
v -0.045924 -0.032441 0.013194
v -0.044016 -0.032691 0.012102
v -0.045160 -0.032500 0.013303
v -0.045189 -0.032397 0.013715
v -0.045422 -0.032257 0.013463
v -0.045885 -0.032520 0.013874
v -0.045473 -0.031871 0.013735
v -0.045793 -0.031184 0.015154
v -0.045439 -0.030397 0.015706
v -0.044321 -0.031524 0.014814
v -0.045452 -0.029368 0.017329
v -0.044448 -0.032367 0.014458
v -0.043220 -0.033164 0.014137
v -0.041187 -0.033636 0.013334
v -0.040153 -0.026560 0.013355
v -0.044387 -0.024567 0.015880
v -0.025526 -0.053785 0.012993
v -0.043153 -0.021653 0.017250
v -0.044949 -0.026123 0.016799
v -0.043020 -0.022480 0.018018
v -0.040344 -0.018761 0.019084
v -0.046134 -0.044856 0.018299
v -0.043638 -0.043356 0.019218
v -0.045527 -0.033172 0.013498
v -0.045792 -0.032739 0.013435
v -0.044984 -0.034011 0.013156
v -0.042631 -0.034722 0.012592
v -0.044245 -0.035643 0.013152
v -0.042665 -0.035086 0.013018
v -0.043881 -0.036169 0.013710
v -0.044217 -0.037511 0.013461
v -0.046491 -0.035744 0.014708
v -0.046173 -0.035727 0.014233
v -0.046922 -0.039109 0.014755
v -0.044777 -0.039353 0.014164
v -0.044549 -0.036150 0.014410
v -0.045409 -0.042780 0.013196
v -0.044879 -0.042432 0.013639
v -0.045469 -0.033299 0.014064
v -0.045840 -0.033064 0.013896
v -0.046115 -0.034211 0.014542
v -0.046154 -0.033178 0.016828
v -0.047611 -0.045352 0.017116
v -0.042485 -0.034660 0.013346
v -0.045592 -0.045307 0.014030
v -0.046595 -0.042228 0.014059
v -0.047231 -0.041633 0.014800
v -0.047625 -0.045431 0.014200
v -0.045585 -0.045518 0.013304
v -0.041784 -0.035830 0.012305
v -0.041913 -0.036102 0.012984
v -0.040062 -0.038904 0.012533
v -0.036965 -0.042386 0.013031
v -0.037590 -0.042175 0.012526
v -0.042133 -0.035191 0.013157
v -0.045425 -0.046950 0.013764
v -0.045714 -0.048211 0.013448
v -0.023690 -0.040815 0.013458
v -0.024451 -0.051216 0.018567
v -0.035016 -0.044884 0.010901
v -0.034807 -0.046653 0.012713
v -0.032465 -0.051296 0.012663
v -0.031324 -0.050962 0.013074
v -0.065890 -0.049124 0.006120
v -0.061380 -0.051354 0.006484
v -0.059112 -0.059747 0.005854
v -0.065268 -0.046280 0.006845
v -0.062878 -0.046176 0.008562
v -0.062792 -0.047038 0.007665
v -0.061985 -0.045843 0.011630
v -0.058102 -0.052884 0.007335
v -0.059082 -0.050295 0.008454
v -0.056522 -0.056766 0.006687
v -0.056866 -0.051834 0.011575
v -0.055277 -0.055662 0.008236
v -0.058537 -0.048344 0.012478
v -0.053335 -0.055616 0.012484
v -0.045991 -0.059929 0.001087
v -0.053891 -0.077753 0.005758
v -0.053227 -0.066458 0.006290
v -0.042393 -0.076811 0.001070
v -0.051554 -0.076441 0.006162
v -0.050597 -0.069861 0.007093
v -0.044755 -0.059166 0.001653
v -0.041985 -0.068390 0.001682
v -0.049276 -0.080035 0.007474
v -0.039347 -0.073827 0.004012
v -0.041081 -0.063312 0.004310
v -0.040857 -0.076450 0.001871
v -0.043086 -0.085996 0.001025
v -0.041191 -0.084142 0.001715
v -0.039227 -0.081397 0.004046
v -0.052816 -0.062133 0.007284
v -0.052200 -0.061251 0.008875
v -0.053763 -0.056635 0.011546
v -0.051383 -0.061445 0.011789
v -0.044458 -0.054266 0.004535
v -0.048198 -0.059491 0.013144
v -0.047849 -0.047843 0.014478
v -0.046074 -0.049564 0.013958
v -0.050589 -0.059446 0.012869
v -0.046492 -0.053577 0.013198
v -0.046963 -0.049853 0.013889
v -0.045962 -0.050510 0.013416
v -0.048407 -0.053646 0.014584
v -0.047823 -0.052866 0.014140
v -0.046560 -0.054585 0.013844
v -0.048912 -0.062940 0.013208
v -0.046892 -0.058332 0.013323
v -0.047498 -0.062161 0.013455
v -0.047467 -0.061648 0.013934
v -0.048813 -0.058380 0.014244
v -0.049076 -0.059330 0.017287
v -0.049652 -0.064736 0.016902
v -0.048986 -0.063427 0.014184
v -0.050117 -0.067703 0.008386
v -0.049665 -0.066862 0.011802
v -0.047436 -0.070556 0.013093
v -0.049955 -0.068469 0.016353
v -0.047859 -0.065283 0.013313
v -0.048034 -0.065125 0.013864
v -0.047621 -0.068094 0.013854
v -0.049541 -0.072272 0.018051
v -0.049886 -0.071803 0.015743
v -0.049983 -0.071685 0.017167
v -0.047981 -0.073795 0.014388
v -0.049351 -0.073282 0.016169
v -0.039011 -0.065733 0.005131
v -0.038089 -0.062475 0.005561
v -0.029766 -0.066323 0.005797
v -0.034945 -0.083494 0.005523
v -0.029681 -0.059774 0.006682
v -0.028833 -0.059747 0.008693
v -0.028972 -0.058757 0.010793
v -0.048865 -0.075373 0.008566
v -0.048172 -0.074924 0.011819
v -0.047538 -0.073952 0.012985
v -0.046377 -0.075611 0.013548
v -0.037428 -0.077580 0.005221
v -0.046926 -0.075427 0.015617
v -0.059608 -0.100461 0.005672
v -0.052486 -0.086713 0.006046
v -0.050648 -0.086184 0.006721
v -0.048803 -0.080762 0.008419
v -0.049474 -0.086823 0.008289
v -0.051902 -0.092410 0.006870
v -0.050738 -0.091781 0.007922
v -0.048965 -0.088096 0.011481
v -0.056080 -0.097611 0.006037
v -0.058099 -0.103232 0.006484
v -0.053673 -0.097552 0.007043
v -0.055070 -0.101566 0.007935
v -0.058889 -0.106000 0.007224
v -0.045289 -0.098570 0.001277
v -0.052341 -0.096603 0.008703
v -0.050806 -0.093946 0.011013
v -0.048956 -0.090725 0.012244
v -0.052370 -0.098098 0.011428
v -0.051258 -0.098667 0.012475
v -0.055509 -0.103606 0.011204
v -0.056444 -0.105968 0.012064
v -0.046960 -0.075242 0.017938
v -0.048038 -0.078535 0.011526
v -0.048266 -0.083116 0.011430
v -0.046969 -0.081891 0.012530
v -0.046725 -0.076254 0.012849
v -0.042627 -0.078800 0.013156
v -0.045463 -0.084524 0.012879
v -0.040780 -0.080751 0.013359
v -0.040375 -0.083281 0.012954
v -0.042857 -0.099764 0.012838
v -0.039809 -0.083289 0.013422
v -0.040001 -0.087067 0.013303
v -0.043706 -0.108339 0.013214
v -0.042901 -0.077749 0.018517
v -0.042732 -0.078461 0.015149
v -0.046562 -0.074511 0.019032
v -0.042122 -0.077659 0.019022
v -0.039934 -0.078372 0.019027
v -0.040780 -0.080459 0.017893
v -0.039605 -0.083116 0.017822
v -0.040014 -0.081051 0.018595
v -0.038896 -0.084989 0.018727
v -0.037893 -0.086047 0.019013
v -0.039486 -0.085497 0.017778
v -0.040507 -0.091575 0.018446
v -0.041092 -0.100425 0.018945
v -0.051754 -0.102006 0.012797
v -0.043180 -0.107103 0.018176
v -0.030222 -0.056599 0.012534
v -0.028674 -0.059563 0.012898
v -0.026472 -0.066155 0.019006
v -0.149066 -0.111809 0.007314
v -0.153338 -0.102473 0.007191
v -0.149654 -0.106603 0.006472
v -0.152574 -0.106118 0.008121
v -0.143671 -0.118525 0.006730
v -0.137350 -0.123614 0.006223
v -0.147010 -0.116075 0.008198
v -0.140338 -0.123756 0.007292
v -0.134291 -0.129100 0.007000
v -0.138071 -0.126699 0.008323
v -0.126220 -0.132884 0.005939
v -0.144881 -0.090746 0.005071
v -0.146259 -0.099108 0.006364
v -0.144988 -0.094828 0.005946
v -0.149471 -0.101239 0.013900
v -0.151409 -0.091895 0.014077
v -0.150597 -0.093885 0.016281
v -0.150881 -0.088361 0.018789
v -0.155517 -0.099194 0.008568
v -0.155206 -0.100873 0.013157
v -0.153497 -0.104951 0.009542
v -0.153710 -0.103725 0.013402
v -0.153095 -0.106153 0.012617
v -0.150216 -0.109866 0.013694
v -0.147379 -0.109203 0.013869
v -0.147721 -0.106058 0.016057
v -0.147919 -0.100543 0.019326
v -0.147348 -0.107460 0.014406
v -0.146441 -0.109950 0.017214
v -0.146755 -0.107182 0.018974
v -0.145649 -0.107487 0.019847
v -0.140793 -0.092306 0.001685
v -0.142299 -0.092690 0.002208
v -0.141907 -0.098717 0.004732
v -0.138572 -0.102279 0.002238
v -0.134909 -0.105722 0.001627
v -0.137411 -0.086939 0.011873
v -0.135813 -0.089065 0.008096
v -0.132640 -0.091405 0.006711
v -0.136260 -0.090015 0.009309
v -0.136019 -0.092662 0.011861
v -0.137413 -0.090860 0.013476
v -0.133667 -0.093149 0.007378
v -0.134492 -0.094715 0.008643
v -0.131645 -0.100716 0.008877
v -0.131615 -0.099100 0.007851
v -0.133500 -0.098877 0.012089
v -0.133870 -0.101210 0.013838
v -0.142302 -0.102280 0.005958
v -0.138776 -0.106042 0.005026
v -0.136018 -0.113656 0.005994
v -0.133141 -0.110918 0.002385
v -0.132321 -0.102098 0.012897
v -0.130024 -0.104535 0.011935
v -0.149359 -0.090819 0.019839
v -0.143834 -0.095458 0.019834
v -0.139244 -0.084540 0.013791
v -0.138485 -0.088705 0.019781
v -0.140081 -0.081733 0.019320
v -0.148457 -0.096078 0.019787
v -0.136431 -0.092482 0.017870
v -0.135838 -0.095094 0.019327
v -0.133497 -0.103927 0.019792
v -0.132375 -0.104959 0.018487
v -0.151023 -0.109956 0.009208
v -0.149661 -0.112678 0.012436
v -0.148263 -0.114892 0.010877
v -0.146716 -0.116453 0.012875
v -0.147810 -0.113233 0.013552
v -0.146091 -0.112961 0.014236
v -0.143918 -0.120593 0.009442
v -0.145583 -0.118597 0.012067
v -0.144647 -0.118246 0.014059
v -0.141205 -0.114361 0.006245
v -0.139023 -0.125887 0.011585
v -0.143696 -0.120099 0.013385
v -0.141799 -0.122406 0.012959
v -0.141112 -0.123397 0.013543
v -0.143405 -0.122865 0.013892
v -0.145249 -0.114189 0.019467
v -0.143349 -0.124551 0.019383
v -0.142758 -0.125132 0.019922
v -0.129693 -0.115816 0.019902
v -0.142386 -0.129014 0.014291
v -0.141546 -0.130380 0.013754
v -0.138310 -0.126840 0.013695
v -0.122130 -0.105332 0.006342
v -0.129730 -0.099772 0.007063
v -0.133604 -0.113265 0.005000
v -0.119345 -0.121097 0.001512
v -0.126319 -0.117697 0.002009
v -0.127166 -0.105475 0.007684
v -0.125177 -0.105454 0.006875
v -0.127660 -0.106561 0.008886
v -0.131745 -0.106899 0.013856
v -0.128912 -0.107149 0.012985
v -0.130222 -0.111598 0.014114
v -0.130429 -0.109918 0.013783
v -0.126341 -0.109054 0.012031
v -0.126561 -0.111703 0.013470
v -0.129327 -0.114203 0.013847
v -0.122218 -0.110694 0.007622
v -0.122207 -0.112155 0.008825
v -0.116685 -0.113711 0.006922
v -0.122023 -0.113248 0.012113
v -0.123356 -0.113558 0.013226
v -0.118282 -0.115413 0.009330
v -0.108162 -0.126771 0.001355
v -0.115471 -0.116076 0.007782
v -0.117852 -0.116401 0.012296
v -0.105712 -0.116509 0.006252
v -0.107957 -0.119231 0.007301
v -0.112152 -0.118752 0.009006
v -0.130687 -0.110902 0.019520
v -0.127083 -0.119984 0.004833
v -0.127834 -0.121970 0.005798
v -0.112090 -0.132454 0.005518
v -0.127105 -0.118613 0.013611
v -0.115384 -0.121327 0.013383
v -0.126229 -0.123152 0.013900
v -0.126569 -0.122058 0.019230
v -0.121312 -0.130762 0.013440
v -0.132608 -0.131622 0.011331
v -0.132713 -0.131460 0.008666
v -0.137068 -0.127066 0.013299
v -0.132657 -0.130788 0.013304
v -0.140575 -0.136978 0.014370
v -0.139359 -0.139063 0.013794
v -0.132299 -0.144538 0.013842
v -0.140322 -0.137512 0.019781
v -0.127352 -0.134383 0.006804
v -0.129834 -0.133774 0.011076
v -0.131831 -0.132080 0.013791
v -0.126000 -0.134961 0.013508
v -0.126933 -0.122828 0.019930
v -0.140514 -0.135326 0.020079
v -0.135819 -0.143262 0.020251
v -0.123109 -0.136783 0.020147
v -0.121554 -0.121466 0.002086
v -0.119901 -0.124535 0.004321
v -0.121003 -0.125418 0.005380
v -0.113711 -0.126069 0.001989
v -0.112003 -0.128633 0.004156
v -0.114782 -0.129010 0.005256
v -0.116312 -0.118412 0.013063
v -0.123758 -0.130914 0.013682
v -0.113709 -0.118697 0.011931
v -0.109532 -0.120683 0.012116
v -0.106602 -0.120949 0.009026
v -0.126428 -0.135824 0.008608
v -0.117946 -0.137971 0.005949
v -0.120804 -0.138457 0.007352
v -0.121614 -0.138605 0.012497
v -0.125112 -0.141256 0.013936
v -0.113567 -0.140768 0.006507
v -0.120510 -0.139040 0.009189
v -0.116087 -0.141093 0.012307
v -0.122882 -0.134623 0.013595
v -0.123494 -0.131063 0.018563
v -0.122487 -0.136052 0.018674
v -0.123112 -0.137578 0.013807
v -0.123176 -0.137000 0.013525
v -0.122787 -0.136756 0.013956
v -0.122438 -0.136946 0.013337
v -0.123012 -0.139167 0.014197
v -0.123952 -0.141181 0.014486
v -0.122545 -0.137194 0.019704
v -0.123506 -0.140775 0.019670
v -0.125055 -0.141788 0.020188
v -0.096642 -0.134433 0.013139
v -0.115207 -0.141132 0.012753
v -0.110099 -0.141000 0.013235
v -0.123968 -0.130795 0.019699
v -0.111124 -0.121052 0.012969
v -0.100283 -0.125944 0.013215
v -0.136966 -0.143153 0.014024
v -0.138525 -0.141920 0.014869
v -0.139228 -0.140573 0.019851
v -0.137620 -0.142948 0.019755
v -0.136703 -0.143743 0.015102
v -0.134902 -0.144659 0.014438
v -0.134694 -0.144739 0.019885
v -0.133001 -0.145137 0.015108
v -0.130003 -0.144901 0.014802
v -0.131268 -0.145188 0.019648
v -0.131064 -0.144685 0.020199
v -0.127955 -0.143975 0.020259
v -0.126191 -0.143187 0.014218
v -0.128035 -0.144250 0.014400
v -0.125926 -0.143388 0.019655
v -0.128534 -0.144635 0.019436
v -0.097115 -0.120394 0.006635
v -0.104198 -0.120728 0.007626
v -0.098737 -0.121664 0.007520
v -0.084211 -0.117524 0.005973
v -0.100185 -0.122478 0.008661
v -0.092293 -0.122464 0.007869
v -0.086152 -0.120633 0.006739
v -0.080202 -0.118273 0.006218
v -0.092469 -0.123163 0.009199
v -0.085636 -0.122423 0.008325
v -0.089226 -0.128085 0.001195
v -0.089894 -0.123491 0.011501
v -0.086575 -0.123345 0.011987
v -0.081701 -0.120897 0.007396
v -0.079924 -0.121203 0.008841
v -0.081244 -0.122077 0.011142
v -0.079426 -0.122405 0.012476
v -0.083289 -0.124635 0.013009
v -0.106935 -0.128707 0.002020
v -0.103861 -0.131937 0.004680
v -0.100422 -0.130022 0.001769
v -0.103850 -0.130940 0.003947
v -0.097038 -0.132215 0.003945
v -0.106077 -0.140351 0.005407
v -0.105353 -0.142254 0.005712
v -0.115470 -0.141059 0.008259
v -0.107608 -0.142949 0.006650
v -0.109077 -0.143397 0.011928
v -0.110190 -0.142763 0.008142
v -0.103482 -0.144368 0.008268
v -0.111605 -0.142554 0.012553
v -0.108251 -0.142943 0.012795
v -0.094648 -0.143872 0.013068
v -0.094965 -0.130531 0.001684
v -0.092798 -0.135293 0.005054
v -0.093805 -0.133447 0.004615
v -0.089632 -0.130606 0.001894
v -0.089593 -0.132235 0.003761
v -0.084777 -0.129596 0.001540
v -0.081412 -0.131378 0.004229
v -0.087597 -0.133147 0.004547
v -0.080173 -0.133386 0.004945
v -0.091948 -0.141881 0.005134
v -0.099597 -0.144616 0.007356
v -0.097426 -0.144037 0.006078
v -0.098106 -0.145092 0.012371
v -0.097629 -0.145141 0.008996
v -0.086344 -0.143918 0.005727
v -0.093437 -0.144858 0.006934
v -0.091520 -0.145238 0.008135
v -0.092892 -0.145457 0.012451
v -0.086253 -0.145137 0.011858
v -0.102548 -0.122750 0.011712
v -0.104225 -0.122924 0.012692
v -0.098063 -0.124594 0.012976
v -0.095765 -0.123688 0.012050
v -0.091129 -0.124205 0.012584
v -0.085718 -0.144627 0.012576
v -0.076559 -0.127800 0.001698
v -0.069516 -0.110628 0.005788
v -0.063206 -0.109447 0.006491
v -0.070193 -0.114378 0.006391
v -0.067859 -0.114606 0.007259
v -0.063227 -0.111179 0.007540
v -0.068252 -0.115694 0.008340
v -0.076165 -0.118324 0.006815
v -0.066978 -0.123599 0.001634
v -0.073293 -0.128605 0.003876
v -0.074839 -0.119102 0.007957
v -0.074062 -0.119756 0.011711
v -0.069790 -0.117333 0.011455
v -0.069082 -0.120645 0.012849
v -0.071875 -0.119952 0.012624
v -0.074699 -0.141503 0.012810
v -0.064547 -0.113626 0.011305
v -0.064772 -0.119665 0.000916
v -0.049346 -0.106757 0.001466
v -0.053029 -0.111852 0.001832
v -0.048933 -0.109550 0.004053
v -0.058591 -0.117247 0.001594
v -0.054240 -0.115943 0.004100
v -0.059861 -0.120980 0.003938
v -0.054510 -0.118513 0.004826
v -0.066254 -0.124958 0.003653
v -0.064337 -0.125421 0.004572
v -0.071964 -0.130419 0.004957
v -0.062653 -0.126765 0.004940
v -0.075500 -0.138818 0.004974
v -0.049401 -0.123318 0.005014
v -0.051165 -0.117172 0.005079
v -0.053654 -0.130817 0.005865
v -0.063803 -0.137250 0.005843
v -0.060881 -0.133409 0.005201
v -0.077655 -0.142475 0.005953
v -0.085817 -0.144540 0.006511
v -0.084664 -0.144793 0.008013
v -0.074436 -0.142565 0.007624
v -0.073032 -0.141378 0.006237
v -0.077351 -0.143465 0.011902
v -0.072019 -0.141376 0.012466
v -0.069338 -0.138616 0.005428
v -0.067974 -0.140228 0.007277
v -0.069337 -0.140983 0.011722
v -0.060976 -0.136725 0.006957
v -0.062267 -0.137915 0.010017
v -0.063174 -0.138276 0.011482
v -0.057967 -0.133537 0.012596
v -0.064723 -0.138616 0.012190
v -0.056446 -0.133813 0.006703
v -0.055216 -0.133420 0.008069
v -0.056852 -0.134731 0.011613
v -0.062533 -0.111191 0.008950
v -0.066781 -0.116934 0.012587
v -0.061643 -0.112235 0.012378
v -0.058335 -0.106445 0.008322
v -0.059649 -0.108886 0.010828
v -0.057944 -0.110206 0.012786
v -0.046763 -0.124495 0.012585
v -0.038328 -0.087395 0.005076
v -0.027581 -0.066409 0.007204
v -0.027523 -0.064327 0.010292
v -0.026488 -0.070021 0.009507
v -0.027022 -0.067807 0.012489
v -0.029269 -0.083059 0.005645
v -0.027141 -0.074412 0.006513
v -0.026956 -0.079538 0.006661
v -0.026197 -0.081223 0.008689
v -0.027078 -0.086346 0.007167
v -0.026607 -0.072563 0.012603
v -0.026304 -0.075371 0.008027
v -0.026047 -0.077805 0.011415
v -0.026384 -0.084928 0.011300
v -0.027025 -0.080670 0.013167
v -0.026122 -0.069423 0.013798
v -0.042861 -0.092723 0.001705
v -0.040452 -0.090709 0.004172
v -0.043159 -0.100012 0.004389
v -0.041797 -0.102566 0.005206
v -0.035896 -0.103572 0.005366
v -0.031151 -0.098763 0.005764
v -0.044703 -0.101842 0.003762
v -0.047346 -0.108736 0.004716
v -0.040297 -0.115319 0.005374
v -0.031529 -0.103204 0.006766
v -0.036568 -0.111882 0.006093
v -0.034687 -0.110222 0.006983
v -0.032055 -0.105927 0.008813
v -0.034781 -0.111528 0.009747
v -0.030798 -0.103095 0.012227
v -0.028809 -0.095239 0.006859
v -0.029091 -0.098615 0.009369
v -0.028712 -0.088538 0.005974
v -0.027312 -0.090500 0.008454
v -0.027091 -0.089944 0.011190
v -0.027804 -0.090015 0.012856
v -0.029031 -0.097460 0.012406
v -0.028620 -0.100084 0.013994
v -0.026522 -0.076415 0.018547
v -0.028833 -0.104907 0.018221
v -0.034340 -0.109994 0.012269
v -0.031420 -0.105654 0.012544
v -0.034635 -0.112064 0.012593
v -0.029494 -0.104767 0.018761
v -0.029382 -0.104335 0.012936
v -0.030608 -0.115523 0.012587
v -0.029916 -0.114639 0.013113
v -0.025800 -0.061238 0.013246
v -0.028049 -0.063128 0.012592
v -0.025944 -0.064208 0.013388
v 0.020889 -0.076524 0.023580
v 0.020137 -0.070292 0.024657
v 0.021543 -0.066939 0.023699
v 0.019860 -0.077958 0.024774
v 0.023614 -0.067768 0.022923
v 0.020616 -0.084138 0.024249
v 0.023259 -0.092878 0.023353
v 0.020567 -0.086525 0.024908
v 0.019746 -0.081436 0.028826
v 0.020818 -0.088610 0.028912
v 0.021104 -0.089902 0.026256
v 0.020939 -0.086422 0.029897
v 0.045714 -0.074212 0.000466
v 0.044286 -0.073709 0.001144
v 0.045442 -0.068010 0.001174
v 0.044217 -0.076972 0.001040
v 0.058324 -0.050012 0.001073
v 0.055563 -0.054319 0.000444
v 0.053388 -0.053719 0.001526
v 0.062266 -0.049718 0.000419
v 0.049928 -0.058812 0.000955
v 0.048421 -0.058024 0.003731
v 0.046415 -0.064405 0.001643
v 0.049422 -0.062544 0.000454
v 0.044512 -0.051517 0.017631
v 0.050103 -0.046933 0.015435
v 0.058084 -0.045584 0.008413
v 0.054810 -0.059476 0.008281
v 0.053232 -0.063333 0.007417
v 0.057926 -0.058019 0.006852
v 0.038566 -0.063561 0.016457
v 0.041122 -0.074197 0.006714
v 0.035246 -0.069896 0.019410
v 0.041456 -0.058850 0.015027
v 0.051230 -0.069117 0.007155
v 0.049334 -0.072957 0.008510
v 0.050297 -0.076574 0.006943
v 0.053031 -0.069844 0.006389
v 0.054381 -0.064213 0.006583
v 0.050395 -0.067422 0.008796
v 0.049540 -0.063991 0.012305
v 0.051414 -0.057455 0.015948
v 0.046238 -0.070005 0.014962
v 0.063542 -0.046633 0.002277
v 0.067030 -0.045833 0.001476
v 0.072454 -0.047155 0.000357
v 0.071396 -0.044903 0.001135
v 0.084573 -0.046723 0.000296
v 0.083366 -0.070829 0.000081
v 0.059437 -0.054949 0.007971
v 0.063184 -0.053914 0.006724
v 0.061642 -0.057318 0.006334
v 0.046204 -0.082172 0.000277
v 0.052085 -0.080126 0.006288
v 0.057110 -0.090888 0.005938
v 0.065772 -0.104793 0.000147
v 0.084489 -0.081526 0.005896
v 0.044779 -0.082109 0.000884
v 0.032511 -0.074147 0.021842
v 0.032304 -0.080053 0.022064
v 0.029871 -0.077507 0.022714
v 0.034574 -0.076121 0.019478
v 0.034392 -0.082700 0.020119
v 0.026057 -0.094008 0.022787
v 0.032556 -0.090501 0.022335
v 0.034250 -0.087228 0.021178
v 0.031158 -0.092574 0.022562
v 0.035341 -0.094676 0.021965
v 0.038516 -0.082616 0.012686
v 0.045160 -0.086105 0.001805
v 0.048957 -0.077406 0.008567
v 0.040310 -0.076360 0.025300
v 0.041677 -0.082366 0.023598
v 0.048330 -0.082464 0.010706
v 0.042490 -0.089165 0.025131
v 0.036682 -0.088156 0.018015
v 0.044136 -0.091951 0.007268
v 0.039010 -0.094947 0.018542
v 0.041569 -0.102114 0.020426
v 0.036405 -0.093416 0.020761
v 0.026893 -0.100249 0.023081
v 0.024998 -0.099784 0.024011
v 0.028365 -0.105950 0.023797
v 0.027365 -0.105619 0.024828
v 0.037599 -0.112265 0.022547
v 0.035139 -0.113054 0.023047
v 0.022548 -0.094264 0.024375
v 0.023496 -0.097899 0.025372
v 0.022077 -0.093548 0.029161
v 0.024471 -0.096345 0.030062
v 0.024292 -0.099830 0.029336
v 0.025901 -0.103305 0.028828
v 0.028913 -0.108590 0.028463
v 0.027407 -0.104963 0.029668
v 0.034123 -0.113500 0.029963
v 0.032023 -0.112625 0.029397
v 0.046019 -0.099892 0.012082
v 0.042671 -0.109928 0.022446
v 0.040931 -0.102893 0.021363
v 0.038333 -0.101766 0.022273
v 0.044761 -0.108574 0.021899
v 0.031188 -0.110577 0.023821
v 0.035332 -0.115615 0.023808
v 0.032855 -0.113786 0.025435
v 0.042168 -0.120607 0.023153
v 0.055399 -0.124987 0.022399
v 0.038087 -0.118985 0.024505
v 0.037733 -0.118836 0.028978
v 0.040827 -0.121492 0.025585
v 0.041259 -0.121154 0.029584
v 0.050076 -0.109705 0.030009
v 0.043641 -0.121165 0.029884
v 0.043767 -0.123688 0.028754
v 0.048574 -0.091667 0.000725
v 0.048739 -0.093621 0.001423
v 0.050750 -0.096638 0.001139
v 0.053270 -0.097156 0.000349
v 0.054923 -0.101372 0.001221
v 0.057828 -0.102304 0.000514
v 0.059604 -0.104793 0.001496
v 0.055946 -0.110448 0.014249
v 0.065107 -0.107125 0.000887
v 0.061973 -0.110937 0.009766
v 0.071155 -0.107682 0.000290
v 0.050605 -0.083480 0.007574
v 0.053838 -0.089287 0.006529
v 0.050663 -0.086995 0.008783
v 0.054627 -0.092524 0.007152
v 0.051660 -0.092655 0.011509
v 0.056850 -0.094241 0.006468
v 0.057084 -0.096155 0.007680
v 0.060065 -0.097237 0.006356
v 0.055939 -0.097796 0.010919
v 0.049298 -0.105837 0.015132
v 0.053316 -0.102684 0.021533
v 0.044259 -0.094763 0.026473
v 0.065298 -0.098999 0.006080
v 0.060186 -0.100018 0.008736
v 0.065876 -0.101646 0.006788
v 0.064552 -0.104578 0.011529
v 0.059296 -0.108379 0.023409
v 0.075236 -0.102569 0.006024
v 0.069194 -0.103737 0.007634
v 0.072031 -0.103412 0.006691
v 0.070662 -0.106901 0.011600
v 0.073537 -0.105683 0.008735
v 0.067179 -0.108144 0.001314
v 0.046490 -0.107455 0.020085
v 0.048153 -0.100417 0.026058
v 0.051075 -0.111418 0.020037
v 0.052071 -0.113704 0.021293
v 0.050257 -0.114312 0.022139
v 0.056878 -0.114532 0.019533
v 0.044835 -0.124144 0.024202
v 0.049521 -0.125708 0.023185
v 0.046718 -0.125806 0.026649
v 0.050562 -0.126822 0.029670
v 0.056610 -0.117601 0.021875
v 0.061355 -0.121015 0.022204
v 0.051138 -0.127922 0.024312
v 0.068279 -0.113042 0.009704
v 0.066663 -0.111743 0.023584
v 0.066055 -0.117641 0.018637
v 0.058381 -0.117040 0.021163
v 0.057330 -0.128257 0.022827
v 0.056177 -0.129503 0.023572
v 0.064920 -0.120032 0.021601
v 0.065743 -0.118708 0.020404
v 0.071130 -0.120345 0.020919
v 0.076379 -0.122169 0.021627
v 0.075709 -0.123826 0.022064
v 0.066569 -0.130076 0.022641
v -0.047164 -0.124726 0.005765
v -0.050587 -0.129387 0.006598
v -0.038083 -0.115576 0.006700
v -0.041302 -0.119786 0.006423
v -0.043910 -0.123144 0.006773
v -0.039155 -0.117983 0.008260
v -0.044530 -0.124303 0.007884
v -0.041851 -0.121241 0.010526
v -0.038080 -0.115900 0.012218
v -0.041404 -0.119930 0.012223
v -0.042772 -0.122890 0.012672
v -0.047349 -0.127315 0.011753
v -0.049558 -0.128911 0.007527
v -0.051612 -0.131054 0.011481
v -0.045507 -0.125131 0.011671
v -0.046067 -0.124786 0.012966
v -0.045888 -0.125416 0.012139
v -0.045829 -0.125607 0.012608
v -0.045905 -0.126765 0.012941
v -0.045502 -0.121568 0.018328
v -0.045891 -0.125848 0.016932
v -0.045533 -0.125574 0.018458
v -0.045327 -0.128615 0.017829
v -0.044282 -0.129766 0.018707
v -0.043557 -0.122422 0.012211
v -0.045513 -0.125765 0.012687
v -0.043324 -0.130938 0.012561
v -0.044985 -0.129701 0.013432
v -0.043345 -0.131604 0.013532
v -0.043923 -0.131148 0.018114
v -0.041301 -0.132799 0.013016
v -0.041978 -0.132645 0.018198
v -0.039112 -0.133466 0.018387
v -0.038298 -0.133296 0.013589
v -0.031827 -0.125244 0.012477
v -0.030889 -0.124960 0.012770
v -0.032286 -0.129283 0.012937
v -0.034903 -0.131380 0.012418
v -0.034199 -0.131545 0.013056
v -0.038247 -0.132972 0.012703
v -0.035938 -0.132677 0.013199
v -0.036529 -0.133060 0.017985
v -0.034809 -0.132245 0.018562
v -0.032839 -0.130446 0.017898
v -0.043951 -0.116308 0.018801
v -0.032241 -0.128043 0.018607
v -0.030603 -0.124000 0.018157
v -0.031637 -0.128455 0.017938
v 0.053558 -0.129404 0.028822
v 0.056889 -0.130590 0.024864
v 0.059976 -0.131807 0.026688
v 0.061147 -0.130904 0.023480
v 0.063789 -0.132495 0.024568
v 0.068807 -0.133166 0.023833
v 0.071914 -0.109188 0.001111
v 0.083003 -0.106706 0.000092
v 0.077583 -0.109362 0.001023
v 0.073616 -0.117991 0.017025
v 0.104625 -0.091498 -0.000020
v 0.087767 -0.100625 0.006008
v 0.077338 -0.104502 0.007033
v 0.081883 -0.109032 0.001250
v 0.085581 -0.113402 0.009851
v 0.080087 -0.105901 0.008674
v 0.076738 -0.108074 0.012402
v 0.082603 -0.103371 0.006439
v 0.087886 -0.102518 0.006947
v 0.084782 -0.105158 0.008678
v 0.082506 -0.107425 0.011566
v 0.080399 -0.110266 0.017247
v 0.096928 -0.100144 0.000023
v 0.102063 -0.084748 0.005892
v 0.095730 -0.096368 0.006225
v 0.092065 -0.100353 0.006811
v 0.100370 -0.100077 0.001058
v 0.095170 -0.103570 0.000827
v 0.088246 -0.106394 0.000424
v 0.087840 -0.107704 0.001390
v 0.091313 -0.107247 0.002698
v 0.090353 -0.103988 0.010025
v 0.087501 -0.105804 0.011064
v 0.096602 -0.105346 0.004244
v 0.096799 -0.112549 0.016127
v 0.080423 -0.119182 0.018856
v 0.078220 -0.130018 0.022293
v 0.076190 -0.132549 0.023069
v 0.102119 -0.097042 0.000343
v 0.105642 -0.093080 0.000800
v 0.103773 -0.096445 0.001462
v 0.103316 -0.108884 0.016978
v 0.076592 -0.133804 0.024004
v -0.083335 0.144630 0.028250
v -0.088730 0.143132 0.026797
v -0.089516 0.143903 0.028641
v -0.088471 0.144453 0.031504
v -0.080339 0.145326 0.031161
v -0.079297 0.143876 0.026658
v -0.085103 0.142481 0.026119
v -0.090516 0.140077 0.025704
v -0.072611 0.142527 0.026000
v -0.069939 0.139829 0.025520
v -0.074058 0.144942 0.028606
v -0.083285 0.144011 0.032439
v -0.076376 0.144447 0.027357
v -0.073641 0.144343 0.032440
v -0.083112 0.142189 0.032892
v -0.072233 0.144742 0.031835
v -0.071852 0.144086 0.026980
v -0.068954 0.144635 0.030753
v -0.060993 0.140463 0.032494
v -0.069733 0.130204 0.032506
v -0.131690 0.145853 0.034206
v -0.135685 0.141261 0.034158
v -0.134609 0.144808 0.034618
v -0.134185 0.145583 0.040339
v -0.131972 0.146536 0.035217
v -0.129084 0.147232 0.034872
v -0.127553 0.146373 0.034130
v -0.130011 0.147325 0.040300
v -0.126884 0.147113 0.034864
v -0.124638 0.146323 0.034584
v -0.122859 0.143983 0.033936
v -0.137026 0.136605 0.034473
v -0.134827 0.124328 0.033603
v -0.135028 0.122240 0.033948
v -0.136347 0.141822 0.034736
v -0.135730 0.143506 0.036225
v -0.136597 0.141769 0.040230
v -0.136936 0.139291 0.040298
v -0.135526 0.144180 0.040484
v -0.135923 0.141775 0.040644
v -0.136430 0.131157 0.039553
v -0.136174 0.132907 0.040277
v -0.119026 0.108213 0.039005
v -0.131884 0.146032 0.040636
v -0.125357 0.146527 0.040088
v -0.127909 0.146426 0.040559
v -0.123026 0.143757 0.040284
v -0.134094 0.120005 0.039777
v -0.133749 0.113271 0.039125
v -0.122982 0.145091 0.034929
v -0.120699 0.137796 0.033676
v -0.121450 0.142909 0.034357
v -0.117922 0.128482 0.027296
v -0.119492 0.127734 0.028735
v -0.117481 0.130116 0.031082
v -0.121962 0.125432 0.030483
v -0.118904 0.128362 0.032007
v -0.119658 0.126884 0.032774
v -0.121069 0.124760 0.032752
v -0.120040 0.131202 0.033500
v -0.127056 0.118365 0.033195
v -0.119946 0.138818 0.034555
v -0.119401 0.131785 0.034097
v -0.119868 0.127585 0.033263
v -0.119081 0.126734 0.033534
v -0.119175 0.126879 0.032864
v -0.118614 0.125793 0.032996
v -0.119438 0.133035 0.039340
v -0.118913 0.119786 0.038807
v -0.108268 0.135828 0.032531
v -0.105878 0.138428 0.031095
v -0.111010 0.135076 0.031770
v -0.101830 0.139846 0.027932
v -0.106779 0.135903 0.026494
v -0.107879 0.136887 0.028421
v -0.100071 0.139057 0.026459
v -0.105558 0.133684 0.025781
v -0.111305 0.134885 0.029227
v -0.113725 0.132050 0.027111
v -0.115032 0.129215 0.026231
v -0.114606 0.132283 0.028697
v -0.106437 0.124764 0.025381
v -0.115424 0.131983 0.031452
v -0.113173 0.132510 0.032616
v -0.115223 0.128313 0.032946
v -0.103462 0.135260 0.033057
v -0.108215 0.118307 0.032788
v -0.099434 0.123571 0.032721
v -0.122868 0.144654 0.039580
v -0.121287 0.142374 0.039633
v -0.120102 0.139054 0.039632
v -0.120214 0.136345 0.039942
v -0.096336 0.142210 0.029341
v -0.098106 0.141623 0.031611
v -0.104760 0.138587 0.031870
v -0.100756 0.139019 0.032766
v -0.131818 0.109856 0.033016
v -0.125651 0.120580 0.030607
v -0.124694 0.120281 0.032540
v -0.128199 0.114968 0.032470
v -0.118735 0.113094 0.033458
v -0.112322 0.111487 0.032507
v -0.118479 0.119966 0.033013
v -0.118223 0.111108 0.032880
v -0.111885 0.109716 0.031878
v -0.110112 0.111313 0.031431
v -0.115331 0.104033 0.032136
v -0.118432 0.106434 0.037977
v -0.104928 0.118713 0.032470
v -0.118359 0.103002 0.032925
v -0.116739 0.099779 0.031890
v -0.118127 0.098559 0.032759
v -0.117579 0.087764 0.037685
v -0.095348 0.142032 0.027676
v -0.093629 0.132733 0.025301
v -0.091166 0.131011 0.024866
v -0.092563 0.129506 0.023777
v -0.096084 0.129814 0.025097
v -0.087696 0.132908 0.025202
v -0.103473 0.125457 0.024877
v -0.098385 0.127408 0.024221
v -0.102927 0.124518 0.023750
v -0.100754 0.120612 0.031774
v -0.096027 0.121676 0.029522
v -0.094932 0.124186 0.032081
v -0.077898 0.128017 0.016647
v -0.086648 0.130667 0.023049
v -0.084198 0.131936 0.024361
v -0.077708 0.132160 0.024144
v -0.086572 0.121873 0.023934
v -0.082474 0.122864 0.024299
v -0.089792 0.123106 0.027925
v -0.085746 0.126035 0.030872
v -0.076347 0.124089 0.026137
v -0.095571 0.141779 0.032268
v -0.090341 0.142593 0.032708
v -0.085541 0.129579 0.032701
v -0.089256 0.126221 0.032154
v -0.078930 0.133845 0.025155
v -0.072518 0.132605 0.024728
v -0.071252 0.131444 0.023663
v -0.066044 0.133287 0.025130
v -0.077285 0.128197 0.032128
v -0.075523 0.126715 0.030680
v -0.072253 0.127022 0.031525
v -0.071708 0.128728 0.032397
v -0.083304 0.127821 0.032104
v -0.080231 0.126365 0.030178
v -0.105755 0.116037 0.031411
v -0.118360 0.086440 0.038384
v -0.117647 0.082205 0.038217
v -0.117371 0.077434 0.037845
v -0.065395 0.142524 0.026632
v -0.064082 0.140983 0.026025
v -0.065749 0.143410 0.027892
v -0.062964 0.143288 0.030112
v -0.053826 0.134661 0.025292
v -0.057213 0.140863 0.027723
v -0.058082 0.139878 0.026447
v -0.051405 0.137165 0.026650
v -0.046960 0.132176 0.025705
v -0.066028 0.143580 0.031879
v -0.058932 0.141739 0.031384
v -0.056372 0.140983 0.029897
v -0.051619 0.138409 0.031307
v -0.050271 0.137618 0.027731
v -0.049671 0.137684 0.030308
v -0.049366 0.134684 0.032157
v -0.042135 0.131751 0.027051
v -0.045663 0.134984 0.028569
v -0.044203 0.133972 0.030396
v -0.042911 0.132012 0.031514
v -0.039398 0.128171 0.026246
v -0.039830 0.130542 0.030053
v 0.039202 0.129463 0.019119
v 0.038761 0.129690 0.018697
v 0.036990 0.123605 0.018625
v -0.073106 0.117166 0.012789
v -0.071246 0.123632 0.026483
v -0.066171 0.118645 0.019592
v -0.062166 0.124764 0.016889
v -0.056876 0.121003 0.015451
v -0.064857 0.112699 0.010369
v -0.060526 0.110424 0.011298
v -0.056941 0.106089 0.010226
v -0.058437 0.118004 0.025558
v -0.053676 0.112990 0.023825
v -0.066090 0.130314 0.023780
v -0.065617 0.131573 0.024802
v -0.061100 0.128814 0.024104
v -0.059866 0.130478 0.025014
v -0.064655 0.125830 0.031879
v -0.065576 0.125062 0.031077
v -0.064103 0.121774 0.027030
v -0.057880 0.127094 0.023750
v -0.049989 0.118124 0.019035
v -0.051839 0.123507 0.023849
v -0.051871 0.125799 0.024892
v -0.054666 0.122704 0.032050
v -0.053779 0.119936 0.031646
v -0.037369 0.119688 0.024920
v -0.047108 0.120574 0.024383
v -0.058109 0.121057 0.030504
v -0.053641 0.118340 0.030672
v -0.049655 0.112557 0.028558
v -0.049091 0.115168 0.031384
v -0.045481 0.111448 0.016766
v -0.049251 0.109716 0.009065
v -0.053928 0.102397 0.010723
v -0.051866 0.096422 0.009738
v -0.041232 0.104268 0.017127
v -0.038159 0.097985 0.018547
v -0.047889 0.119507 0.023016
v -0.043319 0.115187 0.023662
v -0.035462 0.122356 0.025625
v -0.040611 0.116428 0.024763
v -0.040257 0.113416 0.024510
v -0.045927 0.107772 0.028869
v -0.040495 0.110805 0.023413
v -0.050871 0.099658 0.013299
v -0.042707 0.101763 0.029126
v -0.045396 0.110131 0.031120
v -0.036332 0.104229 0.023948
v -0.041685 0.103763 0.031294
v -0.029064 0.113497 0.025631
v -0.037519 0.104386 0.023029
v -0.035122 0.098114 0.023488
v -0.034793 0.104092 0.024499
v -0.026901 0.101754 0.024805
v -0.025585 0.105986 0.025588
v -0.031280 0.086626 0.024380
v -0.023611 0.096763 0.025295
v -0.048896 0.094932 0.013992
v -0.037638 0.091959 0.017508
v -0.042026 0.088822 0.025213
v -0.034158 0.087609 0.023109
v -0.041363 0.081223 0.027516
v -0.043873 0.072731 0.027587
v -0.034789 0.081024 0.023039
v -0.035546 0.076841 0.023216
v -0.041878 0.096035 0.027363
v -0.040154 0.098508 0.030933
v -0.034456 0.093063 0.023111
v -0.033234 0.094687 0.024256
v -0.032975 0.086260 0.023987
v -0.038436 0.094249 0.031170
v -0.039222 0.091864 0.030170
v -0.038185 0.101450 0.031559
v -0.036989 0.087546 0.031358
v -0.038944 0.084249 0.030435
v -0.038592 0.089688 0.030593
v -0.023902 0.083672 0.031186
v -0.025308 0.099732 0.031350
v -0.041417 0.076283 0.029287
v -0.037610 0.078382 0.031320
v -0.040213 0.075609 0.030792
v -0.045636 0.113666 0.031762
v -0.035847 0.126083 0.027471
v -0.038554 0.128084 0.031401
v -0.029991 0.115179 0.031485
v -0.035176 0.124338 0.026417
v -0.035750 0.126467 0.030119
v -0.034560 0.124374 0.030926
v -0.031589 0.121426 0.029818
v -0.031380 0.120158 0.027144
v -0.028750 0.114749 0.026096
v -0.027231 0.113503 0.027539
v -0.029609 0.117705 0.030799
v -0.028554 0.116734 0.029837
v -0.025629 0.111004 0.029934
v -0.025179 0.108753 0.027154
v -0.024369 0.106819 0.030665
v -0.023745 0.106133 0.029321
v -0.022824 0.100039 0.030930
v -0.075972 0.047595 0.030803
v -0.069446 0.048931 0.030716
v -0.070168 0.046688 0.031341
v -0.061517 0.053017 0.028992
v -0.054715 0.056176 0.029917
v -0.061804 0.051022 0.031018
v -0.047072 0.066932 0.027314
v -0.050679 0.062763 0.026940
v -0.042796 0.061769 0.023218
v -0.046464 0.057563 0.023022
v -0.046201 0.065302 0.029948
v -0.050386 0.058834 0.030677
v -0.038033 0.070199 0.023093
v -0.046318 0.056021 0.024078
v -0.043059 0.058400 0.024325
v -0.050804 0.053368 0.023311
v -0.052796 0.050529 0.024076
v -0.050401 0.050294 0.024399
v -0.039494 0.052657 0.024529
v -0.057417 0.052736 0.031105
v -0.049250 0.057407 0.031264
v -0.059723 0.049029 0.031282
v -0.046021 0.043762 0.031024
v -0.046305 0.063472 0.030927
v -0.042834 0.069403 0.030792
v -0.042677 0.066236 0.031286
v -0.032505 0.058967 0.031124
v -0.062615 0.033271 0.029814
v -0.055905 0.035742 0.030005
v -0.054870 0.035982 0.028591
v -0.059161 0.035948 0.030769
v -0.050202 0.038203 0.029317
v -0.052046 0.037816 0.026748
v -0.048191 0.040100 0.026530
v -0.049732 0.040696 0.025105
v -0.049241 0.039289 0.030279
v -0.022369 0.096728 0.026203
v -0.025495 0.087983 0.024646
v -0.021582 0.088214 0.026369
v -0.023004 0.083107 0.025335
v -0.021174 0.089267 0.027384
v -0.021393 0.094743 0.027975
v -0.028612 0.069370 0.024643
v -0.022182 0.080077 0.026092
v -0.021451 0.082590 0.027101
v -0.020880 0.084689 0.029865
v -0.021659 0.080084 0.030230
v -0.021838 0.077236 0.029457
v -0.034934 0.075125 0.024064
v -0.035700 0.069353 0.024349
v -0.038579 0.066986 0.023982
v -0.025260 0.072723 0.025250
v -0.024615 0.069765 0.026239
v -0.027765 0.064873 0.025367
v -0.022685 0.075151 0.027108
v -0.024633 0.071813 0.030851
v -0.024216 0.068234 0.029230
v -0.023471 0.071857 0.030174
v -0.025877 0.064700 0.029846
v -0.023080 0.102192 0.026951
v -0.022152 0.100626 0.029834
v -0.021177 0.094624 0.029962
v -0.021433 0.089796 0.030699
v -0.020869 0.089127 0.029589
v -0.033325 0.055286 0.025205
v -0.039463 0.046780 0.026318
v -0.043857 0.043523 0.025995
v -0.039781 0.047991 0.025220
v -0.043151 0.043390 0.026911
v -0.037213 0.047828 0.029070
v -0.043509 0.042384 0.029346
v -0.040941 0.044875 0.030058
v -0.036076 0.051268 0.030723
v -0.031274 0.056293 0.026359
v -0.035127 0.051053 0.026630
v -0.027133 0.063337 0.026728
v -0.028323 0.059744 0.028604
v -0.028146 0.062101 0.030581
v -0.030991 0.055877 0.030048
v -0.034511 0.051167 0.029940
v -0.032648 0.053048 0.029183
v 0.044268 0.134124 0.014078
v 0.042679 0.132975 0.013292
v 0.042155 0.133364 0.013781
v 0.046305 0.133490 0.013370
v 0.046942 0.134062 0.014011
v 0.045651 0.134180 0.018488
v 0.050021 0.132056 0.013389
v 0.050748 0.132296 0.014171
v 0.051833 0.130214 0.013922
v 0.047863 0.133755 0.018946
v 0.050451 0.132201 0.019072
v 0.054573 0.128353 0.008307
v 0.060660 0.132855 0.008445
v 0.065555 0.133651 0.006970
v 0.055800 0.129838 0.009274
v 0.059709 0.132924 0.011576
v 0.055005 0.129488 0.012171
v 0.066868 0.136025 0.008107
v 0.064489 0.135425 0.009690
v 0.066705 0.131602 0.006413
v 0.050564 0.120814 0.006633
v 0.059182 0.131570 0.012553
v 0.067473 0.134476 0.012846
v 0.053061 0.124601 0.013014
v 0.068144 0.137381 0.011463
v 0.062971 0.134130 0.012434
v 0.070390 0.138052 0.009190
v 0.067685 0.136464 0.012246
v 0.050148 0.123548 0.007490
v 0.042662 0.114891 0.007511
v 0.043393 0.117561 0.008453
v 0.043031 0.117080 0.012697
v 0.046472 0.121057 0.013036
v 0.044603 0.119668 0.010257
v 0.049025 0.124277 0.009318
v 0.034027 0.102216 0.010502
v 0.035883 0.105954 0.012537
v 0.037357 0.109036 0.010948
v 0.033273 0.100168 0.012205
v 0.036637 0.099724 0.006537
v 0.035888 0.103989 0.007715
v 0.039151 0.111252 0.008142
v 0.040147 0.113706 0.010294
v 0.036869 0.107608 0.008643
v 0.033873 0.100739 0.008338
v 0.035861 0.116835 0.013490
v 0.037901 0.123778 0.013107
v 0.035106 0.110322 0.012884
v 0.042344 0.117304 0.013121
v 0.038339 0.111071 0.012848
v 0.039025 0.111275 0.012508
v 0.052922 0.111550 0.005960
v 0.060221 0.117979 0.005491
v 0.059593 0.116062 0.004323
v 0.059916 0.120732 0.006237
v 0.049562 0.108903 0.006182
v 0.045647 0.098972 0.005547
v 0.041804 0.095391 0.006108
v 0.051204 0.103734 0.002212
v 0.055809 0.110365 0.002207
v 0.052354 0.103453 0.001447
v 0.049451 0.103470 0.004374
v 0.053027 0.109104 0.004735
v 0.058503 0.110216 0.001214
v 0.047293 0.096175 0.002207
v 0.048203 0.102566 0.005112
v 0.046768 0.086244 0.001019
v 0.046730 0.090801 0.001313
v 0.047695 0.104282 0.012868
v 0.057432 0.107950 0.012749
v 0.051211 0.117090 0.012986
v 0.053027 0.101419 0.012724
v 0.054685 0.100207 0.012035
v 0.057703 0.105651 0.012371
v 0.039797 0.131189 0.013446
v 0.038231 0.128157 0.013692
v 0.040603 0.132274 0.018764
v 0.043139 0.133835 0.018580
v 0.035230 0.112057 0.018883
v 0.051568 0.127300 0.019290
v 0.050270 0.125289 0.013187
v 0.051750 0.127758 0.013410
v 0.052437 0.127715 0.013806
v 0.049473 0.124039 0.012878
v 0.048488 0.123763 0.011369
v 0.043767 0.133588 0.019262
v 0.050802 0.130347 0.019306
v 0.051726 0.130310 0.018560
v 0.052311 0.126896 0.018502
v 0.051515 0.122168 0.019003
v 0.048335 0.112074 0.019129
v 0.026712 0.072435 0.017986
v 0.052580 0.127644 0.012038
v 0.052126 0.126896 0.012732
v 0.053241 0.126519 0.012798
v 0.052621 0.126292 0.013231
v 0.052055 0.122439 0.013433
v 0.051879 0.122113 0.018194
v 0.048286 0.108259 0.013462
v 0.067208 0.116122 0.012727
v 0.047682 0.107168 0.018375
v 0.081280 0.124490 0.001062
v 0.070661 0.121734 0.001790
v 0.077024 0.124047 0.001407
v 0.075787 0.139811 0.008557
v 0.077424 0.139166 0.007152
v 0.076561 0.140419 0.011261
v 0.081120 0.137408 0.006233
v 0.083711 0.141535 0.007837
v 0.084621 0.140716 0.006935
v 0.075340 0.129319 0.006003
v 0.069138 0.124992 0.005769
v 0.076512 0.124985 0.002267
v 0.068238 0.122932 0.004895
v 0.075922 0.126416 0.004665
v 0.077705 0.127944 0.005362
v 0.077836 0.140065 0.012237
v 0.081521 0.129691 0.005567
v 0.102716 0.138644 0.006028
v 0.087079 0.131917 0.005784
v 0.099421 0.132884 0.005820
v 0.096259 0.131281 0.005375
v 0.084361 0.128775 0.004356
v 0.081603 0.126421 0.001852
v 0.089361 0.128046 0.001700
v 0.096877 0.126178 0.000947
v 0.089914 0.129991 0.004766
v 0.097724 0.129913 0.004399
v 0.086268 0.120124 0.007863
v 0.090617 0.121589 0.010939
v 0.083499 0.120735 0.011452
v 0.083797 0.121828 0.012034
v 0.094977 0.120909 0.008100
v 0.088880 0.119808 0.006817
v 0.064229 0.117775 0.001871
v 0.066286 0.118227 0.001476
v 0.082505 0.109040 0.004799
v 0.076079 0.113733 0.005598
v 0.063456 0.104224 0.005446
v 0.079317 0.082167 0.000744
v 0.059411 0.105915 0.011254
v 0.058805 0.103627 0.007977
v 0.063911 0.109184 0.008046
v 0.066122 0.109458 0.006425
v 0.067940 0.112461 0.008027
v 0.060514 0.104265 0.006537
v 0.056458 0.098602 0.006670
v 0.056393 0.095505 0.005667
v 0.054028 0.095697 0.007978
v 0.055683 0.100226 0.010823
v 0.062726 0.098714 0.004963
v 0.071491 0.112410 0.005997
v 0.075661 0.094632 0.004723
v 0.065268 0.111674 0.011145
v 0.072188 0.117576 0.012330
v 0.063522 0.111281 0.012150
v 0.072779 0.116579 0.010949
v 0.071929 0.114812 0.007403
v 0.078499 0.118139 0.008104
v 0.078238 0.117043 0.006659
v 0.083111 0.123610 0.012546
v 0.077334 0.118820 0.011563
v 0.083521 0.117285 0.005927
v 0.087404 0.115730 0.005281
v 0.091105 0.118732 0.005984
v 0.107303 0.128088 0.003919
v 0.100130 0.127872 0.001658
v 0.110266 0.125917 0.001956
v 0.100507 0.117592 0.005600
v 0.097131 0.119683 0.006595
v 0.110870 0.124413 0.001142
v 0.101287 0.120159 0.007617
v 0.102948 0.118611 0.006277
v 0.109546 0.115853 0.005782
v 0.106729 0.113035 0.004908
v 0.125697 0.114109 0.000738
v 0.139471 0.096168 0.000504
v 0.117567 0.110417 0.005318
v 0.111736 0.106856 0.004639
v 0.096368 0.072443 0.005092
v 0.124456 0.096392 0.004603
v 0.129384 0.068056 0.004359
v 0.132440 0.087931 0.004923
v 0.082878 0.141928 0.009848
v 0.084530 0.142181 0.011456
v 0.087174 0.142183 0.012137
v 0.085830 0.140837 0.012617
v 0.091421 0.142790 0.008999
v 0.091839 0.142233 0.007567
v 0.100315 0.141032 0.006708
v 0.090498 0.142929 0.011229
v 0.098622 0.142633 0.011884
v 0.097909 0.142624 0.008178
v 0.098664 0.143004 0.011109
v 0.106809 0.139602 0.012475
v 0.103169 0.125892 0.012432
v 0.095529 0.122800 0.012079
v 0.125003 0.141722 0.013350
v 0.127316 0.142861 0.012866
v 0.124232 0.139708 0.012814
v 0.123665 0.139353 0.013196
v 0.127529 0.143681 0.013438
v 0.124930 0.141860 0.017987
v 0.130340 0.144622 0.013260
v 0.132340 0.144270 0.012798
v 0.131041 0.144779 0.017872
v 0.127672 0.143607 0.017282
v 0.124556 0.140632 0.018498
v 0.127788 0.143056 0.018572
v 0.124272 0.136451 0.018518
v 0.132328 0.144245 0.018542
v 0.141383 0.130800 0.012618
v 0.129897 0.134063 0.012787
v 0.132474 0.144878 0.013292
v 0.134528 0.144674 0.017890
v 0.135232 0.144546 0.013249
v 0.137557 0.142485 0.012728
v 0.138206 0.142637 0.013704
v 0.139453 0.138174 0.018427
v 0.137089 0.142690 0.018514
v 0.136708 0.143738 0.018052
v 0.138352 0.142266 0.017830
v 0.139529 0.139486 0.013128
v 0.141865 0.130786 0.013267
v 0.140111 0.137930 0.017711
v 0.104505 0.141478 0.007371
v 0.107696 0.139375 0.006439
v 0.116577 0.136386 0.006346
v 0.105644 0.129623 0.005125
v 0.116080 0.126878 0.005247
v 0.104330 0.142139 0.008874
v 0.108251 0.141708 0.011173
v 0.109327 0.140997 0.011830
v 0.112201 0.140439 0.008491
v 0.113062 0.139435 0.007353
v 0.114983 0.139916 0.011119
v 0.098255 0.121674 0.010922
v 0.105271 0.120276 0.010521
v 0.106428 0.119263 0.008268
v 0.108130 0.117968 0.006897
v 0.102293 0.122377 0.012097
v 0.106860 0.120578 0.011655
v 0.116700 0.119530 0.012311
v 0.117144 0.125084 0.004473
v 0.114702 0.129433 0.005791
v 0.122689 0.124710 0.005641
v 0.119453 0.136684 0.007046
v 0.120706 0.137350 0.008200
v 0.127329 0.129376 0.005958
v 0.116691 0.138212 0.012029
v 0.120874 0.137606 0.010755
v 0.116405 0.134914 0.012422
v 0.123157 0.133011 0.012367
v 0.126961 0.133812 0.007749
v 0.126073 0.135016 0.009686
v 0.111329 0.117390 0.007794
v 0.110832 0.118912 0.011232
v 0.119128 0.121888 0.001775
v 0.122866 0.118584 0.001183
v 0.124089 0.121206 0.004563
v 0.113945 0.115117 0.006538
v 0.116648 0.114761 0.007872
v 0.119202 0.112087 0.006590
v 0.117342 0.115554 0.010681
v 0.120869 0.111769 0.007547
v 0.114250 0.118353 0.011899
v 0.120045 0.115230 0.011926
v 0.122724 0.135044 0.012231
v 0.123045 0.136309 0.011624
v 0.117393 0.134683 0.012391
v 0.118058 0.134505 0.012382
v 0.123530 0.135047 0.012546
v 0.124064 0.135488 0.012163
v 0.126239 0.134143 0.012391
v 0.123670 0.134344 0.015524
v 0.123551 0.136393 0.012668
v 0.124582 0.131170 0.012926
v 0.123494 0.136438 0.017913
v 0.123648 0.139363 0.017827
v 0.126925 0.121704 0.012335
v 0.125144 0.129280 0.017750
v 0.131406 0.112724 0.018244
v 0.131618 0.128621 0.006262
v 0.131976 0.131193 0.008527
v 0.131167 0.118194 0.005476
v 0.134312 0.128810 0.007421
v 0.138087 0.121215 0.005902
v 0.139301 0.124470 0.007426
v 0.126551 0.117164 0.001958
v 0.122693 0.108276 0.005916
v 0.124549 0.108698 0.007577
v 0.131048 0.111517 0.001059
v 0.131029 0.113216 0.002061
v 0.130117 0.116494 0.004510
v 0.122122 0.111924 0.010207
v 0.122624 0.112657 0.011520
v 0.127146 0.107573 0.010575
v 0.128503 0.107682 0.011805
v 0.127125 0.110087 0.012064
v 0.131143 0.110509 0.012571
v 0.144509 0.116793 0.006403
v 0.139195 0.109151 0.005310
v 0.135482 0.110760 0.004353
v 0.135590 0.108159 0.002247
v 0.139072 0.101773 0.001397
v 0.141145 0.103208 0.004464
v 0.143487 0.113201 0.005602
v 0.150859 0.103454 0.005454
v 0.145320 0.099873 0.005173
v 0.130343 0.132402 0.010497
v 0.132175 0.130458 0.012317
v 0.134756 0.129265 0.010363
v 0.136643 0.127475 0.012556
v 0.127482 0.122018 0.012871
v 0.138694 0.125939 0.008780
v 0.140422 0.124311 0.010176
v 0.137918 0.125657 0.012005
v 0.142787 0.125602 0.018260
v 0.142491 0.128535 0.017858
v 0.131607 0.108966 0.016617
v 0.131867 0.109078 0.017763
v 0.145139 0.119279 0.008853
v 0.144602 0.118930 0.007617
v 0.143689 0.120685 0.012485
v 0.143934 0.119437 0.011962
v 0.143660 0.123507 0.013540
v 0.145909 0.118061 0.010430
v 0.144604 0.119550 0.017883
v 0.148911 0.111986 0.006793
v 0.149708 0.112473 0.007902
v 0.149636 0.113364 0.009736
v 0.145207 0.116871 0.012703
v 0.147096 0.112778 0.011968
v 0.148577 0.113519 0.011136
v 0.146769 0.110652 0.014651
v 0.146766 0.109535 0.017627
v 0.147205 0.101934 0.018014
v 0.125971 0.103752 0.005497
v 0.127970 0.103680 0.006406
v 0.128961 0.104193 0.007958
v 0.131508 0.102660 0.011144
v 0.131230 0.096453 0.005447
v 0.132364 0.098496 0.007113
v 0.134440 0.092989 0.006363
v 0.142494 0.094658 0.001233
v 0.135986 0.091165 0.007675
v 0.134585 0.097435 0.010565
v 0.133440 0.102950 0.012218
v 0.133544 0.103555 0.012698
v 0.135128 0.099103 0.012113
v 0.138095 0.090434 0.011723
v 0.137170 0.092223 0.017116
v 0.135278 0.086932 0.005584
v 0.137228 0.086220 0.007248
v 0.137097 0.081596 0.006079
v 0.137566 0.089333 0.010450
v 0.135211 0.078779 0.005075
v 0.139198 0.086208 0.015621
v 0.139656 0.085542 0.017550
v 0.140548 0.084545 0.017908
v 0.149896 0.090955 0.017895
v 0.034623 0.092100 0.006208
v 0.032451 0.092456 0.006994
v 0.031323 0.094299 0.009932
v 0.030642 0.089292 0.007981
v 0.029893 0.088155 0.010195
v 0.030507 0.080072 0.006787
v 0.029393 0.080822 0.008120
v 0.029237 0.082146 0.010130
v 0.033361 0.072903 0.005920
v 0.029555 0.075976 0.007591
v 0.029697 0.083505 0.012278
v 0.029066 0.075816 0.009292
v 0.029374 0.078610 0.012150
v 0.027306 0.074647 0.013361
v 0.040336 0.081725 0.005683
v 0.042921 0.091125 0.005557
v 0.044939 0.087704 0.002028
v 0.044264 0.081742 0.001619
v 0.042473 0.085140 0.004842
v 0.045159 0.094349 0.004382
v 0.044979 0.073947 0.001150
v 0.044203 0.069974 0.001833
v 0.043646 0.076780 0.002009
v 0.038380 0.072401 0.005768
v 0.042234 0.077749 0.004267
v 0.040619 0.074908 0.005439
v 0.042124 0.073524 0.004514
v 0.042779 0.068754 0.004376
v 0.029947 0.069782 0.007617
v 0.029490 0.069295 0.010117
v 0.029355 0.074017 0.011994
v 0.029832 0.070562 0.012178
v 0.027522 0.072819 0.012615
v 0.025562 0.063096 0.012262
v 0.021053 0.043807 0.011789
v 0.030214 0.064843 0.012251
v 0.033165 0.052853 0.012086
v 0.020371 0.038108 0.011183
v 0.031802 0.066597 0.006314
v 0.031702 0.060786 0.007325
v 0.030742 0.062759 0.008887
v 0.035925 0.057503 0.005694
v 0.034662 0.054276 0.006445
v 0.041480 0.063171 0.005554
v 0.030851 0.064480 0.011739
v 0.031600 0.058771 0.009680
v 0.032516 0.057675 0.011729
v 0.034115 0.052163 0.007942
v 0.035819 0.048882 0.007486
v 0.033423 0.053672 0.010001
v 0.034402 0.052533 0.011655
v 0.036034 0.047603 0.009604
v 0.038602 0.043701 0.007650
v 0.038007 0.045302 0.011524
v 0.049069 0.059958 0.000747
v 0.049919 0.073818 0.007217
v 0.052178 0.072949 0.005575
v 0.050798 0.079371 0.006214
v 0.051513 0.067084 0.006830
v 0.056812 0.073373 0.004876
v 0.057823 0.058796 0.005263
v 0.045770 0.063883 0.001480
v 0.043786 0.062951 0.004594
v 0.045658 0.057055 0.004560
v 0.047363 0.058199 0.001737
v 0.049440 0.053509 0.001618
v 0.053860 0.061793 0.006215
v 0.050653 0.067682 0.008053
v 0.053078 0.060309 0.007742
v 0.051580 0.061232 0.010819
v 0.054277 0.055217 0.010905
v 0.055554 0.055677 0.007320
v 0.045250 0.052080 0.005410
v 0.039676 0.046822 0.005906
v 0.039304 0.043771 0.006779
v 0.046066 0.041509 0.005560
v 0.053816 0.047737 0.001170
v 0.049472 0.050061 0.003926
v 0.046886 0.052142 0.005044
v 0.050903 0.045562 0.004930
v 0.051876 0.040945 0.005362
v 0.060305 0.042503 0.000709
v 0.059474 0.051692 0.006088
v 0.052548 0.048035 0.001801
v 0.056785 0.042820 0.001721
v 0.054383 0.043187 0.003959
v 0.059743 0.034148 0.005210
v 0.057989 0.038837 0.004321
v 0.062310 0.037418 0.001739
v 0.058027 0.051348 0.007675
v 0.057739 0.050062 0.010396
v 0.062120 0.046334 0.007526
v 0.066662 0.045394 0.005574
v 0.061573 0.045344 0.010920
v 0.057428 0.049285 0.011475
v 0.072511 0.046416 0.004824
v 0.064328 0.045865 0.006235
v 0.066234 0.042317 0.007888
v 0.033222 0.102893 0.013087
v 0.031174 0.093678 0.013256
v 0.030990 0.091207 0.012361
v 0.043761 0.097076 0.018996
v 0.026706 0.069571 0.018323
v 0.043909 0.092959 0.012827
v 0.042554 0.084395 0.012595
v 0.049247 0.090731 0.012575
v 0.041931 0.086280 0.013010
v 0.050939 0.090745 0.011323
v 0.051150 0.088029 0.007978
v 0.049522 0.085921 0.011346
v 0.044136 0.095232 0.018276
v 0.042066 0.089393 0.018535
v 0.051356 0.094991 0.012409
v 0.053007 0.095450 0.011003
v 0.042266 0.082731 0.012877
v 0.046924 0.082119 0.012525
v 0.044265 0.079977 0.012643
v 0.050038 0.083221 0.008087
v 0.048551 0.079807 0.011027
v 0.047763 0.080689 0.012051
v 0.043994 0.079354 0.013211
v 0.046892 0.077092 0.012515
v 0.047350 0.076193 0.013298
v 0.048332 0.074870 0.011583
v 0.049652 0.074140 0.015489
v 0.048861 0.073946 0.014029
v 0.041630 0.083151 0.017683
v 0.041611 0.086416 0.017744
v 0.041000 0.083720 0.018453
v 0.040245 0.085719 0.018821
v 0.041788 0.079493 0.018813
v 0.042713 0.080203 0.018112
v 0.043870 0.078720 0.018213
v 0.046229 0.075541 0.018921
v 0.048006 0.075205 0.017697
v 0.040992 0.050542 0.018222
v 0.049688 0.072497 0.017519
v 0.053697 0.092670 0.006566
v 0.053944 0.088302 0.005500
v 0.051436 0.085568 0.006521
v 0.052221 0.080636 0.005509
v 0.049488 0.077665 0.007950
v 0.048993 0.071734 0.010914
v 0.048101 0.074371 0.012288
v 0.048045 0.069055 0.012509
v 0.050222 0.065133 0.011199
v 0.048313 0.065965 0.012757
v 0.048538 0.065700 0.012672
v 0.048215 0.066328 0.012699
v 0.050810 0.071727 0.015569
v 0.050524 0.070482 0.014912
v 0.049044 0.065437 0.013398
v 0.049845 0.065910 0.015719
v 0.048535 0.063917 0.012830
v 0.048488 0.065004 0.012945
v 0.048505 0.062393 0.013382
v 0.047974 0.062267 0.012819
v 0.049840 0.061829 0.012038
v 0.048131 0.059666 0.012864
v 0.048797 0.056387 0.012369
v 0.048509 0.060014 0.015953
v 0.047582 0.060056 0.016863
v 0.050189 0.072671 0.017039
v 0.050549 0.070312 0.016625
v 0.045950 0.048670 0.012825
v 0.046037 0.048988 0.015702
v 0.043880 0.039881 0.015872
v 0.054267 0.052353 0.011924
v 0.060529 0.042753 0.012445
v 0.062774 0.042841 0.011962
v 0.067201 0.040476 0.010850
v 0.037068 0.035509 0.011655
v 0.016906 0.019791 0.010476
v 0.016321 0.020777 0.010948
v 0.019335 0.033675 0.017102
v 0.030859 0.017463 0.010921
v 0.016616 0.019179 0.011043
v 0.017609 0.018214 0.010924
v 0.016491 0.018744 0.015934
v 0.018475 0.017586 0.016064
v 0.016214 0.020795 0.016228
v 0.017346 0.018882 0.016516
v 0.023644 0.017134 0.010651
v 0.023267 0.016600 0.011230
v 0.027097 0.016172 0.011139
v 0.025392 0.015986 0.016342
v 0.026154 0.016660 0.016721
v 0.029761 0.016515 0.016526
v 0.035810 0.019743 0.012051
v 0.032536 0.017527 0.011565
v 0.039102 0.042156 0.009694
v 0.040577 0.041282 0.011784
v 0.038104 0.040175 0.011868
v 0.039758 0.041821 0.011870
v 0.043442 0.035893 0.011227
v 0.041793 0.039172 0.012287
v 0.041423 0.036988 0.012848
v 0.046932 0.035674 0.006143
v 0.043539 0.036153 0.008353
v 0.046568 0.033038 0.007478
v 0.042879 0.036443 0.012527
v 0.043251 0.036152 0.012560
v 0.044083 0.036125 0.011734
v 0.042174 0.029774 0.013469
v 0.043032 0.034495 0.013374
v 0.045980 0.032512 0.010728
v 0.047839 0.030887 0.011485
v 0.040199 0.035710 0.017132
v 0.033261 0.018575 0.017071
v 0.045002 0.038217 0.012375
v 0.044327 0.039274 0.012747
v 0.043700 0.035649 0.013535
v 0.043528 0.036370 0.012453
v 0.043199 0.034618 0.015274
v 0.042285 0.031007 0.015571
v 0.041347 0.027602 0.015215
v 0.039311 0.022941 0.013252
v 0.039019 0.023431 0.015841
v 0.039417 0.023127 0.015143
v 0.036223 0.019636 0.012477
v 0.037224 0.020476 0.015540
v 0.034267 0.018270 0.016219
v 0.035273 0.019264 0.016535
v 0.054807 0.027742 0.005873
v 0.050958 0.029253 0.006764
v 0.050545 0.028642 0.007640
v 0.051915 0.026851 0.010949
v 0.062829 0.034700 0.004183
v 0.055988 0.024458 0.007006
v 0.063254 0.023617 0.005335
v 0.060431 0.022524 0.006150
v 0.056227 0.026302 0.012410
v 0.053417 0.026583 0.012021
v 0.076022 0.015614 0.012293
v 0.056192 0.023622 0.009156
v 0.057928 0.022536 0.011144
v 0.088347 0.043065 0.004438
v 0.068994 0.033576 0.001278
v 0.077594 0.031791 0.000606
v 0.068743 0.041332 0.006622
v 0.073831 0.038997 0.006023
v 0.069917 0.039479 0.008109
v 0.074591 0.041167 0.005227
v 0.074508 0.037080 0.007527
v 0.081341 0.035213 0.006361
v 0.097666 0.028045 0.000399
v 0.078115 0.035388 0.007812
v 0.084082 0.036624 0.005276
v 0.102703 0.025959 0.001364
v 0.107943 0.027423 0.000977
v 0.069610 0.038140 0.011668
v 0.073946 0.036176 0.010884
v 0.080204 0.033616 0.010707
v 0.084615 0.033274 0.007810
v 0.095838 0.036823 0.004815
v 0.090358 0.034190 0.005722
v 0.090799 0.032910 0.006697
v 0.091385 0.032186 0.008041
v 0.104340 0.055330 0.000500
v 0.114778 0.053623 0.000432
v 0.104649 0.054925 0.000495
v 0.133525 0.046764 0.000323
v 0.123443 0.056715 0.000414
v 0.113745 0.046582 0.004310
v 0.098032 0.034270 0.005604
v 0.088562 0.031736 0.010513
v 0.094594 0.031273 0.010610
v 0.096402 0.032432 0.007391
v 0.108228 0.037152 0.005289
v 0.106899 0.035203 0.006055
v 0.103503 0.033327 0.007282
v 0.101911 0.031930 0.010679
v 0.094655 0.030133 0.011700
v 0.103532 0.030798 0.011738
v 0.116644 0.042603 0.004883
v 0.113974 0.038381 0.005786
v 0.120741 0.043417 0.005407
v 0.119177 0.040348 0.006746
v 0.121101 0.034664 0.000558
v 0.106509 0.024632 0.003739
v 0.122184 0.033355 0.001140
v 0.112917 0.028847 0.001182
v 0.110883 0.026180 0.003372
v 0.118436 0.029224 0.003450
v 0.118270 0.026847 0.004390
v 0.109050 0.034889 0.007269
v 0.110961 0.034550 0.010179
v 0.115345 0.037567 0.007491
v 0.106526 0.032992 0.010557
v 0.110814 0.033545 0.011455
v 0.113796 0.032805 0.011952
v 0.099353 0.027907 0.012020
v 0.116473 0.016586 0.011933
v 0.118371 0.038442 0.009862
v 0.126166 0.049543 0.005097
v 0.123399 0.043573 0.006742
v 0.124600 0.042606 0.010597
v 0.118383 0.037620 0.011049
v 0.121764 0.039056 0.011500
v 0.116439 0.035880 0.011506
v 0.126814 0.039931 0.011918
v 0.068561 0.032913 0.001874
v 0.068487 0.031024 0.004125
v 0.069588 0.027889 0.005050
v 0.075203 0.029404 0.001801
v 0.074817 0.027871 0.004031
v 0.061821 0.020219 0.007260
v 0.062862 0.019116 0.009508
v 0.071114 0.018145 0.005572
v 0.069279 0.017235 0.006464
v 0.068147 0.016819 0.007629
v 0.060818 0.021145 0.011796
v 0.064990 0.018489 0.011301
v 0.069649 0.015811 0.009577
v 0.069053 0.017324 0.011906
v 0.071958 0.015222 0.011314
v 0.079266 0.028372 0.001201
v 0.087306 0.015889 0.004947
v 0.083195 0.025058 0.003677
v 0.081978 0.024564 0.004308
v 0.081174 0.022788 0.004881
v 0.088496 0.025712 0.001787
v 0.088771 0.026560 0.001102
v 0.095994 0.022431 0.004208
v 0.075994 0.013974 0.007780
v 0.080101 0.013876 0.006311
v 0.076454 0.013468 0.010419
v 0.078590 0.012928 0.011183
v 0.082235 0.012349 0.007785
v 0.085769 0.013919 0.005497
v 0.086422 0.011839 0.011379
v 0.087968 0.011225 0.010704
v 0.091374 0.024102 0.003492
v 0.094829 0.020067 0.004646
v 0.096522 0.025480 0.001378
v 0.098797 0.024110 0.003200
v 0.087554 0.011998 0.006681
v 0.088059 0.011368 0.007781
v 0.096613 0.012335 0.005762
v 0.096476 0.011142 0.007144
v 0.093836 0.010922 0.008926
v 0.105808 0.014118 0.005113
v 0.071402 0.035047 0.012320
v 0.075182 0.034568 0.011758
v 0.079636 0.032575 0.011927
v 0.083082 0.029377 0.012208
v 0.087183 0.031140 0.011666
v 0.097250 0.013836 0.012025
v 0.096840 0.011935 0.011702
v 0.096618 0.011005 0.010880
v 0.106518 0.021747 0.004428
v 0.114118 0.017996 0.004536
v 0.106754 0.013115 0.005689
v 0.117328 0.016939 0.005033
v 0.109420 0.012798 0.006918
v 0.103419 0.011956 0.006395
v 0.110383 0.012536 0.009553
v 0.114111 0.013695 0.010572
v 0.108118 0.012819 0.011469
v 0.101542 0.011257 0.010593
v 0.104821 0.011576 0.008210
v 0.145374 0.082200 0.001181
v 0.145465 0.074845 0.000998
v 0.143710 0.082021 0.000356
v 0.147498 0.078233 0.003826
v 0.147240 0.072494 0.003540
v 0.154174 0.102515 0.006602
v 0.153807 0.105094 0.007678
v 0.154894 0.097874 0.005864
v 0.153126 0.107167 0.008943
v 0.152549 0.107879 0.010804
v 0.148048 0.108685 0.012236
v 0.151251 0.106942 0.011724
v 0.148747 0.105649 0.012146
v 0.156260 0.093415 0.011722
v 0.156316 0.100135 0.009999
v 0.155279 0.100998 0.011060
v 0.144391 0.094328 0.003746
v 0.145955 0.094162 0.004689
v 0.145943 0.087889 0.003207
v 0.144478 0.087731 0.001137
v 0.147486 0.085571 0.004266
v 0.149395 0.088430 0.005010
v 0.154170 0.092340 0.005235
v 0.154087 0.097163 0.005619
v 0.157232 0.093157 0.006413
v 0.156689 0.098110 0.007902
v 0.139053 0.083559 0.010454
v 0.138088 0.081334 0.007143
v 0.137511 0.074392 0.006059
v 0.138667 0.074952 0.007808
v 0.139677 0.078351 0.010432
v 0.148882 0.073784 0.004501
v 0.141517 0.079286 0.012083
v 0.141349 0.079782 0.016999
v 0.158417 0.092183 0.007877
v 0.158193 0.085809 0.005809
v 0.156583 0.071696 0.004949
v 0.159642 0.085602 0.007710
v 0.159195 0.090127 0.010370
v 0.150330 0.072029 0.004840
v 0.159407 0.070662 0.006196
v 0.158263 0.074732 0.005419
v 0.159438 0.075962 0.006185
v 0.155079 0.074749 0.014021
v 0.153462 0.083792 0.011909
v 0.153063 0.083839 0.013881
v 0.158558 0.081434 0.011666
v 0.155171 0.075647 0.011826
v 0.156287 0.071197 0.011893
v 0.159910 0.081536 0.007498
v 0.160456 0.080107 0.010342
v 0.160210 0.074984 0.007870
v 0.160281 0.078417 0.010805
v 0.159292 0.084191 0.011386
v 0.159902 0.068856 0.007780
v 0.160374 0.072709 0.010199
v 0.159062 0.068171 0.011544
v 0.149692 0.101866 0.012027
v 0.149055 0.102134 0.013577
v 0.150132 0.098656 0.012024
v 0.148403 0.100282 0.017521
v 0.151166 0.094852 0.012038
v 0.150459 0.092494 0.016475
v 0.157426 0.096198 0.010702
v 0.151623 0.091624 0.012105
v 0.151652 0.090778 0.014227
v 0.152525 0.090036 0.011867
v 0.151259 0.087916 0.017283
v 0.147498 0.076876 0.017812
v 0.151498 0.081815 0.017810
v 0.152627 0.080599 0.017224
v 0.158059 0.094908 0.009703
v 0.153223 0.075008 0.017724
v 0.154399 0.074126 0.016775
v 0.135279 0.069299 0.005011
v 0.136488 0.068325 0.005680
v 0.137798 0.068991 0.006973
v 0.134294 0.061939 0.005472
v 0.136556 0.064300 0.006750
v 0.134826 0.059548 0.006644
v 0.143665 0.066405 0.000586
v 0.129834 0.056907 0.004771
v 0.132191 0.055974 0.005735
v 0.128879 0.050006 0.006224
v 0.125869 0.047025 0.005848
v 0.132392 0.054021 0.007049
v 0.128161 0.047872 0.007377
v 0.138180 0.050030 0.001036
v 0.134775 0.045288 0.000991
v 0.132564 0.052371 0.010401
v 0.135172 0.057468 0.009801
v 0.129316 0.047898 0.010229
v 0.131989 0.049697 0.011447
v 0.137646 0.063500 0.009808
v 0.136109 0.056981 0.011191
v 0.139089 0.058917 0.011766
v 0.144957 0.067291 0.001254
v 0.146104 0.064757 0.003460
v 0.146483 0.061622 0.004236
v 0.140242 0.055279 0.000585
v 0.143253 0.060671 0.001220
v 0.141122 0.054980 0.001303
v 0.143014 0.055521 0.003380
v 0.146725 0.057750 0.004625
v 0.138792 0.048068 0.003246
v 0.142294 0.051216 0.004233
v 0.134221 0.039057 0.004320
v 0.144628 0.040526 0.004773
v 0.141129 0.046049 0.004601
v 0.149466 0.045913 0.005036
v 0.129852 0.039782 0.000984
v 0.127302 0.035131 0.003163
v 0.130381 0.033972 0.004497
v 0.125562 0.032391 0.004135
v 0.125443 0.022379 0.004741
v 0.131388 0.023513 0.005694
v 0.125413 0.019671 0.005797
v 0.136297 0.028583 0.005258
v 0.129790 0.021266 0.006918
v 0.127326 0.043541 0.011497
v 0.134459 0.041977 0.003364
v 0.140571 0.048038 0.011870
v 0.132894 0.024948 0.011848
v 0.125513 0.019659 0.011659
v 0.130562 0.021539 0.010932
v 0.141285 0.034150 0.011804
v 0.142375 0.033650 0.005502
v 0.145240 0.035487 0.006451
v 0.140726 0.029878 0.007131
v 0.143789 0.037923 0.011923
v 0.143377 0.042475 0.012354
v 0.144341 0.038804 0.012386
v 0.149542 0.042414 0.005930
v 0.148958 0.039887 0.007131
v 0.150447 0.041940 0.010443
v 0.148027 0.038403 0.010581
v 0.146448 0.035797 0.010473
v 0.144866 0.034114 0.008205
v 0.142330 0.031199 0.010809
v 0.145354 0.036518 0.012204
v 0.144787 0.037311 0.013151
v 0.145138 0.037250 0.012653
v 0.146188 0.038603 0.012635
v 0.146471 0.035948 0.011377
v 0.144409 0.034910 0.011479
v 0.138772 0.028848 0.006159
v 0.138885 0.027680 0.008656
v 0.135097 0.025196 0.006600
v 0.135323 0.024876 0.010921
v 0.129904 0.020886 0.008388
v 0.137775 0.027651 0.011461
v 0.154547 0.052908 0.005751
v 0.153573 0.048638 0.006339
v 0.152087 0.044911 0.007302
v 0.148597 0.025412 0.014437
v 0.147677 0.025885 0.014779
v 0.147155 0.028080 0.013955
v 0.114737 0.014519 0.006446
v 0.118686 0.015432 0.007780
v 0.115327 0.014454 0.011121
v 0.120247 0.016811 0.006168
v 0.119269 0.015500 0.010776
v 0.124090 0.017516 0.010420
v 0.123497 0.017702 0.007206
v 0.110627 -0.019205 0.032133
v 0.108405 -0.022053 0.031463
v 0.108924 -0.020849 0.034874
v 0.107610 -0.022692 0.034953
v 0.106946 -0.025202 0.035302
v 0.111156 -0.018649 0.034785
v 0.113285 -0.017109 0.031794
v 0.111558 -0.019694 0.035277
v 0.113839 -0.016791 0.034889
v 0.117762 -0.015686 0.035263
v 0.120611 -0.015053 0.031872
v 0.116741 -0.015460 0.032106
v 0.115850 -0.015696 0.034585
v 0.119257 -0.014914 0.034437
v 0.122056 -0.014945 0.034742
v 0.124433 -0.015359 0.032170
v 0.129593 -0.017863 0.031838
v 0.125402 -0.015603 0.034689
v 0.126897 -0.016179 0.032341
v 0.132681 -0.021523 0.035334
v 0.124165 -0.039923 0.035533
v 0.132107 -0.019877 0.031969
v 0.134013 -0.023114 0.031566
v 0.138020 -0.035559 0.030969
v 0.136663 -0.027850 0.031393
v 0.134606 -0.022748 0.032025
v 0.137333 -0.027862 0.031994
v 0.138475 -0.032364 0.031619
v 0.139437 0.070427 0.010353
v 0.140168 0.074586 0.010830
v 0.142018 0.076671 0.011956
v 0.141039 0.070558 0.011659
v 0.144153 0.070515 0.011936
v 0.138729 0.063966 0.011113
v 0.143054 0.061511 0.011831
v 0.144704 0.066159 0.012265
v 0.144610 0.070680 0.012363
v 0.144027 0.061955 0.012288
v 0.143963 0.073199 0.016679
v 0.144863 0.069087 0.016121
v 0.144283 0.074233 0.017685
v 0.145182 0.068911 0.017311
v 0.146339 0.067597 0.017719
v 0.144438 0.063592 0.016390
v 0.144523 0.063045 0.017234
v 0.143842 0.058186 0.017682
v 0.140508 0.054263 0.011941
v 0.141834 0.056544 0.012409
v 0.142624 0.058405 0.016455
v 0.141134 0.053316 0.012400
v 0.141297 0.054585 0.016536
v 0.141175 0.049638 0.015998
v 0.141362 0.051989 0.017298
v 0.142653 0.057495 0.017394
v 0.157315 0.064662 0.005434
v 0.158724 0.064806 0.006391
v 0.159745 0.067089 0.010124
v 0.158881 0.067090 0.012016
v 0.158638 0.064872 0.011586
v 0.156667 0.070182 0.013724
v 0.158914 0.067190 0.013189
v 0.156427 0.070019 0.016536
v 0.159234 0.065864 0.012184
v 0.161576 0.064708 0.012638
v 0.158816 0.067329 0.017059
v 0.161508 0.064894 0.016639
v 0.158384 0.061489 0.012210
v 0.158656 0.064322 0.011947
v 0.156987 0.058838 0.011894
v 0.157772 0.057930 0.009770
v 0.155249 0.049910 0.017520
v 0.156795 0.067696 0.017648
v 0.141347 0.049415 0.012335
v 0.155659 0.052435 0.010283
v 0.152744 0.048671 0.012294
v 0.153174 0.046772 0.010362
v 0.154402 0.051903 0.012453
v 0.149757 0.043479 0.012976
v 0.143205 0.044551 0.017555
v 0.161025 0.064565 0.017583
v 0.154814 0.070723 0.017700
v 0.142607 0.043277 0.015233
v 0.142062 0.046888 0.017177
v 0.144346 0.037459 0.016832
v 0.144084 0.038054 0.013853
v 0.146870 0.039575 0.013192
v 0.148874 0.042412 0.012530
v 0.145445 0.033379 0.013715
v 0.162175 0.063203 0.012188
v 0.145590 0.037283 0.013333
v 0.145116 0.034014 0.014616
v 0.153486 0.034360 0.013638
v 0.146695 0.031260 0.017391
v 0.153676 0.032968 0.017331
v 0.146992 0.028074 0.016877
v 0.147639 0.026036 0.016485
v 0.158711 0.061716 0.007615
v 0.156707 0.057974 0.006136
v 0.156306 0.054370 0.007071
v 0.164359 0.062798 0.012830
v 0.166322 0.060361 0.012397
v 0.166088 0.061239 0.012976
v 0.168930 0.054136 0.012618
v 0.168350 0.057759 0.012980
v 0.154834 0.050024 0.008638
v 0.172199 0.042875 0.013140
v 0.172768 0.042851 0.013830
v 0.166722 0.036474 0.013502
v 0.165049 0.062308 0.017177
v 0.166850 0.059045 0.017482
v 0.167749 0.059281 0.017169
v 0.170657 0.050932 0.016954
v 0.171572 0.045641 0.017342
v 0.155949 0.032759 0.014136
v 0.154314 0.032116 0.013962
v 0.154355 0.028717 0.013979
v 0.157485 0.032433 0.014220
v 0.154788 0.030562 0.014502
v 0.155067 0.031905 0.015151
v 0.157840 0.034041 0.013719
v 0.156857 0.032449 0.016153
v 0.154977 0.031663 0.016587
v 0.155916 0.032500 0.016742
v 0.154647 0.031924 0.017104
v 0.157643 0.032573 0.016795
v 0.162963 0.035585 0.013587
v 0.158408 0.030803 0.014142
v 0.159563 0.028624 0.014032
v 0.159332 0.027972 0.014547
v 0.157637 0.031798 0.015783
v 0.158391 0.029246 0.015477
v 0.165077 0.035232 0.013850
v 0.163698 0.034518 0.013908
v 0.163643 0.029879 0.013938
v 0.163902 0.033343 0.014432
v 0.158027 0.033488 0.017283
v 0.163255 0.035417 0.017261
v 0.167091 0.035756 0.017267
v 0.163078 0.033350 0.017231
v 0.159352 0.029595 0.017198
v 0.163785 0.029557 0.017169
v 0.164346 0.034247 0.015131
v 0.163999 0.033814 0.016265
v 0.164350 0.034505 0.016735
v 0.164670 0.030435 0.016843
v 0.148753 0.025279 0.017098
v 0.151284 0.026346 0.017264
v 0.155035 0.027998 0.014189
v 0.154224 0.026725 0.014361
v 0.151906 0.025699 0.016092
v 0.155218 0.026654 0.016477
v 0.155611 0.028333 0.016764
v 0.154746 0.026987 0.017227
v 0.155610 0.027473 0.015295
v 0.159321 0.027729 0.016818
v 0.162878 0.028731 0.014666
v 0.164379 0.030292 0.014291
v 0.164211 0.029393 0.014749
v 0.166892 0.034600 0.014081
v 0.168842 0.031262 0.013748
v 0.174241 0.037566 0.016738
v 0.174339 0.032605 0.017214
v 0.165990 0.034742 0.014822
v 0.166959 0.033978 0.015307
v 0.166341 0.034655 0.016180
v 0.167341 0.034024 0.016714
v 0.164337 0.029239 0.016521
v 0.167986 0.031212 0.014396
v 0.168830 0.030421 0.014361
v 0.168177 0.030681 0.016606
v 0.169131 0.030338 0.016531
v 0.169253 0.031065 0.017159
v 0.171355 0.031478 0.017197
v 0.174130 0.033260 0.013616
v 0.174550 0.035664 0.014053
v 0.174803 0.032545 0.014325
v 0.175255 0.033142 0.016507
v 0.173250 0.031429 0.014342
v 0.174348 0.031711 0.016349
v 0.126827 -0.016796 0.035259
v 0.129933 -0.017925 0.034846
v 0.133173 -0.020982 0.034826
v 0.135364 -0.023977 0.035004
v 0.137404 -0.029576 0.035401
v 0.137248 -0.027882 0.034715
v 0.138666 -0.033068 0.035066
v 0.035029 -0.038468 0.024269
v 0.039714 -0.033784 0.024514
v 0.041188 -0.034251 0.023313
v 0.042323 -0.031338 0.026716
v 0.036625 -0.036152 0.026952
v 0.041694 -0.032045 0.029116
v 0.037067 -0.036083 0.029237
v 0.040210 -0.034374 0.029936
v 0.046441 -0.029158 0.029773
v 0.030786 -0.044317 0.023842
v 0.025229 -0.055117 0.023648
v 0.027347 -0.049337 0.024334
v 0.029231 -0.051887 0.022964
v 0.032009 -0.041451 0.025907
v 0.027925 -0.047587 0.025308
v 0.028761 -0.045977 0.028847
v 0.026206 -0.050183 0.026495
v 0.028803 -0.046654 0.029832
v 0.032868 -0.040443 0.028831
v 0.035190 -0.039796 0.023448
v 0.040923 -0.037904 0.022796
v 0.024256 -0.055325 0.024563
v 0.021961 -0.062117 0.024528
v 0.023266 -0.057041 0.025639
v 0.021135 -0.063728 0.026791
v 0.021832 -0.061275 0.029239
v 0.032266 -0.060440 0.022699
v 0.025063 -0.052571 0.029286
v 0.024627 -0.054579 0.029941
v 0.025387 -0.054848 0.030218
v 0.021302 -0.065416 0.029995
v 0.042903 -0.050777 0.030106
v 0.035436 -0.068571 0.030081
v 0.034329 -0.039392 0.029661
v 0.040668 -0.035031 0.030168
v 0.020367 -0.068281 0.029309
v 0.019741 -0.073768 0.029366
v 0.019794 -0.077646 0.029668
v 0.021018 -0.078416 0.030116
v 0.035493 -0.080991 0.030094
v 0.055216 -0.042920 0.015946
v 0.059498 -0.039743 0.017312
v 0.053233 -0.041065 0.020427
v 0.062672 -0.037442 0.018945
v 0.058799 -0.022904 0.024849
v 0.058771 -0.023728 0.023654
v 0.053497 -0.024963 0.024714
v 0.068113 -0.022171 0.023198
v 0.051948 -0.029438 0.022811
v 0.053999 -0.024411 0.027687
v 0.061872 -0.021707 0.026567
v 0.060940 -0.022140 0.029050
v 0.054544 -0.024667 0.029462
v 0.044394 -0.031099 0.023684
v 0.047391 -0.027982 0.028928
v 0.047405 -0.028016 0.024808
v 0.050182 -0.027281 0.023914
v 0.057289 -0.036052 0.022190
v 0.051077 -0.040834 0.021793
v 0.048181 -0.040221 0.022523
v 0.054155 -0.026511 0.030074
v 0.056511 -0.039996 0.030061
v 0.068246 -0.020403 0.026241
v 0.065082 -0.021260 0.024333
v 0.071510 -0.020198 0.024479
v 0.073552 -0.030447 0.022535
v 0.076509 -0.023417 0.022666
v 0.060727 -0.032501 0.022550
v 0.057071 -0.038151 0.021109
v 0.063913 -0.035352 0.021173
v 0.065672 -0.033489 0.022020
v 0.070543 -0.034328 0.020590
v 0.061983 -0.042608 0.025416
v 0.067683 -0.044411 0.018220
v 0.069567 -0.039987 0.025301
v 0.068672 -0.033934 0.030008
v 0.061201 -0.023751 0.030043
v 0.062931 -0.038190 0.029705
v 0.072807 -0.032388 0.021944
v 0.062200 -0.040241 0.028375
v 0.069090 -0.036213 0.029760
v 0.068660 -0.038612 0.027746
v 0.074895 -0.038243 0.027035
v 0.037502 -0.050857 0.022668
v 0.040992 -0.049949 0.022118
v 0.046134 -0.044991 0.021802
v 0.047754 -0.045902 0.019787
v 0.041585 -0.052289 0.020737
v 0.037047 -0.057626 0.021786
v 0.033891 -0.062037 0.022327
v 0.034691 -0.064038 0.021634
v 0.036907 -0.062733 0.019668
v 0.038922 -0.057923 0.019840
v 0.041337 -0.057569 0.029736
v 0.042663 -0.058840 0.028622
v 0.045546 -0.059957 0.023352
v 0.046116 -0.055955 0.026350
v 0.042840 -0.067071 0.023090
v 0.038558 -0.065961 0.029619
v 0.040331 -0.064463 0.028547
v 0.055133 -0.055569 0.012322
v 0.059509 -0.051397 0.012467
v 0.054089 -0.052526 0.018593
v 0.057360 -0.049949 0.018104
v 0.050382 -0.050545 0.026079
v 0.061536 -0.046741 0.018942
v 0.048744 -0.049744 0.028726
v 0.048803 -0.047283 0.029713
v 0.045291 -0.054027 0.028787
v 0.054784 -0.044586 0.028237
v 0.056695 -0.045099 0.026261
v 0.056285 -0.041939 0.029514
v 0.068147 -0.038402 0.014292
v 0.075593 -0.044610 0.000989
v 0.075247 -0.043921 0.001705
v 0.069156 -0.049619 0.007807
v 0.067582 -0.051303 0.006851
v 0.074613 -0.048916 0.006998
v 0.069709 -0.046722 0.011934
v 0.065728 -0.048570 0.011223
v 0.073830 -0.046147 0.011225
v 0.070884 -0.051820 0.006250
v 0.076276 -0.049179 0.006763
v 0.073053 -0.036555 0.016235
v 0.079069 -0.035642 0.017515
v 0.079228 -0.045761 0.011375
v 0.073064 -0.042346 0.019887
v 0.077321 -0.042320 0.019173
v 0.080839 -0.044469 0.001247
v 0.082585 -0.040374 0.008789
v 0.083107 -0.051379 0.006103
v 0.086964 -0.045517 0.001375
v 0.090434 -0.047059 0.000882
v 0.081663 -0.048635 0.007305
v 0.086502 -0.046900 0.011553
v 0.086238 -0.051092 0.006442
v 0.092047 -0.054181 0.006160
v 0.088611 -0.050221 0.007733
v 0.079762 -0.032573 0.021703
v 0.087582 -0.032220 0.022280
v 0.095221 -0.026789 0.022646
v 0.084145 -0.035099 0.019303
v 0.077777 -0.033490 0.020802
v 0.085653 -0.033933 0.021196
v 0.082708 -0.038934 0.026137
v 0.090453 -0.037310 0.017848
v 0.092974 -0.036304 0.020672
v 0.093613 -0.035045 0.021838
v 0.096727 -0.039169 0.019057
v 0.081927 -0.043461 0.016999
v 0.093516 -0.050425 0.010976
v 0.095735 -0.043748 0.024746
v 0.088304 -0.042697 0.021169
v 0.087646 -0.039610 0.026487
v 0.064123 -0.051685 0.008103
v 0.065309 -0.021066 0.029134
v 0.072588 -0.021729 0.029958
v 0.071716 -0.020003 0.028500
v 0.073966 -0.019726 0.026526
v 0.076463 -0.019946 0.029151
v 0.078320 -0.019589 0.028326
v 0.073442 -0.035220 0.029700
v 0.080178 -0.019782 0.024766
v 0.077001 -0.020483 0.023782
v 0.083513 -0.020274 0.024317
v 0.084740 -0.021327 0.023471
v 0.088273 -0.023148 0.022989
v 0.087568 -0.020625 0.024667
v 0.092845 -0.022776 0.023547
v 0.101175 -0.027088 0.029796
v 0.079499 -0.033700 0.029883
v 0.085572 -0.020850 0.029507
v 0.085035 -0.020087 0.028318
v 0.091203 -0.021230 0.028503
v 0.091785 -0.021391 0.026394
v 0.093445 -0.022567 0.029521
v 0.094564 -0.036412 0.029786
v 0.077077 -0.037096 0.028172
v 0.080825 -0.035894 0.029225
v 0.086191 -0.038095 0.028116
v 0.085933 -0.036104 0.029519
v 0.095817 -0.022839 0.024554
v 0.092910 -0.032535 0.022487
v 0.101851 -0.026198 0.023491
v 0.101778 -0.037647 0.022349
v 0.107306 -0.032006 0.022697
v 0.097044 -0.022976 0.027648
v 0.097844 -0.023469 0.028891
v 0.101574 -0.025090 0.024718
v 0.103280 -0.025701 0.028512
v 0.102657 -0.025810 0.029113
v 0.103761 -0.035128 0.029755
v 0.093593 -0.039041 0.029209
v 0.094180 -0.040798 0.027932
v 0.099210 -0.040679 0.029576
v 0.100837 -0.042834 0.029242
v 0.038541 -0.074311 0.028481
v 0.038406 -0.081523 0.028717
v 0.036726 -0.072934 0.029910
v 0.039038 -0.068659 0.028780
v 0.037986 -0.084159 0.029355
v 0.037712 -0.091015 0.030042
v 0.040537 -0.089228 0.028192
v 0.040064 -0.092148 0.029649
v 0.041664 -0.099340 0.030049
v 0.046419 -0.100401 0.028347
v 0.043254 -0.097282 0.029291
v 0.045697 -0.101877 0.029594
v 0.050552 -0.106334 0.029409
v 0.052478 -0.106275 0.027697
v 0.054207 -0.109601 0.029383
v 0.056525 -0.109576 0.027976
v 0.059056 -0.112925 0.029519
v 0.061125 -0.117073 0.029933
v 0.060384 -0.130374 0.029779
v 0.062675 -0.112700 0.027598
v 0.064688 -0.115783 0.029568
v 0.067843 -0.114716 0.027754
v 0.072962 -0.114044 0.025222
v 0.072952 -0.116261 0.028459
v 0.068582 -0.116107 0.029057
v 0.077048 -0.131123 0.029795
v 0.073663 -0.119275 0.029816
v 0.059887 -0.131622 0.028870
v 0.064740 -0.132933 0.029033
v 0.098846 -0.054668 0.000120
v 0.095285 -0.049558 0.000978
v 0.100472 -0.053632 0.000922
v 0.102339 -0.057758 0.000298
v 0.096977 -0.043958 0.011707
v 0.095908 -0.059231 0.005874
v 0.094643 -0.054087 0.007328
v 0.101846 -0.046856 0.012220
v 0.096771 -0.057534 0.006276
v 0.096998 -0.055317 0.008056
v 0.099620 -0.057566 0.008540
v 0.104950 -0.059277 0.001097
v 0.106674 -0.065334 0.000242
v 0.107893 -0.065008 0.001335
v 0.115204 -0.059404 0.017538
v 0.099202 -0.050020 0.017984
v 0.107028 -0.051442 0.026434
v 0.108809 -0.047844 0.019627
v 0.104057 -0.043099 0.020001
v 0.105922 -0.055850 0.019864
v 0.110878 -0.053830 0.015651
v 0.105940 -0.060397 0.014940
v 0.099515 -0.062233 0.006073
v 0.102993 -0.072012 0.005824
v 0.101978 -0.062464 0.007264
v 0.109334 -0.071602 0.000559
v 0.107735 -0.079460 0.000063
v 0.103786 -0.069235 0.006330
v 0.104218 -0.065842 0.007923
v 0.114140 -0.064074 0.012546
v 0.104769 -0.077302 0.006344
v 0.106244 -0.074462 0.007799
v 0.106064 -0.071646 0.008262
v 0.102199 -0.088716 0.006593
v 0.099497 -0.091509 0.006199
v 0.104555 -0.083219 0.006936
v 0.105271 -0.085392 0.008444
v 0.102663 -0.090596 0.007938
v 0.106739 -0.077938 0.008630
v 0.109160 -0.083162 0.014139
v 0.109145 -0.066283 0.015995
v 0.118213 -0.064523 0.019378
v 0.113941 -0.062096 0.027217
v 0.110060 -0.076180 0.000845
v 0.108889 -0.085144 0.000798
v 0.110241 -0.080946 0.001612
v 0.107888 -0.088699 0.001036
v 0.113894 -0.087246 0.010558
v 0.106985 -0.088307 0.012897
v 0.113321 -0.092528 0.013035
v 0.118376 -0.073223 0.016533
v 0.119244 -0.068033 0.019529
v 0.121057 -0.072788 0.020747
v 0.115106 -0.084119 0.025848
v 0.118137 -0.079680 0.016409
v 0.118174 -0.084489 0.017617
v 0.116936 -0.091489 0.018582
v 0.116757 -0.078174 0.027403
v 0.120616 -0.078366 0.019890
v 0.122252 -0.076549 0.021372
v 0.121133 -0.082345 0.020749
v 0.122556 -0.081923 0.021567
v 0.122067 -0.089291 0.021785
v 0.119604 -0.090267 0.020873
v 0.099890 -0.039071 0.021256
v 0.111822 -0.044613 0.022422
v 0.118913 -0.043199 0.022676
v 0.107140 -0.028402 0.024067
v 0.112517 -0.033038 0.023232
v 0.109263 -0.029146 0.026215
v 0.107170 -0.027978 0.028614
v 0.104668 -0.030387 0.029932
v 0.104555 -0.034616 0.030329
v 0.105014 -0.039751 0.030070
v 0.112859 -0.032384 0.023918
v 0.116063 -0.034502 0.025231
v 0.105672 -0.042858 0.021296
v 0.099878 -0.044200 0.027797
v 0.103580 -0.047491 0.027146
v 0.107595 -0.043482 0.021794
v 0.111563 -0.048235 0.021614
v 0.103492 -0.041454 0.029708
v 0.106246 -0.043843 0.029963
v 0.104355 -0.037071 0.033281
v 0.105182 -0.040827 0.034132
v 0.106040 -0.047382 0.028968
v 0.110255 -0.052874 0.028536
v 0.106967 -0.045344 0.034621
v 0.107781 -0.046831 0.029967
v 0.110538 -0.050623 0.029748
v 0.109611 -0.049631 0.033945
v 0.119404 -0.038710 0.023840
v 0.121098 -0.039583 0.027924
v 0.122490 -0.041580 0.024941
v 0.123642 -0.044805 0.023399
v 0.118207 -0.052976 0.022290
v 0.116341 -0.054278 0.021526
v 0.113667 -0.053594 0.019858
v 0.109808 -0.055744 0.025816
v 0.117448 -0.059796 0.020492
v 0.121068 -0.062843 0.021883
v 0.111332 -0.055954 0.027704
v 0.113923 -0.054225 0.029888
v 0.114412 -0.058427 0.029019
v 0.127113 -0.054162 0.022503
v 0.105585 -0.027842 0.029456
v 0.105239 -0.029807 0.030507
v 0.105877 -0.028581 0.030353
v 0.106485 -0.029025 0.030234
v 0.105921 -0.027255 0.031094
v 0.105372 -0.027931 0.031434
v 0.104445 -0.032001 0.032337
v 0.105593 -0.026651 0.034724
v 0.111779 -0.032904 0.029859
v 0.108303 -0.030652 0.030604
v 0.112799 -0.033277 0.030721
v 0.106456 -0.024959 0.031990
v 0.104459 -0.032602 0.035012
v 0.105447 -0.037905 0.035496
v 0.104714 -0.037777 0.035183
v 0.116290 -0.034858 0.028427
v 0.117934 -0.037030 0.030686
v 0.106650 -0.043846 0.035336
v 0.112145 -0.050492 0.035650
v 0.109531 -0.048808 0.035402
v 0.117670 -0.037625 0.030195
v 0.121321 -0.041575 0.029944
v 0.123736 -0.044238 0.030244
v 0.125051 -0.044913 0.026608
v 0.136440 -0.044630 0.030524
v 0.113790 -0.053777 0.035169
v 0.125491 -0.045812 0.027980
v 0.126531 -0.048868 0.029515
v 0.117482 -0.056962 0.035707
v 0.115970 -0.069074 0.027183
v 0.116383 -0.057661 0.029834
v 0.116919 -0.066305 0.028862
v 0.117247 -0.060555 0.029670
v 0.116347 -0.057396 0.033393
v 0.117795 -0.061416 0.030231
v 0.117769 -0.061178 0.034247
v 0.118433 -0.067279 0.029751
v 0.118528 -0.067390 0.034618
v 0.116631 -0.074117 0.027205
v 0.116386 -0.056917 0.035199
v 0.117811 -0.059943 0.035436
v 0.119488 -0.064928 0.035773
v 0.118619 -0.064936 0.035420
v 0.119327 -0.071166 0.035817
v 0.128168 -0.050343 0.024681
v 0.122895 -0.063802 0.022168
v 0.129713 -0.053187 0.027458
v 0.128968 -0.053488 0.023422
v 0.130132 -0.060804 0.022736
v 0.132398 -0.063300 0.023515
v 0.131103 -0.057066 0.024373
v 0.132730 -0.061795 0.025002
v 0.132251 -0.059661 0.027881
v 0.138862 -0.036949 0.031498
v 0.138077 -0.041933 0.031190
v 0.136569 -0.046076 0.031113
v 0.138730 -0.038814 0.034962
v 0.137281 -0.044601 0.034984
v 0.138165 -0.039018 0.035490
v 0.127560 -0.050750 0.029855
v 0.130764 -0.053605 0.030050
v 0.134503 -0.048342 0.030336
v 0.130233 -0.056142 0.029676
v 0.132608 -0.051871 0.030688
v 0.130747 -0.055470 0.030731
v 0.129877 -0.060387 0.030209
v 0.130645 -0.057052 0.028848
v 0.132579 -0.062031 0.028787
v 0.130422 -0.060693 0.029489
v 0.132876 -0.051638 0.035104
v 0.130855 -0.055346 0.034946
v 0.129928 -0.058883 0.035110
v 0.133474 -0.049120 0.035587
v 0.129612 -0.056315 0.035669
v 0.135346 -0.048218 0.034831
v 0.135106 -0.047883 0.035427
v 0.120845 -0.066426 0.021405
v 0.131556 -0.079353 0.022273
v 0.124485 -0.076023 0.022019
v 0.118789 -0.074568 0.029436
v 0.133852 -0.070841 0.029314
v 0.130063 -0.066091 0.029725
v 0.131038 -0.071214 0.029581
v 0.130563 -0.070092 0.030465
v 0.118950 -0.083534 0.029947
v 0.116849 -0.084692 0.028384
v 0.118724 -0.085813 0.029775
v 0.118863 -0.076132 0.035384
v 0.119101 -0.083585 0.035221
v 0.120099 -0.088962 0.035987
v 0.133897 -0.074044 0.023231
v 0.132041 -0.081559 0.022425
v 0.134170 -0.069897 0.024492
v 0.133532 -0.064663 0.027899
v 0.134335 -0.068692 0.026807
v 0.134019 -0.069164 0.028888
v 0.134376 -0.077350 0.023851
v 0.134670 -0.074760 0.025038
v 0.131535 -0.078396 0.029752
v 0.134669 -0.073000 0.028353
v 0.134773 -0.079912 0.028186
v 0.127930 -0.094798 0.022127
v 0.133637 -0.083457 0.023225
v 0.134455 -0.082941 0.025270
v 0.131749 -0.092326 0.023022
v 0.133398 -0.088287 0.024262
v 0.133743 -0.087697 0.027956
v 0.132379 -0.093312 0.025327
v 0.133936 -0.081038 0.028982
v 0.132227 -0.084831 0.029808
v 0.132104 -0.083344 0.035454
v 0.132493 -0.088978 0.029665
v 0.128918 -0.063805 0.035741
v 0.129725 -0.062884 0.035103
v 0.130738 -0.073022 0.035236
v 0.130064 -0.074090 0.035862
v 0.132033 -0.087332 0.035986
v 0.099768 -0.094273 0.007414
v 0.103422 -0.093831 0.011884
v 0.095741 -0.098709 0.007847
v 0.094881 -0.101769 0.010702
v 0.099204 -0.097997 0.010681
v 0.105441 -0.098231 0.020557
v 0.085518 -0.110879 0.020381
v 0.090684 -0.109040 0.019999
v 0.097323 -0.106681 0.022007
v 0.101619 -0.102558 0.020764
v 0.105219 -0.103531 0.026492
v 0.099531 -0.108387 0.026691
v 0.103587 -0.107155 0.028442
v 0.098083 -0.111973 0.029280
v 0.104806 -0.108406 0.029660
v 0.079668 -0.113870 0.024342
v 0.079264 -0.120683 0.020728
v 0.079703 -0.116397 0.028284
v 0.086714 -0.114906 0.027670
v 0.086616 -0.116759 0.029347
v 0.078061 -0.118233 0.029506
v 0.086428 -0.119484 0.029833
v 0.085722 -0.118530 0.019033
v 0.091062 -0.116887 0.018971
v 0.087276 -0.120093 0.021233
v 0.089437 -0.121811 0.022009
v 0.095641 -0.115253 0.019193
v 0.093967 -0.111580 0.026790
v 0.101523 -0.112595 0.019977
v 0.095027 -0.117151 0.020878
v 0.100674 -0.117034 0.021935
v 0.099805 -0.125312 0.022231
v 0.089202 -0.127811 0.022160
v 0.084699 -0.131012 0.022644
v 0.079592 -0.134215 0.025568
v 0.085379 -0.133559 0.024923
v 0.087249 -0.132559 0.023565
v 0.083613 -0.133997 0.028249
v 0.094870 -0.129704 0.022977
v 0.091484 -0.132357 0.025068
v 0.093053 -0.130687 0.029530
v 0.082625 -0.133396 0.029335
v 0.099431 -0.125816 0.029712
v 0.093760 -0.131324 0.024003
v 0.092007 -0.132102 0.028791
v 0.096079 -0.131001 0.028467
v 0.092874 -0.114308 0.029215
v 0.095527 -0.115382 0.029741
v 0.108093 -0.105216 0.017712
v 0.112788 -0.099125 0.017857
v 0.109757 -0.106105 0.020342
v 0.107048 -0.108780 0.020463
v 0.108464 -0.093608 0.020272
v 0.111226 -0.090053 0.022179
v 0.108563 -0.099725 0.026810
v 0.116268 -0.097432 0.020598
v 0.113414 -0.102359 0.020841
v 0.117394 -0.098396 0.021440
v 0.111389 -0.095383 0.026786
v 0.114276 -0.090305 0.027365
v 0.112493 -0.096809 0.028930
v 0.115482 -0.091529 0.029036
v 0.102017 -0.114175 0.021376
v 0.109263 -0.109199 0.021529
v 0.112364 -0.108127 0.021788
v 0.118679 -0.099537 0.021787
v 0.109630 -0.101713 0.029088
v 0.112103 -0.101867 0.029663
v 0.109783 -0.120310 0.029697
v 0.117644 -0.104373 0.029700
v 0.118862 -0.113662 0.029580
v 0.119962 -0.110203 0.022042
v 0.127235 -0.101351 0.022405
v 0.130546 -0.097404 0.023598
v 0.127435 -0.103791 0.023415
v 0.129517 -0.100681 0.024792
v 0.111207 -0.117639 0.022030
v 0.117056 -0.117023 0.022966
v 0.113604 -0.118894 0.022512
v 0.120308 -0.113321 0.022848
v 0.118924 -0.115681 0.023582
v 0.124156 -0.108467 0.022924
v 0.123070 -0.111369 0.024541
v 0.120564 -0.114581 0.025784
v 0.119547 -0.105766 0.030126
v 0.124266 -0.109988 0.027437
v 0.119512 -0.115725 0.028613
v 0.120215 -0.114499 0.029448
v 0.119750 -0.114416 0.030293
v 0.122218 -0.111490 0.029654
v 0.121181 -0.113839 0.029952
v 0.126572 -0.106076 0.024457
v 0.127655 -0.104523 0.027580
v 0.105066 -0.125386 0.022848
v 0.100121 -0.129047 0.024084
v 0.098760 -0.129980 0.025581
v 0.106521 -0.125614 0.023673
v 0.105299 -0.126891 0.025823
v 0.112411 -0.121308 0.023272
v 0.110149 -0.123742 0.024771
v 0.107732 -0.125507 0.028053
v 0.112259 -0.121857 0.028742
v 0.112493 -0.122276 0.027253
v 0.105470 -0.126007 0.028991
v 0.099713 -0.128717 0.029210
v 0.101346 -0.128893 0.028192
v 0.115824 -0.119235 0.024425
v 0.115995 -0.119493 0.027982
v 0.118798 -0.115812 0.029218
v 0.119713 -0.114633 0.029734
v 0.120010 -0.116526 0.030077
v 0.134815 -0.111172 0.030337
v 0.120022 -0.121622 0.030564
v 0.120072 -0.123892 0.035597
v 0.120419 -0.127930 0.030986
v 0.120745 -0.124216 0.030109
v 0.121313 -0.129146 0.030152
v 0.120626 -0.128131 0.035809
v 0.126131 -0.134238 0.030259
v 0.121882 -0.131589 0.030934
v 0.123679 -0.133351 0.030530
v 0.121449 -0.130580 0.035910
v 0.123131 -0.133378 0.031489
v 0.122994 -0.132910 0.035621
v 0.117705 -0.090037 0.029636
v 0.119173 -0.094192 0.030126
v 0.119553 -0.101453 0.035504
v 0.120589 -0.116386 0.036198
v 0.130491 -0.098804 0.027583
v 0.132169 -0.093923 0.027691
v 0.128696 -0.100998 0.029338
v 0.129835 -0.099024 0.029899
v 0.131320 -0.094297 0.029531
v 0.127574 -0.106612 0.030127
v 0.126835 -0.104933 0.029843
v 0.132731 -0.092455 0.035970
v 0.132176 -0.091745 0.029393
v 0.132858 -0.092592 0.030447
v 0.132200 -0.092893 0.029917
v 0.133365 -0.096984 0.030268
v 0.133760 -0.098591 0.030800
v 0.133702 -0.098221 0.035669
v 0.133076 -0.096206 0.036102
v 0.135044 -0.111963 0.036330
v 0.134939 -0.107313 0.035828
v 0.124759 -0.108066 0.029625
v 0.120997 -0.126146 0.036251
v 0.123624 -0.132449 0.036396
v 0.125499 -0.134582 0.035947
v 0.135573 -0.128761 0.030380
v 0.125956 -0.134856 0.031027
v 0.128441 -0.135311 0.035666
v 0.131245 -0.134747 0.030897
v 0.132418 -0.133736 0.030414
v 0.128869 -0.135132 0.031070
v 0.131027 -0.135096 0.036130
v 0.133659 -0.133776 0.031234
v 0.134457 -0.132289 0.030501
v 0.135338 -0.110770 0.030908
v 0.136613 -0.122293 0.030795
v 0.136747 -0.126281 0.030814
v 0.136863 -0.122870 0.035996
v 0.136301 -0.129650 0.030999
v 0.135106 -0.132218 0.031012
v 0.136361 -0.130009 0.036311
v 0.136877 -0.127309 0.035929
v 0.136325 -0.125024 0.036567
v 0.135486 -0.130580 0.036659
v 0.129282 -0.134807 0.036607
v 0.133519 -0.133973 0.036611
v 0.133810 -0.134056 0.036120
v 0.135219 -0.132323 0.036121
v 0.067751 -0.133543 0.026179
v 0.073029 -0.134078 0.025188
v 0.071294 -0.134034 0.028715
v 0.070884 -0.133477 0.029436
v 0.074947 -0.134283 0.028579
vn -0.045348 0.010738 -0.998914
vn -0.797678 -0.197268 -0.569908
vn -0.447006 0.029602 -0.894041
vn -0.100676 0.036243 -0.994259
vn -0.633341 0.359775 -0.685158
vn -0.828652 0.505241 -0.240972
vn -0.832521 0.351024 -0.428592
vn -0.098489 0.069476 -0.992710
vn -0.365002 0.070091 -0.928365
vn -0.844698 0.113841 -0.522997
vn -0.758010 0.210095 -0.617479
vn -0.323273 0.140496 -0.935818
vn -0.149784 0.019761 -0.988521
vn -0.916885 0.396732 0.043878
vn -0.928003 0.304691 -0.214414
vn -0.900533 0.250644 0.355272
vn -0.712991 0.139820 0.687091
vn -0.828752 -0.018972 -0.559294
vn -0.959834 0.219355 -0.174932
vn -0.935709 0.158661 0.315080
vn -0.464689 0.056339 0.883680
vn -0.105999 0.048590 -0.993178
vn -0.075626 0.063198 -0.995132
vn -0.660705 0.588947 -0.465414
vn -0.744636 0.478305 -0.465555
vn -0.676214 0.504621 -0.536743
vn -0.468491 0.281958 -0.837267
vn -0.756028 0.381490 -0.531872
vn -0.812534 0.334127 -0.477648
vn -0.400561 0.348548 -0.847387
vn -0.815016 0.244933 -0.525125
vn -0.843855 0.085089 -0.529782
vn -0.432062 0.088001 -0.897540
vn -0.555364 0.208580 -0.805025
vn 0.795358 -0.248130 0.553026
vn 0.847562 -0.261310 0.461904
vn 0.804578 -0.377290 0.458592
vn 0.871341 -0.139531 0.470421
vn -0.028515 0.034835 -0.998986
vn -0.493505 0.678827 -0.543734
vn -0.132041 0.201226 -0.970605
vn -0.562123 0.604339 -0.564616
vn -0.192296 0.825214 -0.531079
vn -0.457206 0.762759 -0.457342
vn 0.352757 -0.611174 0.708540
vn 0.480138 -0.748946 0.456669
vn -0.325973 0.826265 -0.459378
vn -0.187891 0.442701 -0.876762
vn -0.277602 0.845534 -0.456081
vn -0.408256 0.788456 -0.460070
vn 0.409550 -0.795856 0.445962
vn -0.054729 0.029238 -0.998073
vn -0.382949 0.279512 -0.880468
vn -0.614031 0.323557 -0.719915
vn -0.555358 0.148809 -0.818189
vn -0.779557 0.419399 -0.465184
vn -0.798523 0.404548 -0.445759
vn -0.584982 0.625202 -0.516642
vn -0.833286 0.294057 -0.468150
vn -0.880398 0.158738 -0.446880
vn -0.868421 -0.056336 -0.492616
vn -0.869798 -0.175641 -0.461088
vn -0.861595 0.120091 -0.493185
vn -0.861668 0.162875 -0.480624
vn -0.846098 0.284055 -0.451032
vn -0.892646 0.016344 -0.450462
vn -0.877197 0.014459 -0.479913
vn 0.598509 -0.330250 0.729878
vn 0.763681 -0.443094 0.469530
vn -0.011372 0.003550 -0.999929
vn 0.720301 -0.091252 0.687633
vn 0.206812 -0.035410 0.977740
vn 0.543925 -0.171159 0.821493
vn 0.855374 -0.197418 0.478916
vn 0.035218 -0.006180 0.999361
vn 0.636808 0.019435 0.770777
vn -0.707478 0.537716 -0.458625
vn -0.572593 0.689076 -0.444196
vn 0.745806 -0.397977 0.534217
vn 0.691414 -0.563925 0.451592
vn 0.578240 -0.660924 0.478349
vn 0.732536 -0.502796 0.458898
vn 0.883286 -0.039751 0.467147
vn 0.818895 -0.320786 0.475927
vn 0.319010 -0.388088 0.864650
vn 0.040287 -0.073532 0.996479
vn 0.559432 -0.444757 0.699448
vn 0.029221 -0.027371 0.999198
vn -0.363829 -0.139571 -0.920950
vn -0.798719 -0.349505 -0.489790
vn -0.718459 -0.463761 -0.518404
vn -0.312897 -0.219014 -0.924191
vn -0.588236 -0.110029 -0.801169
vn -0.754665 -0.226416 -0.615805
vn -0.290497 -0.105002 -0.951097
vn -0.613907 0.036363 -0.788540
vn -0.967022 0.017558 -0.254088
vn -0.985270 0.109518 -0.131336
vn -0.405595 -0.016744 -0.913900
vn -0.944959 0.031697 0.325651
vn -0.986138 -0.086174 0.141793
vn -0.990840 -0.133641 0.019372
vn -0.442769 0.042569 0.895625
vn -0.545973 -0.044161 0.836638
vn -0.169536 -0.020906 0.985302
vn -0.139013 -0.033879 0.989711
vn -0.911776 -0.090362 -0.400624
vn -0.845129 -0.057172 -0.531497
vn -0.558533 -0.126631 -0.819759
vn -0.480891 -0.023760 -0.876459
vn -0.977912 -0.137414 0.157496
vn 0.980516 -0.023022 0.195087
vn -0.980788 -0.189989 -0.044271
vn -0.528970 -0.131859 0.838334
vn -0.145575 -0.029144 0.988918
vn -0.980865 -0.068763 0.182143
vn -0.935956 -0.320106 0.146693
vn -0.941206 -0.219860 -0.256503
vn -0.897344 -0.356542 -0.260098
vn -0.146828 -0.033773 0.988585
vn -0.108289 -0.015532 -0.993998
vn -0.098487 0.014282 -0.995036
vn -0.116267 -0.027253 -0.992844
vn -0.060468 -0.040747 0.997338
vn -0.961384 0.194091 0.195113
vn -0.916763 -0.098282 0.387152
vn -0.991639 -0.009469 0.128697
vn 0.028261 -0.025192 0.999283
vn -0.012196 -0.026260 0.999581
vn -0.871696 -0.474245 0.123440
vn -0.803301 -0.465370 -0.371670
vn -0.053845 -0.021757 -0.998312
vn -0.983658 0.097771 -0.151187
vn -0.970883 0.184649 0.152614
vn -0.047603 -0.038901 -0.998109
vn -0.982053 -0.070145 -0.175077
vn -0.934576 -0.239294 -0.263261
vn -0.946958 -0.156681 0.280575
vn -0.935149 -0.334353 0.117066
vn -0.830958 0.555393 0.032373
vn -0.853824 0.358655 0.377294
vn -0.799823 -0.379481 0.465057
vn -0.706250 0.035609 0.707066
vn -0.284897 -0.068354 0.956118
vn -0.931883 0.292696 -0.214298
vn -0.828739 -0.401434 0.389927
vn -0.415538 -0.112946 -0.902536
vn -0.779445 -0.480350 0.402157
vn -0.398238 -0.243733 -0.884308
vn -0.881903 0.465061 -0.077241
vn -0.222358 0.038943 -0.974187
vn -0.039896 -0.019568 -0.999012
vn -0.834123 0.486761 -0.259426
vn -0.068388 -0.056838 -0.996038
vn -0.866047 0.499188 0.027808
vn -0.919984 0.324304 0.220129
vn -0.523869 0.333755 0.783689
vn 0.012573 -0.031303 0.999431
vn -0.010279 -0.019809 0.999751
vn -0.924461 0.274016 -0.265117
vn -0.005761 -0.022886 0.999722
vn -0.994559 0.012833 0.103384
vn -0.017842 -0.030362 0.999380
vn -0.006013 -0.038147 0.999254
vn -0.872945 -0.120230 -0.472770
vn -0.839319 -0.236362 -0.489567
vn -0.824764 -0.309353 -0.473354
vn -0.828956 -0.163312 -0.534941
vn -0.766487 -0.435512 -0.472046
vn -0.761750 -0.405416 -0.505347
vn -0.517554 -0.315826 -0.795231
vn -0.707249 -0.509117 -0.490508
vn -0.648670 -0.503094 -0.571072
vn 0.744550 0.178034 0.643389
vn 0.805372 0.342900 0.483524
vn 0.538446 0.465265 0.702570
vn 0.874654 0.088192 0.476658
vn 0.861608 0.199795 0.466598
vn 0.739616 0.460066 0.491231
vn -0.618441 -0.573232 -0.537528
vn -0.541872 -0.694000 -0.474066
vn -0.675986 -0.568639 -0.468714
vn -0.642787 -0.581872 -0.498246
vn 0.645991 0.602275 0.468999
vn 0.843380 0.248857 0.476215
vn 0.873788 0.107092 0.474369
vn 0.907493 -0.027892 0.419140
vn -0.712951 -0.281114 -0.642399
vn -0.107580 -0.067969 -0.991870
vn 0.950925 0.100113 0.292778
vn 0.896799 0.206622 0.391228
vn 0.994198 0.070418 -0.081311
vn 0.981764 0.189967 -0.007203
vn 0.994364 0.075719 0.074207
vn 0.906412 0.389026 0.164550
vn 0.865701 0.170636 0.470579
vn 0.790010 0.355725 0.499343
vn 0.911297 0.351835 0.213891
vn 0.856666 0.467093 0.218968
vn 0.717728 0.684941 0.125388
vn 0.748904 0.564728 0.346734
vn 0.824356 0.558620 0.091549
vn 0.761962 0.440933 0.474333
vn 0.676131 0.562079 0.476355
vn -0.123350 -0.067743 -0.990048
vn -0.520933 -0.252810 -0.815301
vn -0.463736 -0.296337 -0.834945
vn -0.747836 -0.564548 -0.349322
vn -0.055874 -0.058581 -0.996718
vn -0.451425 -0.376271 -0.809095
vn -0.677965 -0.570138 0.464011
vn -0.154764 -0.186228 -0.970241
vn -0.352419 -0.287893 -0.890460
vn -0.581286 -0.633581 -0.510570
vn -0.398682 -0.453770 -0.796960
vn -0.764669 -0.643138 -0.040682
vn -0.684937 -0.674688 -0.275059
vn -0.503737 -0.543118 -0.671768
vn -0.397027 -0.605687 -0.689574
vn -0.601683 -0.772506 0.203008
vn -0.590185 -0.749485 -0.299923
vn -0.538971 -0.815060 -0.212574
vn -0.176953 -0.340476 -0.923452
vn -0.418399 -0.838730 -0.348533
vn -0.810134 -0.539222 0.230050
vn -0.808787 -0.559131 0.182307
vn -0.306101 -0.237950 -0.921782
vn -0.741348 -0.573693 0.348251
vn 0.169408 0.091716 0.981269
vn -0.027106 -0.042131 -0.998744
vn -0.670880 -0.653687 -0.350163
vn -0.646748 -0.627757 0.433173
vn -0.636584 -0.675860 0.371448
vn 0.530247 0.620329 0.577953
vn 0.475053 0.728045 0.494242
vn 0.575052 0.666191 0.474873
vn 0.726121 0.685158 -0.057502
vn 0.171816 0.113300 0.978592
vn 0.239452 0.044674 0.969880
vn 0.888956 0.451725 0.075513
vn 0.702436 0.609331 0.367832
vn 0.368830 0.301990 0.879072
vn 0.365066 0.582367 0.726344
vn 0.817446 0.574655 0.039421
vn 0.196011 -0.011117 0.980539
vn 0.052195 0.050836 0.997342
vn 0.568489 0.037104 0.821854
vn 0.999108 0.042202 0.001435
vn 0.995296 0.064813 -0.072007
vn 0.883739 0.217690 0.414266
vn 0.964237 0.255687 0.069788
vn 0.865895 0.405268 0.293229
vn 0.800014 0.037707 0.598795
vn 0.088322 -0.074516 0.993301
vn -0.535688 -0.723771 0.434965
vn -0.571557 -0.723092 0.387893
vn -0.107043 -0.135853 -0.984929
vn -0.554776 -0.748361 -0.363564
vn -0.052707 -0.136091 -0.989293
vn 0.990771 -0.105625 -0.084945
vn -0.028581 0.654828 -0.755237
vn 0.128830 0.828171 -0.545469
vn -0.018432 0.886597 -0.462176
vn 0.089825 0.883544 -0.459654
vn 0.225945 0.856301 -0.464433
vn 0.053695 -0.744125 0.665879
vn 0.184804 -0.573879 0.797816
vn 0.012063 -0.087059 0.996130
vn 0.178974 -0.875634 0.448590
vn 0.016307 -0.891564 0.452601
vn -0.118802 -0.444160 0.888036
vn -0.085638 -0.749592 0.656336
vn 0.277377 0.838367 -0.469257
vn 0.130804 0.462645 -0.876841
vn 0.409113 0.713726 -0.568526
vn -0.016154 0.066998 -0.997622
vn 0.504941 0.599492 -0.621002
vn 0.009609 0.049535 -0.998726
vn -0.010850 0.013241 -0.999854
vn -0.221396 -0.492289 0.841805
vn 0.009440 -0.009481 0.999911
vn 0.014924 -0.006239 0.999869
vn 0.172865 0.186518 -0.967124
vn 0.005674 0.020857 -0.999766
vn -0.315952 -0.318284 0.893795
vn -0.006867 -0.044862 0.998970
vn -0.014086 -0.035505 0.999270
vn -0.069064 -0.014809 0.997502
vn 0.333806 0.182192 -0.924867
vn 0.221704 0.053141 -0.973665
vn 0.754764 0.372553 -0.539940
vn -0.622914 -0.137760 0.770065
vn -0.493292 -0.285202 0.821780
vn -0.257935 0.034243 0.965555
vn -0.477716 0.169654 0.861977
vn 0.244832 -0.057889 -0.967836
vn 0.269601 -0.000367 -0.962972
vn 0.843532 -0.120209 -0.523453
vn 0.855344 0.052584 -0.515385
vn -0.646410 -0.014312 0.762856
vn -0.874832 0.060729 0.480605
vn 0.015490 -0.028261 -0.999481
vn -0.002329 0.004436 -0.999987
vn 0.114984 -0.060691 -0.991512
vn 0.297057 -0.300784 -0.906248
vn 0.714367 -0.435171 -0.548002
vn 0.810053 -0.286584 -0.511551
vn 0.767033 -0.423305 -0.482155
vn 0.668814 -0.570536 -0.476630
vn -0.776995 0.150414 0.611273
vn -0.850199 0.213074 0.481415
vn -0.553119 0.301895 0.776478
vn -0.797599 0.338289 0.499396
vn -0.510193 0.461836 0.725541
vn -0.712641 0.494693 0.497414
vn 0.820199 -0.296857 -0.489029
vn 0.709804 -0.520665 -0.474433
vn -0.090451 -0.109469 -0.989866
vn -0.211586 -0.404314 -0.889810
vn -0.512710 -0.642471 -0.569525
vn -0.420866 -0.772213 -0.475982
vn 0.505308 0.264533 0.821393
vn 0.078297 0.050893 0.995630
vn 0.379580 0.465343 0.799609
vn 0.553559 0.672734 0.490918
vn 0.406073 0.696664 0.591408
vn 0.424288 0.775065 0.468246
vn 0.249342 0.469059 0.847238
vn 0.316900 0.817771 0.480442
vn 0.260450 0.699377 0.665611
vn -0.008041 -0.003614 -0.999961
vn -0.000346 0.036951 0.999317
vn 0.006517 -0.011198 0.999916
vn 0.021946 0.016066 0.999630
vn 0.090163 0.442647 0.892152
vn -0.076508 -0.218993 -0.972722
vn -0.255019 -0.814392 -0.521278
vn -0.232470 -0.845466 -0.480775
vn -0.046815 -0.503974 -0.862449
vn 0.093745 -0.860049 -0.501525
vn 0.178884 0.842233 0.508570
vn 0.057502 0.877266 0.476549
vn 0.024012 0.701321 0.712441
vn -0.146602 0.873339 0.464529
vn -0.088107 -0.872313 -0.480943
vn 0.080575 -0.877681 -0.472424
vn 0.375024 0.777899 0.504212
vn -0.096593 0.873712 0.476756
vn -0.376975 -0.791614 -0.480871
vn -0.487405 -0.710613 -0.507411
vn -0.376917 -0.705397 -0.600290
vn -0.052182 -0.118564 -0.991574
vn -0.009687 -0.878921 -0.476868
vn -0.101048 -0.870517 -0.481653
vn -0.113343 -0.155116 -0.981373
vn -0.038822 -0.071689 -0.996671
vn -0.297572 -0.802355 -0.517376
vn -0.164696 -0.465378 -0.869654
vn 0.268381 0.832298 0.485028
vn 0.024519 0.018326 0.999531
vn 0.280079 0.630331 0.724043
vn 0.161640 0.663915 0.730130
vn 0.137085 0.855093 0.500024
vn 0.459092 -0.049236 0.887023
vn 0.408387 -0.131923 0.903226
vn 0.037985 -0.017503 0.999125
vn -0.383225 -0.712755 0.587468
vn -0.515429 -0.789857 0.332354
vn -0.376061 -0.826737 0.418430
vn -0.276027 -0.674847 -0.684391
vn -0.292563 -0.878598 -0.377455
vn -0.344274 -0.938722 0.016620
vn 0.807465 -0.531958 -0.254991
vn 0.542662 -0.828678 0.137152
vn 0.664168 -0.747514 -0.010155
vn 0.068809 -0.282278 -0.956862
vn -0.004766 -0.143514 0.989637
vn 0.103544 -0.350048 0.930992
vn 0.879867 -0.412508 -0.235949
vn 0.897112 -0.403649 0.179605
vn 0.779625 -0.515632 -0.355399
vn 0.927798 -0.363187 -0.085352
vn -0.020512 -0.042332 -0.998893
vn 0.803266 -0.595587 -0.006280
vn -0.127258 -0.468855 0.874060
vn -0.142417 -0.467927 -0.872216
vn -0.220076 -0.968268 -0.118420
vn 0.981233 -0.192779 0.004219
vn 0.972621 -0.202459 -0.114096
vn 0.643432 -0.113340 0.757066
vn -0.159003 -0.825029 -0.542259
vn -0.015703 -0.102901 -0.994568
vn -0.018122 -0.839696 -0.542754
vn 0.014934 0.874040 0.485625
vn -0.062545 0.831163 0.552499
vn 0.070119 0.772388 0.631269
vn -0.055349 -0.549566 -0.833615
vn -0.161165 -0.885855 -0.435070
vn -0.182718 -0.900536 0.394523
vn -0.037003 -0.459485 0.887414
vn -0.036659 -0.338558 -0.940231
vn -0.001028 -0.106825 -0.994277
vn 0.031582 -0.367178 -0.929614
vn -0.031500 -0.923989 -0.381120
vn 0.002845 -0.042496 0.999093
vn 0.334638 -0.809897 -0.481751
vn 0.054085 -0.292369 -0.954775
vn 0.227985 -0.850656 -0.473716
vn 0.209486 -0.799256 -0.563298
vn 0.517309 -0.613519 -0.596645
vn 0.222490 -0.431297 -0.874346
vn -0.098062 0.207045 0.973405
vn -0.004602 0.003806 0.999982
vn -0.132962 0.589734 0.796577
vn -0.306357 0.674838 0.671371
vn -0.241336 0.354572 0.903347
vn -0.453588 0.625963 0.634372
vn -0.437349 0.759705 0.481221
vn -0.469503 0.747414 0.470041
vn -0.616714 0.621121 0.483604
vn -0.291637 0.830973 0.473742
vn -0.118507 0.787853 0.604354
vn -0.349767 0.808147 0.473880
vn 0.297882 -0.800551 -0.519985
vn 0.359441 -0.804046 -0.473616
vn 0.425755 -0.762617 -0.486978
vn -0.227346 0.852584 0.470546
vn 0.477622 -0.732910 -0.484479
vn -0.536672 0.688007 0.488497
vn 0.666666 -0.566436 -0.484465
vn 0.579753 -0.663941 -0.472302
vn 0.607534 -0.621846 -0.494176
vn 0.509863 -0.707895 -0.488800
vn 0.396427 -0.691127 -0.604309
vn 0.146523 -0.845918 -0.512790
vn 0.054537 -0.521362 -0.851591
vn 0.021048 -0.089201 -0.995791
vn 0.248035 -0.549044 -0.798141
vn 0.162220 -0.582926 -0.796167
vn 0.102688 -0.399503 -0.910963
vn 0.029256 -0.781486 -0.623236
vn 0.079629 -0.993645 -0.079555
vn -0.069243 -0.996003 0.056425
vn 0.044324 -0.632429 0.773349
vn 0.144819 -0.866110 -0.478414
vn 0.200215 -0.976237 -0.082917
vn 0.080933 -0.374971 0.923497
vn 0.246582 -0.880615 -0.404616
vn -0.106460 0.103731 -0.988891
vn -0.967129 0.014020 -0.253900
vn 0.082800 0.245875 -0.965759
vn -0.975967 -0.201543 0.082880
vn -0.955071 -0.274390 0.112027
vn -0.469042 0.860245 0.199943
vn -0.227355 0.936094 0.268398
vn -0.065302 0.084926 0.994245
vn 0.011945 -0.007360 0.999902
vn -0.104333 -0.039267 0.993767
vn -0.014290 -0.022272 0.999650
vn -0.127085 0.985294 -0.114217
vn -0.317652 0.921457 -0.223640
vn 0.429335 0.827210 0.362484
vn 0.888976 0.450931 -0.079890
vn -0.049983 0.060757 -0.996900
vn 0.000332 0.083093 -0.996542
vn 0.213939 0.290720 -0.932584
vn 0.784174 0.419672 -0.457106
vn 0.892001 0.431654 0.134196
vn 0.328518 0.935155 -0.132520
vn 0.063925 0.097604 0.993170
vn 0.846308 0.313342 0.430790
vn 0.522757 0.301943 0.797218
vn -0.036316 0.033434 0.998781
vn -0.750383 0.204600 0.628541
vn -0.099607 -0.035625 0.994389
vn -0.664819 0.306277 0.681329
vn 0.031611 0.944148 0.328002
vn -0.952424 -0.273973 -0.133517
vn -0.941050 -0.238343 -0.240037
vn -0.372989 -0.143340 0.916697
vn -0.179982 0.510516 -0.840821
vn -0.125168 0.114111 -0.985552
vn -0.468712 0.880555 -0.070222
vn 0.047220 0.145965 -0.988162
vn 0.157389 0.286685 -0.945008
vn -0.181020 0.971414 0.153582
vn 0.335265 0.918800 -0.208337
vn 0.749480 0.412694 -0.517652
vn -0.787143 0.095148 -0.609387
vn -0.926374 0.105402 -0.361553
vn -0.091846 0.175241 -0.980232
vn 0.049408 0.146368 -0.987996
vn -0.883724 0.138180 -0.447145
vn -0.008427 0.107737 -0.994144
vn -0.397716 0.463949 -0.791564
vn -0.843141 -0.006940 -0.537647
vn -0.027388 0.756300 -0.653651
vn -0.861509 0.401284 -0.311085
vn -0.999989 -0.004119 -0.002275
vn -0.266086 0.958249 -0.104674
vn -0.996035 -0.085096 -0.025952
vn -0.851493 -0.241543 0.465422
vn -0.053293 0.380226 0.923357
vn 0.011579 -0.009452 0.999888
vn 0.001144 0.089162 -0.996017
vn 0.123965 0.990987 -0.050764
vn -0.012087 0.080965 -0.996644
vn -0.055444 0.027214 0.998091
vn -0.328401 0.828198 -0.454137
vn 0.014396 0.138490 -0.990259
vn -0.031052 0.087969 -0.995639
vn -0.734059 0.673179 -0.089375
vn -0.803393 0.581477 -0.128235
vn -0.729004 0.639977 0.242865
vn -0.632783 0.728267 -0.263085
vn -0.643048 0.532245 -0.550641
vn -0.377291 0.415791 -0.827508
vn -0.672993 0.716388 0.184034
vn -0.304558 0.320689 0.896885
vn -0.436281 0.337932 0.833943
vn -0.287166 0.101689 -0.952468
vn -0.869310 0.492064 -0.046619
vn -0.918211 0.389987 -0.069270
vn -0.803679 0.365602 0.469505
vn -0.751667 0.460723 -0.471943
vn -0.275392 0.198416 -0.940633
vn -0.069487 0.033741 -0.997012
vn -0.448306 0.247192 -0.859021
vn -0.466349 0.259467 0.845692
vn -0.114888 0.145151 -0.982717
vn 0.016696 0.193747 -0.980909
vn 0.014118 0.090817 -0.995767
vn -0.556857 0.440710 0.704049
vn -0.706029 0.365121 0.606802
vn -0.732012 0.469490 0.493697
vn -0.694491 0.387120 0.606482
vn -0.649712 0.359840 0.669619
vn -0.768899 0.453779 0.450421
vn -0.819522 0.561966 0.112154
vn -0.485771 0.199918 0.850917
vn -0.563011 0.318230 0.762724
vn -0.000985 0.028648 0.999589
vn -0.257533 0.250203 0.933314
vn -0.856379 0.501553 -0.122715
vn -0.049930 0.471089 -0.880671
vn 0.395404 0.135303 0.908487
vn 0.641959 0.678292 0.357502
vn 0.727531 0.279442 0.626586
vn 0.514854 0.254634 0.818588
vn 0.955350 0.248131 -0.160426
vn 0.891931 0.272614 -0.360750
vn -0.575724 0.424373 -0.698891
vn 0.022943 0.004975 0.999724
vn -0.713706 0.592129 -0.374174
vn 0.979108 0.178399 -0.097576
vn 0.958556 0.261556 0.112957
vn 0.968392 0.215814 -0.125066
vn 0.940163 0.210192 0.268167
vn 0.995863 0.066965 0.061423
vn -0.686641 -0.720018 -0.100494
vn -0.822213 0.365281 -0.436503
vn -0.921397 0.313925 -0.229082
vn -0.659205 0.187157 -0.728300
vn -0.920677 0.290023 0.261228
vn -0.088951 0.055681 -0.994478
vn -0.077824 0.018284 -0.996800
vn -0.782871 0.104759 -0.613301
vn -0.968783 0.033891 -0.245584
vn -0.957641 0.201714 -0.205510
vn -0.185538 -0.023792 -0.982349
vn -0.056966 0.038826 -0.997621
vn -0.932463 0.327813 0.151824
vn -0.923723 0.223640 0.311000
vn -0.994823 0.098315 -0.025731
vn -0.935533 0.131639 0.327794
vn -0.961275 0.190650 0.199004
vn -0.718175 0.069448 0.692389
vn -0.235592 0.002237 0.971850
vn -0.278966 -0.081924 0.956800
vn -0.918453 -0.272341 0.286837
vn -0.898307 -0.271692 -0.345294
vn -0.950118 -0.308978 -0.042531
vn -0.031234 -0.038888 0.998755
vn 0.009949 -0.012950 0.999867
vn -0.897292 -0.433165 -0.085059
vn -0.859338 -0.459162 0.225186
vn -0.734598 -0.677765 0.031617
vn -0.629688 -0.762397 0.149142
vn -0.636015 -0.767241 -0.082626
vn -0.631988 -0.734899 0.245996
vn -0.782541 0.323903 0.531711
vn -0.216213 0.181519 -0.959324
vn -0.054596 0.081020 -0.995216
vn -0.736141 0.396124 0.548801
vn -0.032552 -0.052556 0.998087
vn -0.718457 -0.661536 0.214916
vn -0.844104 -0.531359 0.071738
vn -0.683574 -0.693702 -0.226944
vn -0.821600 -0.498804 0.275985
vn -0.037037 -0.032225 0.998794
vn -0.948131 -0.317603 0.013279
vn -0.867713 -0.294552 0.400391
vn -0.856118 -0.436841 -0.276102
vn -0.803347 -0.516477 0.296454
vn -0.060372 -0.072415 -0.995546
vn -0.763131 -0.633786 -0.126281
vn -0.695048 -0.701505 0.157475
vn -0.058012 -0.092430 0.994028
vn -0.584722 -0.804633 -0.103278
vn -0.519518 -0.764157 0.382315
vn -0.260957 -0.634784 -0.727290
vn -0.018580 -0.147114 -0.988945
vn -0.371034 -0.926831 0.057605
vn -0.173831 -0.949056 -0.262821
vn 0.019969 -0.912668 0.408213
vn 0.098422 -0.978166 -0.183041
vn 0.354990 -0.816308 -0.455656
vn -0.083311 -0.292610 0.952596
vn -0.136372 -0.981552 0.134007
vn 0.161081 -0.290473 0.943228
vn 0.008122 -0.038209 0.999237
vn 0.565012 -0.824473 -0.031727
vn 0.417977 -0.899590 0.126619
vn 0.662566 -0.708532 -0.242874
vn 0.655557 -0.680298 0.327779
vn 0.223467 -0.954775 0.196131
vn -0.333680 0.804320 0.491658
vn 0.106644 0.191759 0.975631
vn 0.727722 0.591031 0.347998
vn 0.704374 0.387923 -0.594451
vn -0.010003 0.298985 -0.954205
vn -0.132745 0.990322 -0.040507
vn -0.186920 0.954000 0.234402
vn 0.074940 0.987750 -0.136872
vn -0.323846 0.929329 -0.177401
vn -0.993769 -0.107863 -0.028066
vn -0.935570 0.330641 -0.124036
vn -0.089902 0.039077 0.995184
vn -0.593478 0.643340 0.483629
vn -0.001679 -0.004825 0.999987
vn 0.008782 0.043253 0.999026
vn 0.052658 -0.001573 0.998611
vn 0.222388 0.126884 0.966666
vn 0.821066 0.563601 0.090581
vn 0.593680 0.351864 0.723696
vn 0.902568 0.425957 0.062703
vn -0.233157 0.657754 0.716238
vn -0.758992 0.113852 0.641069
vn 0.939199 0.299851 -0.167318
vn 0.966684 0.247925 -0.063675
vn 0.943323 0.249779 0.218522
vn -0.613511 0.786901 0.066260
vn -0.393731 0.482010 0.782715
vn -0.013880 0.020190 0.999700
vn 0.956142 0.237362 0.171616
vn 0.100333 0.009640 0.994907
vn 0.108373 -0.002131 0.994108
vn -0.970136 -0.091698 -0.224559
vn -0.998916 -0.011180 0.045195
vn -0.755107 -0.008975 -0.655540
vn -0.512202 -0.033205 -0.858223
vn -0.306601 0.036290 -0.951146
vn -0.130882 -0.015481 -0.991277
vn -0.686959 -0.142185 -0.712651
vn -0.962336 -0.208234 -0.174778
vn -0.981345 -0.171948 0.086003
vn -0.957430 -0.273063 0.093613
vn -0.927833 0.046857 0.370042
vn -0.471022 -0.093486 0.877154
vn -0.946627 -0.213109 0.241828
vn -0.947994 -0.259120 0.184837
vn -0.284723 -0.009722 0.958561
vn -0.897977 -0.093586 0.429975
vn -0.882532 -0.213265 0.419112
vn -0.046641 -0.015966 0.998784
vn -0.225578 0.340928 -0.912624
vn -0.032028 0.045579 -0.998447
vn -0.010074 0.010424 -0.999895
vn -0.359227 0.714750 -0.600074
vn -0.671102 0.388755 -0.631262
vn -0.202780 0.133596 -0.970068
vn -0.074358 0.068620 -0.994868
vn -0.640484 0.455331 -0.618428
vn -0.185104 0.191135 -0.963952
vn -0.604043 0.507721 -0.614289
vn -0.469714 0.658323 -0.588201
vn -0.043568 0.045571 -0.998011
vn -0.587519 0.557833 -0.586211
vn -0.260323 0.329610 -0.907518
vn -0.352227 0.232753 -0.906511
vn -0.324271 0.292302 -0.899671
vn -0.686276 0.329898 -0.648223
vn -0.328533 0.136618 -0.934560
vn 0.069613 -0.032353 0.997049
vn 0.813572 -0.461572 0.353627
vn 0.448998 -0.407056 0.795428
vn 0.764870 -0.572757 0.294828
vn 0.715278 -0.658437 0.234175
vn 0.021312 -0.015801 0.999648
vn -0.007613 0.002670 -0.999967
vn -0.353917 0.555922 -0.752126
vn -0.407066 0.665760 -0.625349
vn -0.540483 0.638029 -0.548449
vn -0.489704 0.604295 -0.628504
vn 0.244913 -0.387366 0.888800
vn 0.584125 -0.728631 0.357623
vn 0.521464 -0.629699 0.575808
vn 0.670937 -0.692059 0.266267
vn 0.721166 -0.599574 0.347030
vn 0.523948 -0.376521 0.764009
vn 0.239501 -0.264830 0.934080
vn 0.072393 -0.037408 0.996674
vn 0.029348 -0.040140 0.998763
vn 0.005642 -0.005279 0.999970
vn -0.772911 0.247390 -0.584300
vn -0.458422 0.118862 -0.880750
vn -0.767600 0.140924 -0.625244
vn -0.742909 0.288634 -0.603968
vn -0.717159 0.154122 -0.679654
vn -0.356176 0.148696 -0.922512
vn -0.018050 0.004449 -0.999827
vn -0.014861 0.000028 -0.999890
vn -0.614653 0.024886 -0.788405
vn -0.777372 -0.045408 -0.627400
vn -0.677641 -0.095291 -0.729193
vn -0.564865 0.045503 -0.823928
vn -0.813070 0.065028 -0.578522
vn -0.448830 -0.052551 -0.892071
vn -0.086225 0.026429 -0.995925
vn -0.108536 0.003723 -0.994085
vn 0.358635 0.028036 0.933057
vn 0.297092 -0.051160 0.953477
vn 0.934852 0.129540 0.330562
vn -0.008538 0.001577 -0.999962
vn 0.979649 -0.046944 0.195149
vn 0.103226 -0.015213 0.994542
vn 0.861828 -0.409071 0.299855
vn 0.657670 -0.291126 0.694777
vn 0.786125 -0.481291 0.387771
vn 0.857772 -0.358854 0.368036
vn 0.914366 -0.273109 0.298909
vn 0.879954 -0.249577 0.404217
vn 0.559646 0.105650 0.821970
vn 0.179652 -0.025715 0.983394
vn 0.998975 -0.043906 0.011033
vn 0.816917 -0.261850 0.513888
vn 0.946646 -0.316750 -0.059418
vn 0.954349 -0.290357 0.070078
vn 0.980266 -0.175016 0.091912
vn 0.081789 -0.024996 0.996336
vn 0.895616 -0.314042 0.315038
vn 0.458375 -0.163524 0.873586
vn 0.411626 -0.203229 0.888404
vn 0.507012 -0.355263 0.785320
vn 0.142969 0.008684 0.989689
vn 0.996386 0.076491 0.036938
vn 0.958734 0.281109 0.042508
vn 0.934987 -0.117313 0.334720
vn 0.887374 -0.147160 0.436935
vn 0.969436 -0.038114 0.242367
vn 0.971460 -0.000663 0.237204
vn 0.310043 -0.067615 0.948315
vn 0.701483 0.015698 0.712513
vn 0.947023 0.058913 0.315715
vn 0.375074 0.005407 0.926979
vn 0.937954 0.280428 0.203968
vn 0.972987 0.220394 0.068727
vn 0.970001 -0.243084 -0.002687
vn 0.788212 -0.082384 0.609865
vn 0.822099 0.135378 0.553016
vn 0.792691 0.248278 0.556775
vn 0.023802 -0.004992 0.999704
vn 0.055871 0.011599 0.998371
vn 0.164252 -0.132966 0.977416
vn 0.321311 -0.157729 0.933746
vn 0.717852 -0.002293 0.696192
vn 0.715928 -0.138507 0.684297
vn 0.006243 -0.004170 0.999972
vn 0.010427 -0.006856 0.999922
vn -0.009933 0.008075 -0.999918
vn 0.014027 -0.009325 0.999858
vn -0.506718 0.820486 0.264648
vn -0.019325 0.035985 0.999166
vn -0.535761 0.830642 -0.151641
vn -0.377709 0.751764 -0.540543
vn -0.143989 0.365476 -0.919617
vn -0.422874 0.867132 0.263174
vn -0.411290 0.909429 -0.061477
vn -0.019698 0.059362 0.998042
vn 0.007974 -0.001501 0.999967
vn 0.015926 -0.021171 0.999649
vn -0.259241 0.784485 -0.563363
vn -0.291208 0.955336 0.050311
vn -0.338282 0.884352 0.321695
vn -0.155614 0.983795 -0.089064
vn -0.187718 0.927519 0.323218
vn -0.274909 0.948852 -0.155260
vn -0.087873 0.488117 -0.868343
vn -0.167891 0.866859 -0.469433
vn -0.188267 0.344694 -0.919642
vn -0.305332 0.705569 -0.639488
vn -0.074111 0.423572 -0.902826
vn -0.141503 0.351263 -0.925522
vn -0.126477 0.671199 -0.730408
vn -0.267072 0.723489 -0.636582
vn -0.213740 0.655437 0.724374
vn -0.005115 0.040535 0.999165
vn -0.000573 0.313213 -0.949683
vn -0.017444 0.074726 -0.997052
vn 0.041153 0.770942 -0.635574
vn -0.054843 0.829484 -0.555831
vn -0.196036 0.744434 -0.638270
vn -0.070817 0.762290 -0.643349
vn -0.053938 0.453360 -0.889694
vn -0.015101 0.042200 -0.998995
vn 0.026638 0.335723 -0.941584
vn -0.011220 0.396625 -0.917912
vn 0.037949 0.720040 -0.692894
vn 0.016276 0.738438 -0.674125
vn 0.005986 -0.625164 0.780470
vn 0.142725 -0.826564 0.544446
vn 0.008228 0.058406 -0.998259
vn 0.106669 0.722829 -0.682744
vn 0.107121 0.664532 -0.739542
vn -0.025453 -0.283283 0.958698
vn 0.022721 -0.942243 0.334157
vn -0.125317 -0.912909 0.388448
vn -0.235576 -0.823052 0.516807
vn -0.087457 -0.478321 0.873819
vn -0.180587 -0.536955 0.824056
vn -0.029739 0.984844 -0.170873
vn -0.087340 0.991540 0.096015
vn 0.026960 0.996232 0.082431
vn -0.030207 0.744885 0.666509
vn -0.061478 0.516576 0.854031
vn 0.103081 0.988549 -0.110203
vn 0.045605 0.624637 0.779582
vn 0.115090 0.924193 0.364172
vn 0.010208 0.023002 0.999683
vn 0.014519 -0.033558 0.999331
vn 0.001614 -0.060743 0.998152
vn -0.012256 -0.608624 0.793364
vn 0.085377 -0.672633 0.735035
vn -0.016198 -0.946180 0.323235
vn 0.112050 0.482974 -0.868436
vn 0.192345 0.919678 -0.342339
vn 0.197496 0.980082 -0.020856
vn 0.083973 0.330096 -0.940205
vn 0.100775 0.387671 0.916273
vn 0.291144 0.950692 -0.106862
vn 0.288852 0.944199 0.158283
vn 0.223485 0.569036 0.791361
vn -0.269045 -0.907185 0.323465
vn -0.142868 -0.867900 0.475751
vn -0.175225 -0.505080 0.845098
vn 0.482671 -0.743540 0.462792
vn 0.479733 -0.816718 0.320668
vn 0.277248 -0.579139 0.766637
vn 0.406105 -0.840458 0.358760
vn 0.344947 -0.563947 0.750317
vn 0.384800 -0.860914 0.332800
vn 0.200667 -0.474392 0.857137
vn 0.328421 -0.395588 0.857700
vn 0.476173 -0.146814 0.867009
vn 0.154367 -0.557307 0.815831
vn 0.284140 -0.890892 0.354367
vn 0.068693 -0.366209 0.927993
vn 0.081020 -0.212732 0.973746
vn 0.011844 -0.058221 0.998233
vn 0.133755 -0.490499 0.861116
vn 0.284897 -0.889515 0.357207
vn 0.149114 -0.933776 0.325310
vn -0.051180 -0.152220 0.987021
vn 0.003163 0.026751 -0.999637
vn 0.124674 0.500564 -0.856675
vn 0.201412 0.742532 -0.638811
vn 0.276949 0.697881 -0.660501
vn -0.300242 -0.517884 0.801031
vn 0.480936 0.538814 -0.691650
vn 0.278989 0.256256 -0.925472
vn -0.008718 0.002416 -0.999959
vn 0.179224 0.374422 -0.909773
vn 0.275569 0.769033 -0.576758
vn 0.012443 0.044793 -0.998919
vn 0.110563 0.245255 -0.963133
vn 0.345263 0.618960 -0.705466
vn 0.231338 0.622789 -0.747407
vn 0.026266 0.050864 -0.998360
vn 0.378287 0.912137 -0.157812
vn 0.402397 0.800108 -0.444864
vn 0.376634 0.920071 0.107776
vn 0.384476 0.712894 0.586482
vn 0.019884 0.029664 0.999362
vn 0.425269 0.673938 -0.604114
vn 0.483408 0.870834 -0.089242
vn 0.549862 0.827823 0.111175
vn -0.346320 -0.841840 0.413967
vn 0.288249 0.502224 -0.815281
vn -0.527391 -0.719793 0.451395
vn -0.405233 -0.850062 0.336423
vn -0.455041 -0.817504 0.353023
vn -0.528134 -0.796695 0.293855
vn -0.355973 -0.650632 0.670792
vn -0.391896 -0.497880 0.773649
vn 0.005642 -0.010569 0.999928
vn -0.010070 -0.025161 0.999633
vn 0.554593 0.813983 -0.172798
vn 0.519979 0.662494 -0.539188
vn 0.278294 0.396713 -0.874741
vn 0.269814 0.290053 -0.918188
vn 0.409619 0.597741 -0.689143
vn 0.223363 0.301187 -0.927036
vn 0.441557 0.589590 -0.676322
vn 0.034340 0.049700 -0.998174
vn 0.525744 0.514408 -0.677479
vn 0.561348 0.461721 -0.686806
vn 0.019556 0.029528 0.999373
vn -0.024057 -0.001660 0.999709
vn 0.252127 0.160438 -0.954302
vn 0.544412 0.418006 -0.727246
vn 0.657491 0.651987 -0.377648
vn 0.322158 0.275183 -0.905808
vn 0.577361 0.410309 -0.705904
vn 0.765498 0.602651 -0.225441
vn 0.804699 0.517207 -0.291471
vn 0.067649 0.053723 -0.996262
vn 0.530255 0.321092 -0.784684
vn 0.813456 0.345433 -0.467938
vn 0.924961 0.365115 -0.105539
vn 0.905177 0.397248 0.151155
vn 0.631276 0.765465 -0.124713
vn 0.210217 0.303566 0.929331
vn 0.454490 0.584714 0.671973
vn -0.803945 0.489508 -0.337719
vn -0.279170 0.103459 -0.954652
vn -0.728907 0.674673 0.116240
vn -0.630305 0.771711 -0.084721
vn -0.291093 0.952346 0.091118
vn 0.045678 0.990332 -0.130978
vn -0.022099 0.027311 -0.999383
vn -0.160395 0.982580 -0.093861
vn 0.034263 0.251027 -0.967374
vn -0.411362 0.890036 -0.196512
vn 0.046542 0.012547 -0.998838
vn 0.012131 0.031071 0.999444
vn -0.527276 0.836244 0.150588
vn -0.015838 0.957941 0.286528
vn 0.484994 0.719668 -0.496849
vn 0.581395 0.812573 0.041285
vn 0.140020 0.987873 0.067085
vn 0.201401 0.975712 -0.086159
vn 0.966470 0.221399 -0.130073
vn 0.998390 0.011638 0.055511
vn 0.995284 -0.088088 0.040609
vn 0.048888 0.039424 0.998026
vn 0.485518 -0.019077 0.874019
vn 0.986494 -0.069297 -0.148415
vn 0.016613 0.003679 -0.999855
vn 0.693150 0.720096 0.031701
vn 0.543000 0.617637 0.568925
vn 0.736665 0.673980 -0.055455
vn 0.749075 0.599851 0.281186
vn 0.706639 0.285704 0.647329
vn 0.795177 0.576814 0.187029
vn -0.618631 0.753336 0.223116
vn -0.797704 0.414322 -0.438185
vn -0.977994 0.166240 -0.126064
vn -0.546376 0.132667 -0.826966
vn 0.019186 0.541225 -0.840659
vn -0.894257 0.391744 -0.216429
vn 0.412133 0.675641 -0.611273
vn 0.195033 0.083409 -0.977244
vn 0.835289 -0.081544 -0.543731
vn -0.071518 0.018475 -0.997268
vn -0.608121 0.168649 -0.775723
vn -0.683836 0.210901 0.698490
vn -0.954020 0.247559 0.168996
vn -0.879313 0.440604 0.180764
vn -0.406797 0.088392 0.909232
vn -0.616463 0.103212 0.780590
vn -0.444555 0.054018 0.894121
vn -0.010078 -0.004617 0.999939
vn -0.255809 0.234647 0.937818
vn -0.058449 0.008407 0.998255
vn 0.250475 -0.076243 0.965116
vn 0.335992 0.115626 0.934741
vn -0.167539 0.705104 0.689028
vn 0.452534 0.455724 0.766504
vn -0.491276 0.450659 0.745355
vn -0.779935 0.102053 -0.617484
vn -0.352256 0.124504 -0.927585
vn -0.682369 0.316249 -0.659059
vn -0.863418 0.135822 -0.485862
vn -0.691475 0.111447 0.713752
vn -0.046310 0.096642 0.994241
vn -0.075589 0.022167 0.996893
vn -0.987653 0.156111 0.013032
vn -0.099352 -0.676738 -0.729489
vn -0.597854 -0.487080 -0.636650
vn -0.634336 -0.709318 -0.307386
vn -0.712706 -0.039269 0.700363
vn -0.962777 0.156026 -0.220716
vn 0.070943 -0.502618 -0.861593
vn -0.990824 0.131593 -0.030850
vn -0.939119 0.124599 0.320205
vn 0.674659 -0.326782 -0.661852
vn 0.920207 -0.389780 -0.035922
vn 0.833935 -0.513841 -0.201295
vn -0.147170 -0.002585 -0.989108
vn -0.726008 0.164253 -0.667782
vn -0.224947 0.132717 -0.965290
vn -0.446057 0.300148 -0.843175
vn -0.679460 0.499066 -0.537835
vn -0.329856 0.064019 -0.941858
vn -0.236199 0.082911 -0.968161
vn -0.972761 0.125129 -0.195139
vn -0.057181 -0.001132 0.998363
vn 0.767367 0.511051 0.387264
vn 0.805578 0.584645 0.096093
vn 0.800105 0.557444 0.221556
vn 0.124499 0.095671 -0.987597
vn 0.754538 0.509166 0.414032
vn 0.652118 0.427677 -0.625967
vn 0.308096 0.494508 -0.812735
vn -0.020845 0.760424 0.649092
vn -0.082955 0.230530 -0.969523
vn 0.824142 0.290280 -0.486341
vn 0.391788 0.280005 -0.876413
vn -0.062370 0.046515 -0.996969
vn -0.973553 0.083357 -0.212709
vn 0.889719 0.447948 -0.087998
vn 0.437057 0.260988 -0.860736
vn 0.812055 0.461616 0.357040
vn 0.852655 0.489774 0.181935
vn 0.857818 0.404589 0.316949
vn 0.095010 0.052733 -0.994079
vn 0.294948 0.152905 -0.943200
vn -0.062308 -0.092260 0.993784
vn -0.021229 -0.019293 0.999588
vn -0.244561 -0.326104 0.913152
vn -0.649042 -0.681800 0.337481
vn -0.473097 -0.471396 0.744288
vn -0.234007 -0.202333 0.950948
vn -0.326031 -0.190221 0.926024
vn -0.503487 -0.398947 0.766382
vn -0.648844 -0.688186 0.324655
vn -0.721432 -0.599979 0.345775
vn -0.432584 -0.379675 0.817752
vn -0.498864 -0.325039 0.803421
vn -0.741112 -0.554543 0.378464
vn 0.016351 0.023893 -0.999581
vn 0.022075 0.010372 -0.999703
vn -0.039630 -0.006091 0.999196
vn -0.611561 -0.107981 0.783794
vn 0.598486 0.123170 -0.791608
vn 0.709554 0.207662 -0.673357
vn 0.028338 -0.000112 -0.999598
vn 0.039935 0.005426 -0.999188
vn 0.699434 0.026694 -0.714199
vn 0.705690 -0.045491 -0.707059
vn -0.773803 -0.470674 0.423903
vn -0.225408 -0.079558 0.971011
vn -0.883481 -0.363189 0.295898
vn -0.800900 -0.439664 0.406516
vn -0.763012 -0.266849 0.588732
vn 0.624079 0.360778 -0.693083
vn 0.622915 0.278097 -0.731190
vn -0.078872 -0.066637 0.994655
vn -0.904333 0.083995 -0.418482
vn -0.724980 0.068122 -0.685393
vn -0.318813 0.042619 -0.946859
vn -0.343586 -0.157666 0.925792
vn -0.311221 0.033829 0.949735
vn -0.188981 0.012711 0.981899
vn -0.930719 0.119464 0.345674
vn -0.356553 0.060878 -0.932290
vn -0.278610 0.034348 -0.959790
vn -0.500202 0.057449 -0.864001
vn -0.985850 0.123844 -0.112973
vn -0.179318 0.050498 0.982494
vn -0.281795 0.037877 0.958727
vn -0.973291 0.137448 -0.183880
vn -0.972491 0.146507 -0.181097
vn -0.062779 -0.002564 0.998024
vn -0.828302 0.070170 -0.555870
vn -0.984689 0.116252 -0.129899
vn -0.982929 0.099498 -0.154761
vn -0.907167 0.094734 0.409968
vn -0.961455 0.109720 0.252123
vn -0.197210 0.022037 -0.980114
vn -0.623603 -0.258397 0.737801
vn -0.906005 -0.236812 0.350822
vn -0.773344 -0.108422 0.624647
vn -0.395281 -0.082934 0.914809
vn -0.926292 0.016968 -0.376423
vn -0.198753 -0.009140 0.980007
vn -0.988698 -0.041117 -0.144174
vn -0.811082 0.008239 -0.584874
vn -0.711830 -0.026027 -0.701869
vn -0.749872 -0.048186 -0.659826
vn -0.995731 0.078640 0.048321
vn -0.977419 -0.058262 0.203119
vn -0.767855 -0.059387 -0.637865
vn -0.499017 -0.015167 0.866460
vn 0.632151 0.252278 -0.732626
vn 0.140322 0.084300 -0.986511
vn 0.106374 0.025637 -0.993996
vn 0.058112 0.019318 -0.998123
vn 0.301761 0.131550 -0.944264
vn 0.932009 0.274045 -0.237190
vn -0.922041 -0.217173 0.320432
vn -0.927388 -0.089238 0.363301
vn -0.969595 -0.188968 0.155488
vn -0.810043 -0.156976 -0.564968
vn 0.700548 0.083449 -0.708709
vn 0.058952 0.005357 -0.998246
vn 0.381121 0.098512 -0.919262
vn 0.395565 0.013224 -0.918343
vn -0.770647 -0.635567 -0.046460
vn -0.593942 -0.803696 0.036139
vn -0.068055 0.041800 0.996806
vn -0.183085 0.038249 0.982353
vn -0.345769 -0.021944 0.938063
vn 0.011325 -0.007548 -0.999907
vn -0.557579 0.070804 0.827099
vn -0.677499 -0.004245 0.735512
vn -0.916642 0.140589 0.374169
vn -0.443215 0.142165 0.885070
vn -0.884081 0.265531 0.384569
vn -0.273576 0.119350 0.954417
vn -0.362824 0.249904 0.897723
vn -0.551149 0.442762 0.707246
vn -0.602316 0.291088 0.743293
vn -0.909915 0.312937 0.272258
vn -0.877344 0.381068 0.291642
vn -0.829424 0.392616 0.397376
vn -0.562685 0.159434 0.811151
vn -0.787109 0.468156 0.401608
vn -0.782563 0.513454 0.352080
vn -0.488380 0.368605 0.790958
vn -0.938914 -0.011527 0.343959
vn -0.957172 0.043369 0.286254
vn -0.533561 0.025387 0.845380
vn -0.271694 -0.077174 0.959284
vn -0.898886 -0.133161 0.417459
vn -0.696535 -0.709950 0.103975
vn -0.232307 -0.234897 0.943852
vn -0.069676 0.005609 0.997554
vn -0.930071 0.091644 0.355765
vn -0.913629 0.203439 0.351986
vn -0.089414 -0.015440 0.995875
vn -0.059825 0.002120 0.998207
vn -0.982820 -0.104481 0.152148
vn -0.961904 0.152157 0.227132
vn -0.617437 -0.736529 0.276217
vn -0.633415 -0.742651 0.217382
vn -0.067074 -0.009060 0.997707
vn -0.319522 -0.358703 0.877062
vn -0.632156 -0.771071 0.076347
vn -0.836635 -0.528103 0.145431
vn -0.830877 -0.531504 0.164765
vn -0.011349 -0.007012 0.999911
vn -0.672812 0.013450 0.739691
vn -0.008805 -0.004950 0.999949
vn -0.547732 -0.247351 0.799254
vn -0.986952 0.099072 0.126930
vn -0.958557 0.166288 0.231337
vn -0.953092 -0.279322 0.116596
vn -0.498229 0.223078 0.837857
vn -0.976643 0.157911 0.145712
vn -0.285429 0.043333 -0.957420
vn -0.026881 -0.003087 0.999634
vn 0.900340 0.333070 0.280092
vn 0.442133 0.166383 -0.881383
vn 0.115100 0.036253 -0.992692
vn 0.036138 -0.010005 0.999297
vn 0.028117 -0.007068 0.999580
vn -0.496783 -0.164983 -0.852049
vn -0.342137 -0.241271 -0.908147
vn -0.103496 -0.039819 -0.993832
vn -0.573749 -0.322009 -0.753076
vn -0.566422 -0.501054 -0.654302
vn -0.396937 -0.452551 -0.798523
vn -0.078280 -0.079725 -0.993738
vn -0.065375 -0.013138 -0.997774
vn -0.352363 -0.097146 -0.930808
vn -0.065660 -0.016943 0.997698
vn -0.927866 -0.205232 0.311360
vn -0.928906 -0.212281 0.303431
vn -0.884287 -0.216578 0.413680
vn -0.917830 -0.296178 -0.264323
vn -0.927643 -0.331780 0.171465
vn -0.919837 -0.380409 -0.095859
vn -0.425334 -0.183102 0.886321
vn -0.143869 -0.032535 0.989062
vn -0.211228 -0.115457 0.970594
vn -0.896547 -0.198077 0.396193
vn -0.365235 -0.093544 0.926204
vn -0.942135 -0.237999 0.236090
vn -0.888761 -0.169482 0.425886
vn -0.038325 -0.002870 0.999261
vn -0.223512 -0.068968 -0.972258
vn -0.685223 -0.216909 -0.695284
vn -0.739492 -0.174731 -0.650093
vn -0.697378 -0.273472 -0.662478
vn -0.581901 -0.289296 -0.760066
vn -0.016436 -0.005792 -0.999848
vn 0.635437 0.132479 0.760703
vn 0.932652 0.239065 0.270199
vn 0.891896 0.308060 0.331090
vn 0.918779 0.180353 0.351165
vn 0.947970 0.298271 0.111299
vn 0.184750 0.054433 0.981277
vn 0.094671 0.003435 0.995503
vn 0.848073 0.349362 0.398395
vn -0.364995 -0.175191 -0.914378
vn -0.610374 -0.365470 -0.702763
vn 0.937058 0.332387 0.106962
vn 0.841350 0.422269 0.337371
vn 0.780806 0.542829 0.309319
vn -0.209571 -0.056327 0.976170
vn 0.002912 0.000136 0.999996
vn 0.949270 0.257198 0.180930
vn 0.085231 0.025650 0.996031
vn 0.949873 0.303402 0.075419
vn 0.691084 0.211095 0.691261
vn -0.431919 -0.094691 0.896928
vn 0.950830 0.307461 -0.037278
vn 0.862281 0.280489 0.421661
vn -0.811492 -0.370386 -0.451990
vn -0.866562 -0.474421 -0.154902
vn -0.890550 -0.433903 0.136561
vn -0.846562 -0.495962 0.193273
vn -0.827622 -0.559240 -0.047872
vn -0.759266 -0.532116 -0.374656
vn -0.669410 -0.431576 0.604675
vn -0.230012 -0.067143 0.970869
vn -0.241037 -0.153327 0.958328
vn -0.758177 -0.642394 -0.111794
vn -0.968623 -0.241359 0.059293
vn -0.043818 -0.017070 -0.998894
vn -0.119562 -0.073090 -0.990133
vn -0.698237 -0.708664 0.101296
vn -0.764492 -0.628834 0.141847
vn -0.682562 -0.715691 -0.147971
vn -0.746463 -0.606225 0.274380
vn -0.389517 -0.111935 -0.914192
vn -0.429052 -0.206379 -0.879388
vn -0.716911 -0.674423 0.176612
vn -0.178855 -0.148672 -0.972578
vn -0.936237 -0.263305 0.232658
vn -0.856265 -0.248294 0.452947
vn -0.970716 -0.214109 0.108939
vn -0.865562 -0.156413 0.475749
vn -0.974945 -0.211092 0.070163
vn -0.027539 0.005018 0.999608
vn -0.972241 -0.212854 -0.097166
vn -0.088078 -0.029045 -0.995690
vn 0.025932 0.014723 0.999555
vn 0.075577 0.028247 0.996740
vn 0.494496 0.194180 0.847212
vn 0.265921 0.156261 0.951246
vn 0.568867 0.314080 0.760095
vn -0.562240 -0.426030 -0.708791
vn -0.538202 -0.460510 -0.705882
vn -0.385976 -0.387266 -0.837286
vn 0.243881 0.218909 0.944776
vn 0.496366 0.375605 0.782650
vn 0.796302 0.476533 0.372585
vn 0.707830 0.589951 0.388504
vn 0.559481 0.332607 0.759180
vn 0.174545 0.056501 0.983027
vn 0.787267 0.321332 0.526267
vn 0.684044 0.642972 0.344486
vn 0.440080 0.361965 0.821773
vn 0.093525 0.066114 0.993419
vn 0.840777 0.284027 0.460893
vn 0.617047 0.682354 0.391976
vn 0.346184 0.393537 0.851637
vn 0.604897 0.722158 0.335540
vn -0.010305 -0.007024 -0.999922
vn 0.046531 0.030458 0.998452
vn 0.009453 -0.002914 0.999951
vn 0.410787 0.441037 0.797960
vn 0.380314 0.607465 0.697387
vn 0.160087 0.229191 0.960127
vn 0.523708 0.798889 0.295816
vn 0.040748 0.089390 0.995163
vn 0.182346 0.451851 0.873259
vn 0.945627 0.319166 0.062623
vn 0.947754 0.318956 0.005388
vn -0.078521 -0.058069 -0.995220
vn -0.089576 -0.088012 -0.992084
vn -0.428429 -0.491174 -0.758417
vn 0.024583 0.018923 0.999519
vn 0.052780 0.014872 0.998496
vn 0.202413 0.064802 0.977154
vn -0.650290 -0.755420 0.080394
vn -0.678410 -0.726243 -0.111047
vn -0.023497 -0.041131 -0.998877
vn -0.575726 -0.752581 0.319625
vn -0.961670 -0.267532 -0.060140
vn 0.006412 -0.055454 -0.998441
vn -0.965800 -0.246079 0.081702
vn -0.394457 -0.597326 -0.698288
vn -0.597335 -0.767624 -0.232259
vn -0.352493 -0.491090 -0.796605
vn -0.544910 -0.821041 0.170190
vn 0.022717 0.022070 0.999498
vn -0.252726 -0.059181 0.965726
vn -0.010488 0.006313 0.999925
vn -0.250931 -0.382933 -0.889042
vn -0.394556 -0.580152 -0.712565
vn -0.092642 -0.115087 -0.989026
vn -0.399516 -0.648906 -0.647540
vn -0.042728 -0.049160 -0.997877
vn -0.283830 -0.669688 -0.686264
vn -0.162719 -0.327915 -0.930588
vn 0.503366 0.745665 0.436586
vn 0.098268 0.002187 0.995158
vn 0.022612 -0.003587 0.999738
vn 0.398377 0.836478 0.376299
vn 0.448083 0.835115 0.319068
vn 0.329305 0.859851 0.390146
vn -0.162077 -0.325488 -0.931552
vn -0.506799 -0.754305 0.417348
vn -0.472821 -0.857955 0.200880
vn -0.509473 -0.848671 -0.142106
vn -0.372752 -0.764866 -0.525391
vn 0.947468 0.319419 -0.016610
vn 0.958740 0.280945 -0.043456
vn 0.997135 0.074539 -0.012860
vn -0.012772 -0.098014 -0.995103
vn -0.018175 -0.046247 -0.998765
vn -0.253079 -0.413424 -0.874661
vn -0.314984 -0.443346 -0.839184
vn -0.549679 -0.758755 0.349490
vn 0.961834 0.160466 0.221642
vn 0.034954 -0.041911 -0.998510
vn 0.247787 -0.498131 0.830943
vn -0.009180 -0.120274 0.992698
vn 0.161384 -0.914234 0.371660
vn 0.781123 -0.201371 -0.591013
vn 0.957609 -0.252422 -0.138811
vn 0.997798 -0.033299 -0.057359
vn 0.254721 -0.179528 0.950204
vn 0.976365 -0.070512 0.204300
vn 0.875822 -0.453286 0.165734
vn 0.011992 -0.004658 0.999917
vn -0.148624 -0.414017 0.898054
vn -0.000540 -0.043515 0.999053
vn 0.739895 0.263510 0.618965
vn 0.960498 0.277007 0.026644
vn 0.940866 0.322336 0.104260
vn 0.755660 0.219030 0.617255
vn 0.250102 0.403313 0.880220
vn 0.134720 0.329434 0.934518
vn -0.313594 -0.361747 -0.877951
vn -0.852194 -0.514398 -0.095703
vn -0.174365 -0.091996 -0.980374
vn -0.867178 -0.400311 0.296232
vn -0.334648 -0.917198 -0.216235
vn -0.571460 -0.820372 -0.020578
vn -0.330042 -0.926023 0.183174
vn 0.167523 -0.979533 -0.111586
vn -0.077253 -0.994800 -0.066367
vn -0.679738 -0.716891 0.154996
vn 0.017102 -0.413120 0.910516
vn 0.040840 -0.997058 0.064859
vn 0.035268 -0.068164 0.997051
vn 0.041539 0.016359 0.999003
vn 0.514675 -0.712029 -0.477623
vn 0.758537 -0.639667 -0.124287
vn 0.391747 -0.901493 -0.183970
vn 0.314222 -0.946943 0.067556
vn 0.604037 -0.795566 0.047052
vn 0.076808 0.634599 0.769016
vn 0.034927 0.292892 0.955507
vn 0.006384 0.045670 0.998936
vn 0.011704 -0.004591 0.999921
vn 0.001790 0.956960 0.290213
vn -0.126606 0.907769 0.399907
vn 0.003109 0.690233 0.723580
vn -0.052021 0.961097 0.271267
vn -0.127419 0.850509 0.510293
vn -0.029238 0.429371 0.902655
vn -0.168809 0.652486 0.738760
vn -0.076548 0.238925 0.968016
vn -0.287498 0.915022 0.282983
vn -0.243854 0.925651 0.289318
vn -0.290018 -0.562030 -0.774604
vn -0.212205 -0.678785 -0.703008
vn -0.183884 -0.748998 -0.636545
vn -0.121250 -0.644004 -0.755353
vn 0.288713 0.894245 0.342011
vn 0.131216 0.920511 0.368023
vn 0.161836 0.646708 0.745371
vn -0.033033 -0.037528 -0.998749
vn -0.249930 -0.649945 -0.717709
vn -0.086518 -0.346315 -0.934120
vn -0.425949 -0.900538 -0.087171
vn -0.335245 -0.921681 -0.195231
vn -0.360684 -0.932682 -0.003378
vn -0.262790 -0.952500 -0.153900
vn -0.166257 -0.596482 0.785218
vn -0.071509 -0.440109 0.895092
vn -0.234624 -0.971664 0.028648
vn -0.019991 -0.429864 -0.902672
vn -0.033715 -0.432581 -0.900965
vn -0.107433 -0.393887 -0.912859
vn -0.080078 -0.728915 -0.679905
vn -0.010417 -0.008709 -0.999908
vn 0.065364 -0.615180 -0.785673
vn 0.039187 -0.698030 -0.714995
vn 0.082398 -0.436339 -0.896002
vn 0.041477 -0.376169 -0.925622
vn 0.007715 -0.063508 -0.997952
vn -0.195129 -0.813541 -0.547791
vn -0.021653 -0.072799 -0.997112
vn -0.010535 -0.090260 -0.995862
vn -0.170836 -0.981459 -0.086910
vn -0.054728 -0.564607 -0.823543
vn -0.104126 -0.909735 -0.401921
vn -0.070259 -0.993780 -0.086397
vn -0.125070 -0.937920 0.323516
vn 0.031062 -0.388421 -0.920958
vn 0.025053 -0.993631 -0.109865
vn 0.110231 -0.993197 0.037520
vn 0.152476 0.526938 0.836114
vn 0.205608 0.915044 0.347016
vn 0.058947 0.498991 0.864600
vn 0.019858 0.062106 0.997872
vn 0.058117 0.930682 0.361184
vn -0.008440 0.564134 0.825640
vn 0.007056 0.031190 0.999489
vn -0.001042 -0.969253 0.246063
vn 0.007770 -0.073949 0.997232
vn 0.074880 -0.428736 0.900321
vn -0.009994 -0.003303 -0.999945
vn -0.043436 0.074820 0.996251
vn -0.231239 0.242561 0.942175
vn -0.158657 0.269602 0.949812
vn -0.540161 0.791373 0.286278
vn -0.572517 0.606831 0.551344
vn -0.351844 0.549908 0.757500
vn 0.190983 -0.578826 -0.792771
vn -0.382090 0.823718 0.418922
vn -0.212387 0.493228 0.843574
vn -0.465435 0.790369 0.398354
vn -0.349896 0.855956 0.380673
vn -0.156508 0.537393 0.828682
vn -0.186954 0.396465 0.898813
vn 0.004962 0.006501 0.999967
vn 0.101379 -0.135075 -0.985635
vn 0.504524 -0.444123 -0.740412
vn 0.501581 -0.477866 -0.721152
vn 0.591564 -0.426765 -0.684049
vn 0.356282 -0.395965 -0.846330
vn 0.247268 -0.607581 -0.754787
vn 0.048342 -0.045146 -0.997810
vn 0.295049 -0.516292 -0.803983
vn 0.418729 -0.534856 -0.733890
vn 0.354224 -0.618280 -0.701609
vn 0.202776 -0.330694 -0.921696
vn 0.238942 -0.236015 -0.941915
vn 0.023114 -0.029153 -0.999308
vn 0.040643 -0.018558 -0.999001
vn 0.263089 -0.514366 -0.816218
vn 0.098091 -0.154803 -0.983064
vn 0.136425 -0.603670 -0.785475
vn -0.026436 -0.893977 -0.447332
vn 0.160886 -0.982632 -0.092467
vn 0.133063 -0.537933 -0.832420
vn 0.052087 -0.135579 -0.989396
vn 0.122739 -0.903425 -0.410801
vn 0.259044 -0.952663 -0.159150
vn 0.228672 -0.960537 0.158357
vn 0.020647 -0.071449 -0.997231
vn 0.243616 -0.686967 -0.684636
vn 0.114048 -0.297409 -0.947914
vn 0.372985 -0.898628 -0.230976
vn 0.459768 -0.842764 -0.279932
vn 0.347524 -0.935632 0.061801
vn 0.459382 -0.885700 -0.067109
vn 0.049827 -0.063006 0.996769
vn 0.021113 -0.030685 0.999306
vn 0.228552 -0.433085 0.871895
vn 0.214308 -0.603689 0.767875
vn 0.453465 -0.679990 -0.576179
vn 0.438853 -0.872648 0.214226
vn 0.511468 -0.801638 0.309479
vn 0.559872 -0.819494 -0.122360
vn -0.578246 0.718124 0.387207
vn -0.657813 0.707934 0.257122
vn -0.285242 0.413866 0.864495
vn -0.739080 0.597617 0.310828
vn -0.698355 0.631165 0.337537
vn -0.406371 0.425920 0.808365
vn -0.003899 -0.016820 0.999851
vn -0.018158 0.019324 0.999648
vn -0.026331 0.007844 0.999623
vn 0.685446 0.202224 -0.699478
vn 0.862720 0.160502 -0.479534
vn 0.976009 0.214890 -0.035051
vn 0.992818 0.112816 -0.039816
vn 0.533109 0.043479 -0.844929
vn 0.114025 0.000279 -0.993478
vn 0.985891 -0.060508 -0.156067
vn 0.969543 0.047571 -0.240256
vn 0.997170 0.037213 0.065324
vn 0.992544 0.009662 0.121505
vn 0.715298 -0.028106 -0.698254
vn 0.981836 -0.096889 0.163126
vn 0.992157 -0.073777 0.100898
vn 0.672970 -0.182415 -0.716824
vn 0.668303 -0.078066 -0.739781
vn 0.599517 -0.235752 -0.764853
vn 0.668746 -0.150126 -0.728176
vn 0.355785 -0.059065 -0.932700
vn 0.282647 -0.094734 -0.954534
vn 0.462918 -0.194245 -0.864856
vn 0.606707 -0.375598 -0.700595
vn 0.675043 -0.369468 -0.638601
vn 0.328602 -0.209912 -0.920846
vn 0.137200 -0.045667 -0.989490
vn 0.040315 -0.003974 -0.999179
vn 0.460544 -0.236806 -0.855466
vn 0.786545 -0.314083 -0.531695
vn 0.820071 -0.438287 -0.367952
vn 0.905982 -0.404708 -0.124128
vn 0.917657 -0.394725 0.045807
vn 0.822679 -0.206579 -0.529646
vn 0.499387 -0.068373 -0.863677
vn 0.853846 -0.102815 -0.510270
vn 0.974190 -0.198286 0.107869
vn 0.995723 -0.091606 0.011990
vn 0.968367 -0.207598 -0.138449
vn 0.952590 -0.291399 -0.087516
vn 0.859734 -0.489096 0.147112
vn 0.366913 -0.141961 -0.919360
vn 0.062102 -0.047932 -0.996918
vn 0.356847 -0.196875 -0.913181
vn -0.029825 -0.001220 0.999554
vn -0.952687 0.157839 0.259759
vn 0.995142 -0.085811 0.048248
vn 0.985204 -0.087070 -0.147623
vn 0.975563 -0.167568 -0.142115
vn 0.126450 -0.040766 -0.991135
vn 0.058384 0.001137 -0.998294
vn 0.573761 -0.055876 -0.817114
vn 0.306478 -0.019816 -0.951672
vn 0.019200 0.006491 -0.999795
vn 0.335190 0.081095 -0.938654
vn 0.952737 0.256190 0.163273
vn 0.948754 0.305143 0.082177
vn 0.964286 0.122227 -0.234976
vn 0.993588 -0.079810 -0.080084
vn 0.637743 -0.030978 -0.769626
vn 0.987602 -0.088817 -0.129436
vn 0.992081 -0.086420 0.091141
vn 0.988366 -0.081026 0.128715
vn 0.067490 -0.012650 0.997640
vn -0.968319 0.109611 -0.224373
vn -0.982792 -0.017311 -0.183901
vn -0.404417 -0.007264 -0.914546
vn -0.657212 -0.078342 -0.749623
vn -0.329943 -0.059403 -0.942130
vn -0.966654 -0.141309 -0.213567
vn -0.980125 -0.176195 0.091164
vn -0.996414 -0.078720 0.031021
vn -0.493948 -0.094177 0.864376
vn -0.800050 0.118231 -0.588168
vn -0.469849 0.681429 -0.561157
vn -0.188063 0.188320 -0.963933
vn -0.630105 0.595500 -0.498344
vn -0.746056 0.481228 -0.460238
vn -0.529391 0.340643 -0.776986
vn -0.802964 0.359079 -0.475721
vn -0.700369 0.544515 -0.461505
vn -0.580142 0.669007 -0.464613
vn 0.667046 -0.348595 0.658431
vn 0.356583 -0.317114 0.878799
vn -0.811279 0.216786 -0.542983
vn -0.239276 0.047784 -0.969775
vn -0.070521 0.033916 -0.996934
vn 0.581773 -0.157340 0.797988
vn 0.835425 -0.130899 0.533788
vn 0.546133 -0.016391 0.837538
vn -0.780928 0.416391 -0.465585
vn -0.839612 0.285296 -0.462232
vn 0.233424 -0.131824 0.963398
vn 0.807329 -0.372103 0.457995
vn 0.727414 -0.517391 0.450750
vn 0.874051 -0.145923 0.463401
vn 0.817211 -0.251178 0.518725
vn -0.253146 0.806232 -0.534703
vn -0.014738 0.024180 -0.999599
vn -0.010914 0.037752 -0.999228
vn 0.238457 -0.353585 0.904498
vn 0.016452 -0.015516 0.999744
vn 0.533443 -0.616198 0.579430
vn 0.694979 -0.497660 0.518978
vn 0.223295 0.028394 0.974337
vn -0.016890 0.001963 -0.999855
vn 0.075331 -0.025441 0.996834
vn -0.843449 -0.102448 -0.527350
vn -0.754036 -0.025163 -0.656350
vn -0.883394 0.041296 -0.466808
vn -0.868606 0.030559 -0.494560
vn -0.500079 -0.042507 -0.864936
vn -0.861027 -0.087991 -0.500889
vn -0.378804 -0.174628 -0.908852
vn -0.302902 -0.043822 -0.952014
vn -0.063856 -0.018943 -0.997779
vn -0.861297 -0.190715 -0.470952
vn 0.879073 0.015108 0.476448
vn 0.865578 0.182174 0.466463
vn 0.835962 0.296272 0.461942
vn -0.832157 -0.254938 -0.492464
vn -0.787536 -0.387805 -0.478952
vn -0.791261 -0.362157 -0.492695
vn -0.667691 -0.143814 -0.730415
vn -0.691384 -0.305970 -0.654500
vn -0.079345 -0.013579 -0.996755
vn -0.662168 -0.295269 -0.688730
vn -0.439064 -0.253535 -0.861941
vn -0.231829 -0.122052 -0.965069
vn -0.863856 -0.246640 -0.439229
vn -0.966121 -0.250855 -0.060683
vn -0.916584 -0.279254 0.286167
vn -0.926686 -0.364777 -0.090503
vn -0.858214 -0.344341 0.380655
vn -0.887124 -0.460852 0.025037
vn -0.849654 -0.493872 -0.184874
vn -0.833769 -0.550491 0.042302
vn -0.419913 -0.249294 0.872654
vn -0.055928 -0.040801 -0.997601
vn -0.509458 -0.342992 -0.789183
vn -0.268277 -0.174796 -0.947351
vn -0.242106 -0.182933 -0.952848
vn -0.765755 -0.635540 -0.098528
vn -0.615154 -0.445022 -0.650800
vn -0.062833 -0.047746 -0.996881
vn -0.190129 -0.233980 -0.953470
vn -0.500206 -0.467035 -0.729159
vn -0.725488 -0.599212 0.338545
vn -0.032140 -0.033819 0.998911
vn -0.011412 -0.027438 0.999558
vn -0.545640 -0.796188 0.261459
vn -0.288623 -0.381725 0.878056
vn -0.677922 -0.713970 0.175123
vn -0.833147 -0.240424 -0.498058
vn -0.397426 -0.179727 -0.899861
vn -0.761237 -0.370276 -0.532366
vn -0.691255 -0.494131 -0.527259
vn -0.103445 -0.079989 -0.991414
vn -0.433796 -0.751353 -0.497282
vn -0.581098 -0.647058 -0.493599
vn -0.008293 -0.006245 -0.999946
vn -0.304314 -0.666240 -0.680821
vn -0.189828 -0.284818 -0.939598
vn -0.039713 -0.281970 -0.958601
vn 0.689442 0.149936 0.708653
vn 0.446399 0.165358 0.879423
vn 0.811627 0.309098 0.495701
vn 0.017150 -0.002064 0.999851
vn 0.755611 0.466555 0.459759
vn 0.358072 0.279636 0.890836
vn 0.584623 0.562691 0.584461
vn 0.697169 0.442989 0.563663
vn -0.590525 -0.652802 -0.474478
vn 0.280830 0.364257 0.887948
vn 0.517750 0.703538 0.486795
vn 0.012886 0.031195 0.999430
vn 0.285675 0.569503 0.770750
vn 0.664717 0.586804 0.462399
vn 0.461012 0.760724 0.456910
vn 0.263040 0.765180 0.587631
vn 0.117592 0.585556 0.802058
vn 0.100816 0.811014 0.576275
vn -0.254786 -0.826934 -0.501263
vn -0.718594 -0.464499 -0.517555
vn -0.683958 -0.546889 -0.482819
vn -0.576662 -0.586157 -0.569105
vn 0.693818 0.543441 0.472535
vn -0.345618 -0.508508 -0.788650
vn -0.352060 -0.350344 -0.867936
vn -0.474652 -0.641154 -0.603015
vn -0.495522 -0.721555 -0.483546
vn -0.649619 -0.701168 -0.293869
vn -0.497517 -0.725213 -0.475966
vn -0.200054 -0.346543 -0.916453
vn -0.518682 -0.854537 -0.027120
vn -0.616312 -0.786047 -0.047856
vn -0.194099 -0.363322 0.911220
vn -0.092406 -0.118324 -0.988666
vn -0.037872 -0.110534 -0.993151
vn -0.433438 -0.858098 -0.275316
vn -0.369262 -0.756873 -0.539248
vn -0.347205 -0.808072 -0.475887
vn -0.214289 -0.854159 -0.473807
vn 0.295092 0.839660 0.455951
vn 0.380533 0.797654 0.467914
vn -0.248764 -0.819524 -0.516234
vn -0.264061 -0.627422 -0.732539
vn -0.193643 -0.386870 -0.901573
vn -0.099152 -0.270414 -0.957625
vn -0.236861 -0.596077 -0.767195
vn -0.125761 -0.467379 -0.875066
vn -0.200230 -0.723492 -0.660657
vn -0.009670 -0.060350 -0.998131
vn -0.013336 -0.390899 -0.920337
vn -0.048799 -0.246774 -0.967844
vn 0.237810 -0.315818 -0.918535
vn 0.546848 -0.635679 -0.544857
vn 0.208515 -0.132843 -0.968955
vn 0.733016 -0.471640 -0.490147
vn 0.302739 -0.296462 -0.905792
vn 0.531589 -0.420259 -0.735388
vn 0.630432 -0.587263 -0.507619
vn 0.764563 -0.635311 0.108735
vn 0.800476 -0.595362 -0.069148
vn 0.863400 -0.504273 -0.015799
vn 0.808138 -0.574341 0.130560
vn 0.734248 -0.616912 0.283370
vn 0.015959 -0.013830 -0.999777
vn 0.358495 -0.300097 -0.883981
vn 0.424025 -0.312998 -0.849844
vn 0.647158 -0.753303 -0.117132
vn 0.312682 -0.416738 0.853557
vn 0.616951 -0.783802 -0.070890
vn 0.755150 -0.652657 0.061550
vn 0.722162 -0.685305 -0.094012
vn 0.605901 -0.670817 0.427655
vn 0.105470 -0.671404 0.733548
vn -0.986679 0.105982 0.123419
vn -0.994981 -0.041380 0.091109
vn -0.952460 -0.232540 -0.196837
vn -0.982280 0.136913 0.127985
vn -0.563464 -0.030566 0.825575
vn -0.943633 -0.305110 0.128311
vn 0.764119 -0.617021 -0.188168
vn -0.796414 -0.301619 -0.524166
vn 0.082345 -0.134269 -0.987518
vn -0.059308 -0.036348 -0.997578
vn -0.871153 -0.480067 -0.103097
vn -0.634590 -0.768202 -0.084620
vn -0.766220 -0.636311 0.089529
vn -0.379057 -0.917128 0.123256
vn -0.035428 -0.034977 0.998760
vn -0.061877 -0.745945 0.663127
vn 0.965974 -0.165379 -0.198857
vn 0.012401 0.005303 -0.999909
vn 0.058031 -0.086788 -0.994535
vn 0.838724 -0.445883 -0.312619
vn 0.666114 -0.737615 -0.110527
vn 0.001022 -0.408335 -0.912832
vn -0.029528 -0.997830 -0.058857
vn -0.314009 -0.921939 -0.226774
vn 0.393415 -0.907014 -0.150166
vn 0.266615 -0.963659 0.016657
vn 0.769677 -0.632811 0.084543
vn -0.051830 -0.000002 0.998656
vn 0.033783 -0.015355 0.999311
vn 0.989915 -0.087142 -0.111690
vn 0.976953 -0.111870 0.181792
vn 0.946204 -0.320960 0.041016
vn 0.278073 -0.422986 0.862414
vn -0.278562 -0.959934 -0.030495
vn -0.146275 -0.553648 -0.819804
vn -0.341756 -0.911390 -0.229285
vn -0.102042 -0.690237 -0.716352
vn -0.226804 -0.922453 -0.312473
vn -0.079462 -0.864960 -0.495510
vn -0.117428 -0.855067 -0.505045
vn 0.028054 -0.840872 -0.540507
vn 0.011298 -0.005052 -0.999923
vn 0.009356 0.052041 0.998601
vn -0.015999 0.038947 0.999113
vn 0.019960 0.649707 0.759923
vn 0.145977 -0.786193 -0.600492
vn 0.014313 -0.115193 -0.993240
vn 0.189148 -0.850850 -0.490181
vn 0.039720 0.890418 0.453406
vn 0.213011 0.863258 0.457616
vn -0.086947 0.520442 0.849459
vn -0.254522 0.644374 0.721111
vn -0.209449 0.771214 0.601132
vn -0.037445 0.811642 0.582954
vn -0.103818 0.897093 0.429471
vn -0.017806 0.008138 0.999808
vn -0.197678 0.212506 0.956956
vn 0.574592 -0.630366 -0.521998
vn 0.358846 -0.594418 -0.719651
vn 0.141735 -0.367758 -0.919057
vn 0.248637 -0.790671 -0.559481
vn -0.400236 0.783620 0.475133
vn -0.143260 0.882846 0.447280
vn 0.349925 -0.798154 -0.490410
vn 0.419116 -0.767455 -0.485133
vn -0.107702 -0.751516 -0.650864
vn -0.011757 -0.100438 -0.994874
vn -0.041326 -0.068650 -0.996785
vn 0.030418 -0.050675 -0.998252
vn 0.328896 -0.286354 -0.899905
vn 0.693500 -0.532692 -0.485074
vn 0.483498 -0.728985 -0.484572
vn 0.532351 -0.690326 -0.489951
vn -0.033915 0.336462 -0.941086
vn 0.013655 0.283259 -0.958946
vn -0.029265 0.641180 -0.766832
vn -0.078337 0.951878 -0.296297
vn -0.018294 0.990020 0.139737
vn -0.009090 0.887253 -0.461193
vn 0.060459 0.977208 -0.203493
vn 0.031648 0.313501 0.949060
vn 0.012280 0.009357 0.999881
vn 0.090282 0.908366 0.408315
vn 0.037062 0.037543 0.998607
vn 0.013150 -0.029623 0.999475
vn -0.625909 0.677480 -0.386340
vn -0.123494 0.958936 -0.255327
vn -0.034722 0.055670 -0.997845
vn 0.028112 0.330069 -0.943538
vn -0.390371 0.914637 -0.105119
vn 0.182124 0.982258 -0.044720
vn 0.070678 0.116023 -0.990729
vn -0.140663 0.052010 -0.988690
vn -0.976030 -0.039008 -0.214110
vn -0.952675 0.235836 -0.191811
vn -0.975743 0.218656 0.010751
vn -0.851608 0.520976 -0.057860
vn -0.835397 0.523205 0.168428
vn -0.977863 -0.024398 0.207817
vn -0.025784 -0.043313 0.998729
vn -0.987843 -0.130741 0.084101
vn -0.055899 0.028006 -0.998044
vn 0.071233 -0.031224 0.996971
vn -0.101004 0.987230 0.123189
vn -0.550202 0.817805 0.168741
vn 0.434488 0.847825 -0.303995
vn -0.000088 0.022696 0.999742
vn 0.072468 0.137561 0.987839
vn 0.395725 0.891942 0.218726
vn 0.019797 -0.030914 0.999326
vn 0.048060 -0.021492 0.998613
vn -0.028507 -0.042060 0.998708
vn 0.869340 0.456037 -0.190467
vn -0.717210 0.545488 -0.433650
vn -0.696555 0.715590 -0.052362
vn -0.702463 0.666206 -0.250431
vn -0.777947 0.625447 0.060122
vn -0.450768 0.475677 0.755341
vn -0.720632 0.533959 0.442241
vn 0.015152 0.037401 -0.999186
vn 0.001656 0.038117 -0.999272
vn 0.994195 0.062118 -0.087847
vn -0.134808 0.157987 -0.978196
vn -0.540710 0.366916 -0.756971
vn -0.705644 0.553116 0.442865
vn 0.463119 0.579191 0.670864
vn 0.084589 0.034328 0.995824
vn 0.723205 0.527649 -0.445602
vn -0.030451 0.976140 0.214997
vn 0.983517 0.055663 0.172037
vn 0.998883 0.046381 0.009003
vn -0.280372 0.472850 -0.835347
vn -0.160183 0.414020 -0.896063
vn -0.468624 0.793485 -0.388295
vn -0.446356 0.894522 0.024412
vn -0.375636 0.840704 -0.390019
vn -0.554517 0.538075 -0.634812
vn -0.461070 0.626980 -0.627941
vn -0.631057 0.736911 -0.242341
vn -0.216835 0.235232 -0.947443
vn -0.370498 0.274195 -0.887439
vn -0.560353 0.816243 -0.140541
vn -0.524007 0.790429 0.317236
vn -0.608611 0.768703 0.196692
vn -0.207695 0.262772 0.942239
vn -0.029367 0.028020 0.999176
vn 0.045349 -0.078106 0.995913
vn 0.683018 0.729804 -0.029543
vn 0.750000 0.648238 0.131479
vn 0.907191 0.405098 0.113583
vn 0.978567 0.188427 -0.083077
vn 0.943024 0.189220 0.273680
vn 0.220307 -0.012140 0.975355
vn -0.209880 0.367279 0.906122
vn -0.303502 0.643783 0.702446
vn -0.130986 0.312984 0.940682
vn -0.319416 0.891641 0.320859
vn -0.000122 0.004035 0.999992
vn -0.599930 -0.038516 -0.799125
vn -0.103250 0.048663 -0.993464
vn -0.722896 0.531013 0.442093
vn -0.539379 0.413921 -0.733307
vn -0.485812 0.391692 -0.781386
vn -0.798228 0.548522 0.248908
vn -0.854562 0.467120 0.226985
vn -0.093017 0.080635 -0.992394
vn -0.848749 0.507795 0.147543
vn -0.914982 0.403198 0.015460
vn 0.997707 0.034040 0.058493
vn 0.996684 0.030667 0.075373
vn -0.985431 -0.143900 -0.090656
vn -0.986166 -0.147098 -0.076413
vn -0.981104 -0.157513 0.112363
vn -0.988237 -0.151637 -0.019860
vn -0.981921 -0.156249 0.106850
vn -0.017710 -0.036962 0.999160
vn 0.103443 -0.093031 0.990275
vn 0.066830 -0.021188 0.997539
vn 0.019057 -0.027113 0.999451
vn 0.617468 -0.375786 0.691027
vn 0.635742 -0.507423 0.581682
vn 0.281657 -0.312392 0.907238
vn 0.971677 0.028728 0.234560
vn 0.171066 -0.030350 0.984792
vn 0.416855 -0.188927 0.889122
vn 0.500658 -0.158868 0.850942
vn 0.979502 -0.011862 0.201082
vn 0.997613 0.038694 0.057198
vn -0.101997 0.129216 -0.986357
vn -0.062575 0.093161 -0.993683
vn -0.038539 0.074157 -0.996502
vn -0.027758 0.144493 -0.989116
vn -0.135881 0.516070 -0.845700
vn -0.194849 0.398428 -0.896264
vn -0.321678 0.525342 -0.787743
vn -0.368292 0.759839 -0.535730
vn -0.470607 0.722935 -0.505860
vn -0.531407 0.697506 -0.480720
vn -0.294848 0.805983 -0.513280
vn 0.372060 -0.763657 0.527636
vn 0.531033 -0.708817 0.464308
vn -0.130178 0.882977 -0.451004
vn -0.158320 0.858225 -0.488246
vn -0.087753 0.774373 -0.626614
vn -0.020751 0.883272 -0.468401
vn 0.219156 -0.868350 0.444903
vn 0.328954 -0.825407 0.458795
vn 0.097381 -0.886925 0.451532
vn 0.172141 -0.830590 0.529611
vn 0.295675 -0.832940 0.467747
vn -0.317496 0.943629 -0.093598
vn -0.196204 0.948409 -0.249048
vn -0.250058 0.808375 -0.532918
vn -0.133642 0.644080 -0.753194
vn -0.032000 0.130745 -0.990900
vn -0.050931 0.232413 0.971283
vn -0.184962 0.599112 0.779008
vn -0.184085 0.960021 0.210882
vn -0.036336 0.521375 0.852554
vn 0.249913 -0.555752 0.792895
vn 0.020219 -0.053980 0.998337
vn -0.007624 0.134622 -0.990868
vn 0.006636 0.819816 -0.572588
vn -0.003226 -0.516287 0.856410
vn -0.041513 -0.821222 0.569097
vn -0.011838 -0.269223 0.963005
vn 0.074118 -0.583622 0.808636
vn 0.221023 -0.674940 0.703992
vn -0.033206 -0.889133 0.456443
vn 0.055855 -0.846357 0.529680
vn 0.640593 -0.614457 0.460524
vn 0.566200 -0.613224 0.550794
vn 0.434978 -0.629540 0.643796
vn -0.906679 -0.147915 0.395038
vn 0.076923 -0.026131 0.996695
vn 0.995517 0.043029 0.084229
vn 0.121611 -0.022597 0.992321
vn 0.774565 0.040320 0.631207
vn 0.707195 0.470720 0.527539
vn 0.162833 0.642574 -0.748721
vn 0.075671 0.269289 -0.960082
vn 0.201537 0.925895 -0.319534
vn 0.087110 0.754045 -0.651020
vn 0.136545 0.990445 -0.019333
vn 0.274638 0.959620 -0.060856
vn 0.052225 0.123473 -0.990973
vn 0.005627 0.101819 -0.994787
vn 0.181887 0.451460 -0.873556
vn 0.186183 0.684954 0.704396
vn 0.289895 0.748092 0.596925
vn 0.308911 0.843632 -0.439157
vn 0.399704 0.915775 -0.039916
vn 0.257592 0.470580 -0.843920
vn 0.496991 0.867686 0.010971
vn 0.497451 0.638005 -0.587785
vn 0.449531 0.819206 -0.356124
vn 0.560539 0.767377 0.311333
vn 0.573139 0.802409 -0.166286
vn 0.318130 0.556285 0.767685
vn 0.375342 0.472003 0.797703
vn 0.325056 0.376528 -0.867505
vn 0.666278 0.744733 0.038017
vn -0.055365 0.004839 0.998454
vn -0.912553 0.403903 0.064103
vn -0.975297 0.204322 0.083954
vn -0.160131 -0.874681 0.457483
vn 0.416872 0.791273 -0.447331
vn 0.502427 0.739518 -0.447973
vn 0.494602 0.725171 -0.479056
vn 0.348350 0.811903 -0.468471
vn -0.275110 -0.797391 0.537105
vn -0.432209 -0.764998 0.477466
vn -0.329360 -0.830305 0.449573
vn -0.396661 -0.510762 0.762747
vn -0.556025 -0.682927 0.473758
vn -0.639942 -0.568726 0.516745
vn -0.474365 -0.744811 0.469292
vn -0.590911 -0.652986 0.473745
vn 0.112481 0.854814 -0.506598
vn 0.062213 0.519212 -0.852378
vn 0.241089 0.807226 -0.538760
vn 0.106865 0.402930 -0.908971
vn 0.009284 0.091499 -0.995762
vn 0.275435 0.690473 -0.668866
vn -0.132690 -0.732284 0.667947
vn -0.195391 -0.859308 0.472665
vn -0.267791 -0.777924 0.568438
vn 0.587105 0.647313 -0.486100
vn 0.400568 0.732698 -0.550181
vn 0.479494 0.656680 -0.582115
vn 0.049567 0.135847 -0.989489
vn 0.074674 0.129796 -0.988725
vn -0.136271 -0.370838 0.918645
vn 0.007910 -0.033169 0.999418
vn -0.247818 -0.409124 0.878182
vn 0.074522 0.075036 -0.994392
vn -0.336375 -0.809886 0.480558
vn -0.384834 -0.728071 0.567287
vn -0.529996 -0.642921 0.552953
vn -0.410829 -0.410939 0.813848
vn 0.639585 0.523977 -0.562476
vn 0.619149 0.639487 -0.455753
vn -0.729144 -0.478702 0.489074
vn 0.699695 0.546109 -0.460644
vn 0.767103 0.442622 -0.464368
vn 0.792758 0.378091 -0.478103
vn 0.830984 0.198618 -0.519631
vn 0.821237 0.325036 -0.468958
vn 0.625928 0.516576 -0.584264
vn 0.588986 0.592613 -0.549459
vn 0.171727 0.241707 -0.955033
vn 0.214531 0.201332 -0.955741
vn 0.062346 0.070978 -0.995528
vn 0.347923 0.366427 -0.862949
vn -0.747780 -0.447560 0.490423
vn -0.672322 -0.550602 0.494794
vn 0.704526 0.521687 -0.481130
vn 0.716083 0.409395 -0.565350
vn -0.811694 -0.344646 0.471564
vn 0.500659 0.208287 -0.840212
vn -0.460969 -0.226782 0.857950
vn 0.781238 0.312738 -0.540242
vn 0.844338 0.232381 -0.482797
vn 0.774031 0.207117 -0.598313
vn 0.341002 0.231631 -0.911079
vn 0.498675 0.177544 -0.848411
vn 0.095345 0.043608 -0.994489
vn -0.854994 -0.103321 0.508243
vn -0.781887 -0.263161 0.565154
vn -0.862219 -0.179337 0.473727
vn 0.870600 0.090419 -0.483612
vn 0.837803 -0.009784 -0.545885
vn 0.875949 -0.027439 -0.481623
vn -0.801176 0.339988 0.492468
vn 0.850390 -0.200787 -0.486334
vn 0.798792 -0.231297 -0.555367
vn -0.846856 -0.211936 0.487769
vn -0.802555 -0.334063 0.494275
vn 0.502185 -0.032186 -0.864161
vn 0.807929 0.108799 -0.579149
vn 0.839174 -0.109297 -0.532768
vn -0.353582 -0.086131 0.931430
vn -0.765931 -0.229628 0.600517
vn -0.813542 -0.100272 0.572796
vn -0.014816 -0.020489 0.999680
vn -0.782481 0.078647 0.617688
vn -0.523091 -0.036083 0.851512
vn 0.079885 0.040136 -0.995996
vn 0.472150 0.089472 -0.876966
vn -0.872915 -0.041332 0.486118
vn -0.869210 0.108983 0.482282
vn -0.818937 0.241967 0.520379
vn -0.006953 -0.001564 0.999975
vn -0.479506 0.129586 0.867918
vn -0.036881 -0.007100 0.999294
vn -0.008000 -0.025534 0.999642
vn 0.244640 0.210042 0.946591
vn 0.050275 0.028190 0.998337
vn 0.701867 0.651556 -0.287848
vn 0.468670 0.352957 0.809796
vn 0.730811 0.667457 0.142886
vn 0.802008 0.597264 0.007704
vn -0.570510 -0.387794 0.723971
vn 0.504332 0.412112 -0.758823
vn 0.776716 0.525890 -0.346630
vn 0.200182 0.123087 -0.971996
vn 0.850104 0.453288 -0.268056
vn 0.861066 0.503994 -0.067496
vn 0.034976 -0.004699 0.999377
vn 0.844056 0.337205 -0.416967
vn 0.587914 0.339223 -0.734360
vn 0.905676 0.410746 0.105065
vn 0.568213 0.323616 0.756575
vn 0.060704 0.015519 0.998035
vn 0.946418 0.313871 -0.076014
vn 0.348339 0.071062 0.934671
vn -0.049650 0.574301 0.817137
vn 0.012267 0.077634 0.996907
vn -0.210095 0.773599 0.597834
vn -0.383125 0.761474 0.522851
vn -0.731820 0.483349 0.480430
vn 0.711704 -0.504901 -0.488418
vn 0.674619 -0.458421 -0.578567
vn 0.594565 -0.573000 -0.564059
vn -0.669408 0.450326 0.590847
vn -0.625787 0.589262 0.511039
vn 0.753794 -0.363825 -0.547198
vn 0.107599 -0.081872 -0.990818
vn 0.501901 -0.629992 -0.592626
vn 0.224111 -0.356927 -0.906850
vn 0.326231 -0.340514 -0.881830
vn 0.034338 -0.100241 -0.994370
vn 0.032276 -0.053187 -0.998063
vn -0.456019 0.637032 0.621480
vn -0.453800 0.435990 0.777161
vn -0.184474 0.281978 0.941519
vn -0.179795 0.426072 0.886643
vn 0.006453 -0.009435 0.999935
vn 0.035044 -0.053685 0.997943
vn -0.006339 0.004948 0.999968
vn -0.613757 0.302903 0.729076
vn -0.404560 0.279677 0.870696
vn -0.041706 0.020862 0.998912
vn -0.001644 0.022524 0.999745
vn 0.158613 -0.819537 0.550637
vn 0.203984 -0.702950 0.681361
vn 0.325851 -0.941508 -0.085932
vn 0.400837 -0.909573 -0.109577
vn 0.014784 -0.060668 0.998048
vn 0.178104 -0.284019 -0.942132
vn 0.199566 -0.499379 -0.843086
vn 0.315531 -0.840347 -0.440746
vn 0.407567 -0.799648 -0.440968
vn 0.261499 -0.443278 0.857393
vn 0.490084 -0.871540 -0.015337
vn 0.312829 -0.751891 0.580343
vn 0.078550 -0.202838 0.976057
vn 0.773138 0.124114 -0.621975
vn 0.367769 0.046316 -0.928763
vn 0.119432 -0.000404 -0.992842
vn 0.701060 0.013728 -0.712970
vn 0.968252 0.127515 -0.215008
vn 0.326832 -0.023862 -0.944781
vn 0.102537 -0.035515 -0.994095
vn 0.690778 -0.117050 -0.713530
vn 0.967639 -0.097816 -0.232609
vn 0.071511 0.000927 -0.997439
vn 0.437970 -0.129219 -0.889654
vn 0.066533 -0.027222 -0.997413
vn 0.433027 -0.234062 -0.870461
vn 0.385256 -0.102317 -0.917120
vn 0.051310 -0.012153 0.998609
vn 0.477908 -0.078247 0.874918
vn 0.981397 -0.190816 -0.021208
vn 0.937847 -0.223563 -0.265447
vn 0.774141 -0.265965 -0.574428
vn 0.728706 -0.214485 0.650372
vn 0.931174 -0.338169 -0.136219
vn 0.032923 -0.022424 0.999206
vn 0.232954 -0.076796 0.969451
vn 0.895633 0.233407 -0.378632
vn 0.585449 0.217071 0.781108
vn 0.973614 0.219652 0.061881
vn 0.964884 0.021645 -0.261783
vn 0.998991 0.034634 0.028603
vn 0.944205 0.104482 0.312347
vn 0.996244 -0.065118 0.057067
vn 0.364056 -0.001440 0.931376
vn 0.064323 -0.060275 -0.996107
vn 0.421611 -0.568844 -0.706159
vn 0.691501 -0.714166 -0.108594
vn 0.608915 -0.653518 -0.449597
vn 0.376429 -0.440472 0.815037
vn 0.287016 -0.303116 -0.908704
vn 0.281669 -0.194011 -0.939693
vn 0.735249 -0.470393 -0.487996
vn 0.669717 -0.578223 -0.465980
vn 0.445350 -0.212974 -0.869658
vn 0.814330 -0.393688 -0.426470
vn 0.863646 -0.487087 -0.129853
vn 0.733483 -0.352138 0.581379
vn 0.323586 -0.180905 0.928744
vn 0.230609 -0.204573 0.951299
vn 0.562588 -0.507470 0.652663
vn 0.793666 -0.594831 -0.127558
vn 0.640018 -0.409945 0.649863
vn 0.594903 -0.751534 -0.285108
vn 0.494027 -0.786774 -0.370032
vn 0.582285 -0.812824 -0.016151
vn -0.135165 0.977945 -0.159229
vn -0.046951 0.121713 -0.991454
vn -0.533753 0.840770 -0.090631
vn 0.635347 0.770705 -0.048462
vn 0.263225 0.954017 -0.143400
vn 0.899161 0.346460 -0.267349
vn -0.196998 0.323413 -0.925525
vn -0.543784 0.743081 0.390038
vn -0.318829 0.696385 -0.642958
vn -0.461400 0.730354 -0.503680
vn -0.152996 0.248167 0.956559
vn -0.523770 0.849354 0.065283
vn -0.385166 0.894444 0.227193
vn -0.457268 0.872696 -0.171196
vn -0.267464 0.523680 0.808840
vn -0.361071 0.914344 -0.183310
vn -0.170324 0.455516 0.873782
vn 0.002718 0.020479 0.999787
vn -0.308708 0.215077 -0.926521
vn -0.107046 0.099626 -0.989250
vn -0.788307 0.592630 0.165417
vn -0.677705 0.553611 -0.483974
vn -0.767670 0.640748 0.011160
vn -0.890598 0.446397 0.086977
vn -0.878259 0.478130 0.007299
vn -0.917790 0.389909 -0.075055
vn -0.938178 0.296939 -0.177904
vn -0.457037 0.223792 -0.860833
vn -0.697199 0.439580 -0.566289
vn -0.862717 0.442361 -0.245022
vn -0.975355 0.198975 -0.095347
vn -0.009482 0.034948 -0.999344
vn -0.109057 0.045845 -0.992978
vn -0.464766 0.321515 -0.824997
vn -0.123943 0.121215 -0.984858
vn -0.829521 0.557604 -0.031195
vn -0.828490 0.530192 0.180280
vn -0.405178 0.353932 -0.842949
vn -0.416400 0.541389 -0.730417
vn -0.325371 0.394627 -0.859304
vn -0.073458 0.082105 -0.993913
vn -0.408825 0.189160 -0.892794
vn -0.682575 0.430490 -0.590567
vn -0.555449 0.475443 -0.682225
vn -0.652233 0.391465 -0.649113
vn -0.610057 0.488833 -0.623596
vn -0.236854 0.139701 -0.961449
vn -0.021054 0.013320 -0.999690
vn -0.671860 0.288932 -0.681999
vn -0.585028 0.314728 -0.747455
vn -0.093421 0.067413 -0.993342
vn -0.398764 0.336028 -0.853271
vn 0.065510 -0.029181 0.997425
vn 0.088780 -0.056468 0.994449
vn -0.727641 0.531498 -0.433646
vn -0.052780 0.030220 -0.998149
vn 0.019954 0.035827 -0.999159
vn -0.349333 0.934187 0.072537
vn -0.954044 0.266263 -0.137491
vn -0.057450 0.000078 0.998348
vn -0.413782 0.372433 -0.830709
vn 0.231809 0.264450 -0.936126
vn 0.029695 0.041737 -0.998687
vn -0.699999 0.680362 0.217045
vn -0.711375 0.690498 0.130986
vn -0.720965 0.660300 -0.210268
vn -0.673501 0.716481 0.181801
vn 0.014269 0.996047 0.087678
vn -0.027955 0.088982 0.995641
vn 0.372624 0.908795 0.187731
vn 0.007550 -0.009242 0.999929
vn 0.116410 0.070730 0.990680
vn 0.980925 0.191611 -0.032726
vn 0.529699 0.605996 0.593454
vn 0.934997 0.319536 0.153875
vn 0.606428 -0.129501 0.784522
vn 0.983158 0.014261 0.182201
vn -0.978553 0.197010 0.060177
vn 0.061605 -0.027355 0.997726
vn -0.657336 0.693731 -0.294358
vn -0.592786 0.785828 -0.176295
vn -0.658189 0.752838 -0.004677
vn -0.357658 0.391087 -0.848016
vn 0.177927 0.653935 0.735330
vn -0.127862 0.282648 0.950664
vn -0.233211 0.446211 0.864007
vn 0.681680 0.472981 -0.558212
vn 0.832458 0.518093 -0.196452
vn 0.437788 0.113431 0.891894
vn -0.700971 0.664358 0.259363
vn -0.847328 0.489618 0.205693
vn -0.478511 0.404717 -0.779250
vn -0.478511 0.404717 -0.779250
vn -0.478511 0.404717 -0.779250
vn 0.016595 0.007678 0.999833
vn 0.966368 -0.230918 0.113177
vn 0.959908 -0.229832 0.160481
vn 0.058173 -0.023434 0.998031
vn 0.954840 -0.270951 0.121930
vn 0.026387 -0.025765 0.999320
vn 0.995205 -0.083740 0.050536
vn 0.043124 -0.040865 0.998234
vn -0.303204 0.546998 -0.780295
vn -0.179026 0.429582 -0.885104
vn -0.160027 0.868723 -0.468734
vn -0.174636 0.480135 -0.859635
vn -0.041678 0.334352 -0.941526
vn -0.056099 0.078198 -0.995358
vn -0.050661 0.088353 -0.994800
vn -0.324073 0.729503 -0.602330
vn -0.214155 0.370035 -0.903997
vn -0.040657 0.126931 -0.991078
vn 0.017994 0.125672 -0.991909
vn 0.022075 0.466617 -0.884184
vn -0.204114 0.714476 -0.669224
vn -0.275959 0.720852 -0.635782
vn -0.167182 0.430601 -0.886923
vn -0.058595 0.645368 -0.761621
vn -0.016720 0.026962 -0.999497
vn -0.110281 0.425117 -0.898395
vn -0.022077 0.114083 -0.993226
vn -0.065938 0.671407 -0.738150
vn -0.187261 0.764967 -0.616246
vn 0.038849 0.790627 -0.611065
vn 0.159350 -0.899197 0.407495
vn 0.072795 -0.897262 0.435456
vn 0.108543 -0.466271 0.877958
vn 0.008233 -0.914144 0.405306
vn -0.406417 0.665175 -0.626392
vn -0.536646 0.589363 -0.603873
vn -0.445149 0.564815 -0.694857
vn -0.112576 0.167837 -0.979366
vn 0.008731 -0.015984 0.999834
vn 0.077706 -0.157228 0.984500
vn -0.023530 0.022860 -0.999462
vn -0.006241 0.005914 -0.999963
vn 0.637131 -0.657524 0.402152
vn 0.469231 -0.398092 0.788254
vn 0.754375 -0.547912 0.361541
vn 0.645310 -0.380974 0.662143
vn 0.286574 -0.167337 0.943331
vn 0.121746 -0.141111 0.982479
vn 0.044765 -0.027941 0.998607
vn 0.697285 -0.591483 0.404896
vn 0.802138 -0.494177 0.335207
vn 0.517964 -0.315140 0.795236
vn 0.231800 -0.367444 0.900696
vn 0.391428 -0.474190 0.788624
vn -0.001372 0.003130 0.999994
vn 0.297669 -0.358028 0.884991
vn 0.440163 -0.809229 0.389108
vn 0.540185 -0.719925 0.435785
vn 0.440231 -0.753855 0.487750
vn 0.258843 -0.469333 0.844232
vn 0.017166 -0.029762 0.999410
vn 0.365491 -0.305877 0.879122
vn 0.561330 -0.713697 0.418980
vn 0.315544 -0.874629 0.368042
vn 0.214380 -0.601738 0.769384
vn 0.094631 -0.371762 0.923492
vn 0.216382 -0.886642 0.408712
vn 0.308258 -0.826013 0.471889
vn 0.088337 -0.688094 0.720224
vn 0.019814 -0.135126 0.990630
vn 0.023279 -0.369257 0.929036
vn 0.081822 0.656352 -0.750005
vn 0.238645 0.716521 -0.655474
vn -0.027257 -0.640175 0.767745
vn -0.004661 0.017147 -0.999842
vn -0.142582 -0.883203 0.446791
vn -0.022186 -0.252737 0.967281
vn -0.014322 -0.098208 0.995063
vn 0.023170 0.045962 -0.998674
vn 0.001368 -0.002486 0.999996
vn 0.005418 -0.004942 0.999973
vn -0.000168 0.008803 -0.999961
vn -0.006565 -0.014219 0.999877
vn -0.003257 -0.006176 0.999976
vn -0.180859 0.974064 -0.135976
vn -0.276277 0.885260 -0.374147
vn -0.288401 0.953871 0.083400
vn -0.138981 0.475609 0.868608
vn -0.058994 0.611707 0.788882
vn 0.005959 0.025637 0.999654
vn -0.034363 0.718977 -0.694184
vn -0.057846 0.979684 -0.192026
vn -0.062582 0.989920 0.127051
vn -0.176769 0.937381 0.300117
vn 0.061005 0.998090 -0.009702
vn 0.044681 0.920839 -0.387375
vn 0.035447 0.463045 0.885625
vn 0.004607 -0.017164 0.999842
vn 0.016401 -0.371621 0.928240
vn -0.045359 0.058692 -0.997245
vn -0.964375 0.258473 -0.056326
vn -0.720746 0.657944 -0.218256
vn -0.456006 0.888299 -0.054615
vn -0.011023 0.052086 -0.998582
vn -0.235800 0.934863 -0.265385
vn -0.033361 0.073171 0.996761
vn -0.724629 0.684022 0.083820
vn -0.425213 0.895649 0.130406
vn -0.192425 0.971722 0.136853
vn 0.061965 0.027603 -0.997697
vn -0.028003 0.036290 -0.998949
vn 0.017025 0.044892 -0.998847
vn 0.158555 0.979486 0.124371
vn 0.368090 0.904940 -0.213527
vn 0.021269 0.997512 -0.067218
vn 0.809464 0.584425 -0.056697
vn 0.130363 0.114712 -0.984808
vn 0.012967 0.129239 0.991529
vn 0.506854 0.836104 0.209830
vn 0.845608 0.478537 0.236537
vn 0.920587 0.293618 -0.257504
vn 0.163240 0.146115 0.975707
vn 0.028659 -0.003166 0.999584
vn 0.953580 0.287345 0.090100
vn 0.128626 0.753089 -0.645223
vn 0.090287 0.388433 -0.917043
vn 0.004601 0.099908 -0.994986
vn 0.008463 0.441812 -0.897068
vn 0.175298 0.748186 -0.639913
vn 0.109156 0.516011 -0.849599
vn 0.150440 0.410537 -0.899348
vn 0.145832 0.970414 -0.192430
vn 0.188550 0.978546 0.083045
vn 0.253011 0.929262 -0.269181
vn 0.192672 0.630013 -0.752304
vn 0.319510 0.934493 0.156960
vn 0.117253 0.489750 0.863942
vn -0.085028 -0.884907 0.457940
vn -0.226897 -0.911625 0.342721
vn -0.223976 -0.703789 0.674178
vn -0.052771 -0.263130 0.963316
vn 0.315382 0.702302 -0.638205
vn 0.077517 0.147151 -0.986072
vn 0.360826 0.869220 -0.338025
vn 0.032828 0.074169 -0.996705
vn 0.021291 0.073902 -0.997038
vn 0.094928 0.242705 -0.965445
vn 0.404289 0.914630 0.001705
vn 0.007654 0.001628 0.999969
vn -0.014425 -0.008686 0.999858
vn 0.234003 0.492335 -0.838361
vn 0.365984 0.648050 -0.667897
vn -0.115555 -0.568714 0.814378
vn -0.253047 -0.893989 0.369798
vn -0.124578 -0.333397 0.934519
vn -0.354660 -0.851671 0.385840
vn 0.067538 0.198145 -0.977843
vn 0.343174 0.635908 -0.691269
vn 0.182419 0.282398 -0.941793
vn 0.364094 0.558019 -0.745688
vn -0.287053 -0.555753 0.780217
vn -0.108957 -0.159732 0.981129
vn -0.444180 -0.772300 0.454154
vn -0.446273 -0.771689 0.453140
vn -0.545854 -0.741513 0.390129
vn -0.371264 -0.536091 0.758136
vn -0.012252 -0.042925 0.999003
vn -0.151302 -0.571088 0.806825
vn -0.322183 -0.830798 0.453842
vn -0.196015 -0.423108 0.884623
vn 0.015079 0.050873 0.998591
vn 0.045021 0.143047 0.988691
vn 0.135382 0.377816 0.915930
vn 0.029803 0.021266 0.999330
vn 0.028416 0.083670 0.996088
vn -0.318869 0.156593 0.934773
vn 0.283352 0.746373 0.602195
vn 0.491375 0.807473 0.326402
vn -0.982288 -0.182284 -0.043400
vn -0.652461 0.097110 -0.751575
vn -0.624598 0.079849 -0.776853
vn 0.448474 0.615446 -0.648149
vn -0.938972 -0.283841 0.194334
vn -0.977122 -0.210069 0.033207
vn 0.140063 0.253687 -0.957092
vn -0.073389 -0.032697 0.996767
vn -0.962116 0.253411 0.100577
vn -0.327107 0.119964 0.937342
vn -0.978651 -0.061347 0.196157
vn -0.031757 -0.022111 0.999251
vn -0.038795 -0.020675 0.999033
vn -0.927020 -0.287568 0.240703
vn 0.479050 0.872000 -0.100631
vn 0.553533 0.800183 -0.230885
vn 0.078120 0.105979 -0.991295
vn 0.444892 0.596822 -0.667738
vn 0.225222 0.339980 -0.913066
vn 0.116610 0.134006 -0.984096
vn 0.432064 0.440838 -0.786754
vn 0.453966 0.590136 -0.667574
vn -0.372911 -0.417295 0.828735
vn 0.557801 0.539677 -0.630561
vn 0.257161 0.228455 -0.938976
vn 0.457747 0.499172 -0.735728
vn -0.458483 -0.551308 0.697032
vn -0.584079 -0.717244 0.380017
vn -0.601793 -0.633559 0.486259
vn -0.329422 -0.289772 0.898617
vn -0.263228 -0.392226 0.881402
vn -0.066894 -0.069202 0.995357
vn 0.544229 0.459494 -0.701912
vn 0.596378 0.451552 -0.663652
vn 0.484104 0.302925 -0.820902
vn 0.069026 0.074602 -0.994822
vn 0.293119 0.251642 -0.922365
vn 0.382511 0.784803 0.487615
vn 0.528663 0.830201 0.176867
vn 0.558571 0.758229 0.336284
vn 0.204225 0.282477 -0.937283
vn -0.950980 -0.303180 0.060977
vn 0.621841 0.766485 0.160667
vn 0.060867 0.089914 -0.994088
vn 0.454632 0.495770 -0.739947
vn 0.692763 0.683630 0.229629
vn 0.629962 0.674683 0.384644
vn 0.969816 0.238111 0.052540
vn -0.806620 -0.270747 0.525414
vn -0.699219 -0.243585 0.672130
vn 0.651942 0.725583 -0.220228
vn 0.745033 0.634591 -0.205476
vn 0.295764 0.153871 -0.942787
vn 0.742742 0.638133 0.202781
vn 0.965701 0.232987 -0.114620
vn 0.966100 0.246165 -0.077807
vn 0.971650 0.225870 0.069852
vn 0.590200 0.486787 -0.643974
vn 0.478482 0.313088 -0.820385
vn 0.735371 0.541550 0.407373
vn 0.832106 0.548472 0.082328
vn 0.955193 0.286581 0.074013
vn 0.960520 0.228356 0.158919
vn 0.866979 0.162741 0.471022
vn 0.060810 0.002502 0.998146
vn 0.048261 -0.000858 0.998834
vn -0.168445 -0.150332 0.974180
vn -0.523055 -0.421066 0.741024
vn -0.730020 -0.556598 0.396573
vn -0.650629 -0.627518 0.427671
vn -0.659899 -0.480312 0.577783
vn -0.731400 -0.417865 0.538927
vn -0.265533 -0.156050 0.951389
vn -0.638128 -0.250892 0.727905
vn -0.803660 -0.405717 0.435344
vn -0.361170 -0.209114 0.908750
vn -0.886333 -0.350833 0.302210
vn -0.941514 -0.331425 0.060900
vn -0.949747 -0.312925 0.007584
vn -0.947003 -0.310744 0.081388
vn -0.103109 -0.034449 0.994073
vn -0.570224 -0.078827 0.817698
vn -0.858642 -0.331245 0.391166
vn -0.881470 -0.277820 0.381873
vn -0.200424 -0.020517 0.979494
vn -0.422747 -0.117326 0.898621
vn -0.930109 -0.310976 0.195424
vn -0.947910 -0.318253 -0.013449
vn -0.067316 -0.034762 0.997126
vn -0.900419 -0.305336 0.309865
vn -0.139678 0.086475 -0.986414
vn -0.843831 0.302904 -0.442942
vn -0.843354 0.182831 -0.505300
vn -0.420134 0.035872 -0.906753
vn -0.986537 0.163171 -0.010970
vn -0.930494 0.086678 -0.355903
vn -0.997332 0.064612 0.033961
vn -0.852316 -0.018812 -0.522689
vn -0.972870 0.140549 -0.183766
vn -0.992651 0.022334 0.118932
vn -0.554076 0.084505 -0.828166
vn -0.337204 0.059329 -0.939560
vn -0.075622 0.039438 -0.996356
vn -0.435637 0.120560 -0.892012
vn -0.765439 0.188132 -0.615393
vn -0.357880 0.126198 -0.925201
vn -0.645897 0.072880 -0.759938
vn -0.720894 0.122394 -0.682152
vn -0.746992 0.244417 -0.618274
vn -0.768295 -0.110030 -0.630568
vn -0.765985 -0.009502 -0.642789
vn -0.118972 0.037394 -0.992193
vn -0.784771 0.047288 -0.617979
vn -0.721779 -0.053266 -0.690071
vn -0.378927 0.001599 -0.925425
vn -0.073473 0.016815 -0.997155
vn -0.847624 -0.096082 -0.521825
vn -0.997555 -0.025478 -0.065076
vn -0.988714 -0.143372 0.043452
vn -0.991867 -0.049894 0.117091
vn -0.954319 -0.156527 0.254508
vn -0.308452 -0.020876 -0.951011
vn -0.357776 0.073675 -0.930897
vn -0.962042 0.198164 -0.187633
vn -0.126869 0.007045 -0.991894
vn -0.071890 0.048587 -0.996228
vn -0.957090 0.203842 -0.205977
vn -0.094940 -0.012650 -0.995403
vn -0.401211 -0.052116 -0.914502
vn -0.803383 -0.204148 -0.559374
vn -0.077780 0.013972 -0.996873
vn -0.472854 -0.175021 -0.863584
vn -0.091131 -0.021944 -0.995597
vn -0.147279 -0.019827 -0.988896
vn -0.961550 -0.182807 -0.204948
vn -0.946469 -0.203307 0.250726
vn -0.638330 -0.124653 -0.759603
vn -0.964499 -0.261897 0.033930
vn -0.917404 -0.282594 0.280197
vn -0.866471 -0.392802 0.308113
vn -0.922708 -0.361916 0.132763
vn -0.889851 -0.450010 0.075206
vn -0.890926 -0.329737 -0.312289
vn -0.809647 -0.500902 -0.305891
vn -0.442817 -0.125309 -0.887812
vn -0.358394 -0.143837 -0.922423
vn -0.499684 -0.275686 -0.821166
vn -0.002221 0.020337 -0.999791
vn -0.026304 -0.002685 -0.999650
vn -0.241173 -0.011064 -0.970419
vn 0.683859 -0.039281 0.728556
vn 0.307902 0.057943 0.949652
vn -0.690920 -0.113991 -0.713888
vn -0.699529 -0.176444 -0.692479
vn -0.612327 -0.162713 -0.773680
vn -0.630096 -0.232804 -0.740797
vn -0.585536 -0.289668 -0.757126
vn 0.684306 0.171067 0.708845
vn 0.468218 0.189062 0.863150
vn 0.841029 0.333313 0.426113
vn 0.132401 0.070617 0.988678
vn 0.725734 0.396275 0.562385
vn -0.638394 -0.240780 -0.731080
vn -0.091853 -0.036342 -0.995109
vn -0.220596 -0.130437 -0.966604
vn -0.495164 -0.329178 -0.804024
vn -0.761824 -0.379920 -0.524676
vn -0.414681 -0.217616 -0.883562
vn -0.019742 -0.016486 -0.999669
vn -0.244413 -0.164385 -0.955636
vn -0.638778 -0.449888 -0.624151
vn -0.324909 -0.241929 -0.914278
vn -0.082869 -0.055862 -0.994994
vn -0.605210 -0.484112 -0.631946
vn -0.651925 -0.381195 -0.655503
vn -0.485893 -0.479333 -0.730854
vn -0.491487 -0.455357 -0.742354
vn 0.762388 0.410009 0.500657
vn 0.738598 0.508974 0.442061
vn 0.738077 0.561049 0.374787
vn 0.410665 0.283775 0.866502
vn 0.170787 0.174978 0.969647
vn 0.430162 0.425835 0.796006
vn 0.608772 0.714906 0.343956
vn -0.242904 0.121835 -0.962369
vn -0.585140 0.149244 -0.797081
vn -0.958405 0.274630 -0.077707
vn -0.973617 0.215365 0.075413
vn -0.489158 0.149305 -0.859321
vn 0.009679 -0.016716 0.999813
vn -0.971521 0.197853 -0.130392
vn -0.042857 -0.014919 0.998970
vn 0.665773 -0.201546 0.718419
vn 0.066631 -0.014788 0.997668
vn 0.113392 -0.046596 0.992457
vn 0.969947 -0.185145 0.157875
vn 0.834579 -0.302571 0.460356
vn 0.842478 -0.407141 0.352800
vn 0.821884 -0.189029 0.537377
vn 0.880936 -0.274969 0.385155
vn 0.627376 -0.178685 0.757938
vn 0.519535 -0.233391 0.821956
vn 0.801456 -0.390093 0.453316
vn 0.148920 0.087943 0.984931
vn 0.904045 -0.146501 0.401548
vn 0.180836 -0.032877 0.982964
vn 0.612574 -0.078377 0.786518
vn 0.890898 -0.084675 0.446241
vn 0.918648 0.307917 0.247532
vn 0.505087 0.144735 0.850846
vn 0.801529 0.596963 -0.034445
vn 0.731758 0.662000 0.162127
vn 0.715039 0.697740 0.043334
vn 0.976919 0.153752 0.148291
vn 0.949146 -0.279040 0.145805
vn 0.010293 -0.012205 0.999873
vn 0.968036 -0.204752 0.144852
vn 0.700532 0.054966 0.711501
vn 0.655689 0.709681 0.257728
vn 0.010734 0.016933 0.999799
vn 0.860117 0.443542 0.251929
vn 0.666537 0.596335 0.447340
vn 0.932149 -0.269723 0.241555
vn 0.021406 -0.036828 0.999092
vn 0.660518 -0.256666 0.705576
vn 0.661816 -0.157178 0.733004
vn 0.162999 -0.050404 0.985338
vn 0.234486 -0.027749 0.971723
vn 0.915903 -0.035542 0.399824
vn 0.909839 0.072644 0.408553
vn 0.840613 0.097065 0.532867
vn 0.901109 0.152706 0.405813
vn 0.906992 0.222151 0.357791
vn 0.935708 0.084206 0.342577
vn 0.979077 0.113934 -0.168603
vn 0.015459 -0.002278 0.999878
vn 0.612060 0.283429 0.738275
vn 0.275109 0.100484 0.956147
vn 0.771077 0.080120 0.631681
vn -0.171005 0.166526 -0.971096
vn 0.193422 0.141474 -0.970862
vn 0.829372 0.027119 -0.558038
vn 0.944920 0.239428 -0.223159
vn 0.771044 0.134974 -0.622313
vn 0.858487 -0.046222 -0.510749
vn 0.977234 -0.207999 0.041834
vn 0.798111 -0.048338 -0.600569
vn 0.603983 0.041623 0.795909
vn 0.815979 0.182826 0.548410
vn 0.827053 0.040189 -0.560686
vn 0.810863 -0.137713 -0.568802
vn 0.950674 -0.172702 -0.257669
vn 0.733992 -0.075322 -0.674968
vn 0.410431 0.116377 0.904435
vn 0.379879 -0.028802 0.924588
vn 0.389616 -0.041771 0.920030
vn 0.977082 -0.170435 -0.127529
vn 0.411855 -0.113155 0.904197
vn 0.975982 -0.203847 0.076846
vn 0.840375 0.304440 0.448426
vn 0.843719 0.384953 0.374098
vn 0.817214 -0.160381 0.553569
vn 0.394280 -0.066803 0.916559
vn 0.070357 -0.025929 0.997185
vn 0.980855 -0.191582 -0.034939
vn 0.953223 -0.200540 0.226163
vn 0.301746 0.190041 0.934256
vn 0.070507 0.011378 0.997446
vn 0.472069 0.387141 0.792005
vn 0.552919 0.740147 0.382704
vn 0.643838 0.651447 0.401360
vn 0.012079 0.037710 -0.999216
vn 0.002353 0.029650 -0.999558
vn -0.057277 -0.024600 0.998055
vn -0.883648 -0.442766 -0.152071
vn -0.980051 0.185936 -0.070196
vn -0.290248 -0.954861 0.063213
vn -0.848971 -0.526343 0.047014
vn -0.974921 0.178995 0.132250
vn -0.078183 -0.074203 0.994174
vn -0.017383 -0.231986 -0.972564
vn -0.368427 -0.885202 -0.284042
vn 0.107622 -0.975847 -0.190106
vn -0.212068 -0.970792 -0.112205
vn -0.035282 -0.059786 0.997588
vn -0.108020 -0.979020 0.172775
vn 0.084467 -0.005373 -0.996412
vn 0.365527 -0.923242 -0.118383
vn -0.825284 -0.452467 0.337906
vn -0.286558 -0.290500 -0.912959
vn -0.091310 -0.117153 -0.988907
vn -0.815034 -0.476239 0.330024
vn -0.844402 -0.532328 0.060097
vn 0.183927 -0.092238 -0.978603
vn 0.086397 -0.002903 -0.996257
vn 0.081655 0.016289 -0.996528
vn -0.771457 -0.571558 -0.279598
vn -0.283417 -0.224731 -0.932293
vn -0.695884 -0.390548 -0.602675
vn -0.285786 -0.698005 -0.656594
vn -0.820654 -0.564356 0.089606
vn 0.497603 -0.126703 -0.858101
vn 0.191689 -0.170063 -0.966610
vn -0.734271 -0.676641 -0.054795
vn -0.389427 -0.361394 0.847196
vn -0.624153 -0.401656 -0.670153
vn 0.325248 -0.105919 0.939678
vn 0.638041 -0.152537 0.754742
vn 0.352013 -0.072127 0.933212
vn 0.810441 -0.210857 0.546557
vn -0.238663 -0.383093 0.892345
vn 0.977745 -0.199902 0.063663
vn 0.937379 -0.329855 0.111875
vn 0.695230 -0.456421 -0.555279
vn 0.959011 -0.207733 0.192733
vn 0.581776 -0.167683 0.795876
vn 0.820457 -0.468568 -0.327558
vn 0.853811 -0.485298 0.188394
vn 0.915984 -0.361860 0.173293
vn 0.292323 -0.071768 -0.953623
vn 0.614946 -0.783011 -0.093460
vn 0.471921 -0.878005 0.079985
vn 0.385297 -0.164358 0.908038
vn 0.489326 -0.393431 0.778314
vn 0.706920 -0.692921 0.141861
vn -0.412616 -0.396960 -0.819860
vn -0.658640 -0.711235 -0.245638
vn -0.613063 -0.514164 -0.599824
vn -0.186298 -0.185405 -0.964841
vn -0.646505 -0.759948 0.067159
vn -0.071835 -0.049185 -0.996203
vn -0.057701 -0.068477 -0.995983
vn -0.248758 -0.393327 -0.885106
vn 0.021651 0.020219 0.999561
vn -0.009526 -0.027114 0.999587
vn -0.283599 -0.320814 0.903687
vn -0.018812 -0.032414 0.999297
vn -0.495088 -0.634070 -0.594006
vn -0.542344 -0.795720 0.269616
vn 0.242404 -0.959057 0.146460
vn 0.025215 -0.052577 0.998299
vn 0.006891 -0.001027 0.999976
vn 0.049192 0.039969 0.997989
vn -0.013080 -0.011451 -0.999849
vn 0.418625 0.562270 0.713166
vn 0.643470 0.591926 0.485355
vn 0.224315 0.420318 0.879213
vn 0.392243 0.764606 0.511393
vn 0.076065 0.138917 0.987378
vn 0.065593 0.194665 0.978674
vn -0.004499 -0.014764 -0.999881
vn 0.100825 -0.369808 -0.923621
vn 0.308419 0.445602 0.840427
vn 0.378602 0.431944 0.818587
vn 0.512290 0.793392 0.328768
vn 0.073360 0.740873 0.667627
vn 0.195871 0.617468 0.761819
vn 0.209311 0.896684 0.390060
vn 0.054621 0.412642 0.909254
vn 0.074740 0.935226 0.346073
vn -0.005701 0.003839 -0.999976
vn -0.004869 0.004458 -0.999978
vn -0.004865 0.004877 -0.999976
vn -0.004287 0.004173 -0.999982
vn -0.002876 0.008657 0.999958
vn -0.005894 0.122428 0.992460
vn -0.064800 0.889061 0.453180
vn -0.049715 0.500165 0.864502
vn -0.161196 0.861212 0.482005
vn -0.112522 0.870731 0.478713
vn -0.095506 0.159006 0.982647
vn -0.058275 0.194968 0.979077
vn -0.492132 0.709408 0.504526
vn 0.247221 -0.578169 -0.777562
vn 0.057654 -0.109276 -0.992338
vn 0.224973 -0.649023 -0.726744
vn 0.317658 -0.597929 -0.735917
vn 0.057985 -0.111387 -0.992084
vn -0.258258 0.513530 0.818285
vn -0.164192 0.600135 0.782866
vn -0.305744 0.836884 0.454033
vn -0.367761 0.853516 0.369138
vn -0.413695 0.811959 0.411800
vn -0.237307 0.858821 0.453995
vn -0.077589 0.367046 0.926961
vn -0.223511 0.576534 0.785908
vn -0.008712 0.030063 0.999510
vn -0.283796 0.376548 0.881857
vn -0.581452 0.668057 0.464341
vn -0.285539 0.395740 0.872844
vn -0.458086 0.759064 0.462579
vn -0.196823 0.382503 0.902747
vn -0.411773 0.691456 0.593575
vn -0.416073 -0.493636 -0.763680
vn -0.412151 -0.547570 -0.728216
vn -0.169893 -0.266377 -0.948778
vn -0.406650 -0.647032 -0.644969
vn -0.102520 -0.104139 -0.989265
vn -0.320106 -0.543191 -0.776193
vn -0.065209 -0.104869 -0.992346
vn -0.590064 -0.798262 -0.120843
vn -0.496921 -0.867668 0.014905
vn -0.254506 -0.614178 -0.747002
vn -0.464677 -0.766351 -0.443601
vn -0.299627 -0.514415 0.803493
vn -0.411033 -0.817990 0.402423
vn -0.144152 -0.305133 0.941336
vn -0.297385 -0.762982 0.573951
vn -0.318934 -0.700733 -0.638165
vn -0.185728 -0.719644 -0.669043
vn -0.116356 -0.380908 -0.917263
vn -0.258742 -0.599470 -0.757423
vn -0.120945 -0.392246 -0.911875
vn -0.045092 -0.113321 -0.992535
vn -0.024136 -0.093036 -0.995370
vn -0.050271 -0.357133 -0.932700
vn -0.109736 -0.269364 -0.956766
vn -0.381947 -0.866602 -0.321119
vn -0.279068 -0.889603 -0.361562
vn -0.378865 -0.925447 -0.003111
vn -0.172513 -0.624263 -0.761928
vn -0.286063 -0.957142 -0.045254
vn -0.198592 -0.958041 -0.206684
vn -0.188469 -0.881363 0.433219
vn -0.109947 -0.980848 0.160773
vn -0.050164 -0.457943 0.887565
vn -0.024653 -0.334864 -0.941944
vn -0.061333 -0.720610 -0.690622
vn -0.021297 -0.084226 -0.996219
vn -0.110709 -0.723108 -0.681805
vn 0.041890 -0.717608 -0.695187
vn -0.091443 -0.726047 -0.681538
vn -0.074781 -0.379193 -0.922291
vn 0.021303 -0.958620 -0.283889
vn -0.096793 -0.976197 -0.194087
vn -0.027282 -0.998747 -0.041964
vn 0.077911 -0.624099 -0.777451
vn -0.010492 -0.621070 -0.783684
vn 0.034456 0.041946 0.998526
vn 0.432693 0.817802 0.379443
vn 0.263057 0.539794 0.799640
vn 0.331301 0.869000 0.367530
vn 0.267687 0.853850 0.446412
vn 0.138761 0.391012 0.909866
vn 0.151062 0.924561 0.349809
vn 0.015847 0.017963 0.999713
vn 0.006012 0.019467 0.999792
vn -0.004566 0.897964 0.440045
vn 0.079685 0.442669 0.893138
vn -0.007638 0.435278 0.900264
vn 0.004624 -0.373443 0.927642
vn -0.001369 -0.041623 0.999132
vn 0.020165 -0.974675 0.222717
vn 0.106471 -0.522551 -0.845934
vn 0.007561 -0.090746 -0.995845
vn 0.011726 -0.079498 -0.996766
vn 0.010690 -0.235763 -0.971752
vn 0.121917 -0.605810 -0.786212
vn 0.153735 -0.415354 -0.896575
vn 0.011010 -0.022869 0.999678
vn 0.101067 -0.968242 0.228676
vn -0.014538 -0.457662 -0.889007
vn 0.088230 -0.846062 -0.525732
vn 0.124550 -0.984975 -0.119631
vn 0.215359 -0.914903 -0.341429
vn 0.737661 0.070755 -0.671454
vn 0.633743 -0.017080 -0.773355
vn 0.068956 0.009162 -0.997578
vn 0.745180 0.045194 -0.665330
vn 0.118080 0.108783 -0.987028
vn 0.816993 0.394534 -0.420554
vn 0.568874 0.267033 -0.777866
vn 0.756883 0.498969 -0.422087
vn 0.757271 0.395255 0.519918
vn 0.884989 0.458485 -0.081155
vn 0.765795 0.303745 0.566830
vn 0.567322 0.186333 0.802138
vn 0.476604 0.320519 0.818606
vn 0.271953 0.125652 0.954072
vn 0.109623 0.025443 0.993648
vn 0.502997 0.196665 0.841616
vn 0.924202 0.377706 0.056476
vn 0.699088 0.273101 -0.660827
vn 0.573530 0.328796 -0.750304
vn 0.585550 0.230613 -0.777141
vn 0.756953 0.159615 -0.633676
vn 0.105530 0.065962 -0.992226
vn 0.398054 0.149063 -0.905170
vn 0.113039 0.079926 -0.990371
vn 0.213343 0.082719 -0.973469
vn 0.729210 0.196458 -0.655482
vn 0.362994 0.131595 -0.922452
vn 0.877975 0.306107 -0.368048
vn -0.835385 -0.208539 0.508570
vn -0.621939 0.002567 0.783062
vn -0.879158 -0.087292 0.468466
vn -0.888618 0.017488 0.458314
vn -0.853801 -0.067714 0.516176
vn 0.612212 0.144809 -0.777320
vn 0.457028 0.069238 -0.886753
vn 0.078710 0.026937 -0.996534
vn 0.401648 -0.009404 -0.915746
vn -0.857856 -0.177762 0.482165
vn -0.926003 -0.289155 0.242711
vn 0.104893 0.034396 -0.993889
vn 0.417385 0.069396 -0.906076
vn 0.080568 -0.001669 -0.996748
vn 0.940600 0.139845 -0.309377
vn 0.927848 0.216393 -0.303762
vn 0.079601 0.003526 -0.996821
vn 0.390606 -0.000840 -0.920557
vn 0.945517 0.236685 0.223557
vn 0.967568 0.216861 0.129547
vn 0.997224 0.068292 0.029688
vn 0.926562 0.170077 0.335495
vn 0.917740 0.058235 -0.392889
vn 0.760944 0.034082 -0.647922
vn 0.973432 -0.006163 -0.228893
vn 0.734845 -0.055344 -0.675973
vn 0.986865 -0.059135 0.150333
vn 0.624448 -0.005919 0.781044
vn 0.067436 0.002518 0.997720
vn 0.032207 -0.011047 0.999420
vn 0.944271 0.182277 0.274094
vn 0.920881 0.176362 0.347671
vn 0.933368 0.215174 0.287270
vn 0.925235 0.201373 0.321542
vn 0.945225 0.214020 0.246464
vn 0.765820 0.165391 0.621422
vn 0.061445 0.014472 0.998006
vn 0.190086 0.047565 0.980615
vn 0.680424 0.197617 0.705670
vn 0.949816 0.218777 0.223574
vn 0.941994 0.208728 0.262829
vn 0.122077 0.004238 0.992512
vn 0.570731 0.121895 0.812039
vn 0.065151 0.004952 0.997863
vn 0.922919 0.211018 0.322012
vn 0.881330 0.176367 0.438352
vn 0.050941 0.000820 0.998701
vn -0.937405 -0.326868 0.120125
vn 0.948837 0.197918 0.246044
vn 0.141815 0.018200 0.989726
vn 0.883566 0.191212 0.427492
vn 0.958944 0.275690 -0.066485
vn 0.550479 0.089275 0.830062
vn 0.002033 -0.010028 0.999948
vn 0.871192 0.291152 0.395290
vn -0.205484 0.029299 0.978222
vn -0.426887 0.154649 0.890983
vn -0.796735 0.235496 0.556557
vn -0.596507 0.117262 0.793996
vn 0.138335 -0.028724 -0.989969
vn 0.011199 -0.009742 -0.999890
vn -0.109585 0.063154 0.991969
vn -0.163769 0.144550 0.975851
vn -0.541070 0.396431 0.741678
vn 0.533045 -0.416962 -0.736210
vn -0.781937 0.466609 0.413341
vn -0.453860 0.260208 0.852234
vn -0.761617 0.494281 0.419077
vn -0.826843 0.396436 0.398960
vn -0.420344 0.289136 0.860065
vn -0.807076 0.335626 0.485781
vn -0.861443 0.269418 0.430499
vn -0.561721 0.282201 0.777710
vn 0.735484 -0.117786 -0.667226
vn 0.740699 -0.058759 -0.669263
vn 0.713032 -0.165194 -0.681393
vn 0.686984 -0.218601 -0.693012
vn 0.687042 -0.316256 -0.654183
vn 0.246950 -0.109164 -0.962860
vn 0.403032 -0.107621 -0.908836
vn 0.573297 -0.347500 -0.742007
vn 0.682947 -0.296706 -0.667494
vn 0.362439 -0.197538 -0.910833
vn 0.067337 -0.045574 -0.996689
vn 0.070621 -0.042704 -0.996589
vn 0.073946 -0.020064 -0.997060
vn 0.352960 -0.562299 -0.747823
vn 0.378060 -0.402149 -0.833875
vn 0.046083 -0.047609 -0.997802
vn 0.322591 -0.280935 -0.903886
vn 0.447075 -0.556902 -0.699989
vn 0.249650 -0.352677 -0.901828
vn 0.073187 -0.096919 -0.992598
vn 0.295979 -0.537231 -0.789797
vn -0.454176 0.445218 0.771690
vn -0.566794 0.646918 0.510139
vn -0.663735 0.544753 0.512542
vn -0.707889 0.597120 0.377280
vn -0.330087 0.319584 0.888205
vn 0.533562 -0.470455 -0.702840
vn -0.009907 0.014551 0.999845
vn 0.014026 -0.029423 0.999469
vn 0.212142 -0.412605 0.885863
vn 0.465892 -0.728363 0.502426
vn 0.033292 -0.039679 0.998658
vn 0.602999 -0.393267 -0.694070
vn 0.180449 -0.199886 -0.963060
vn 0.017675 -0.016892 0.999701
vn -0.130211 -0.069890 0.989020
vn -0.403671 -0.116529 0.907453
vn 0.210954 -0.097088 -0.972663
vn 0.642155 -0.516663 -0.566301
vn 0.510605 -0.327120 -0.795157
vn 0.816606 -0.500887 0.286823
vn 0.715424 -0.383767 0.583859
vn 0.796443 -0.602696 0.049353
vn 0.751973 -0.644245 -0.139588
vn -0.018552 -0.378204 0.925536
vn -0.875413 -0.304749 -0.375207
vn -0.919812 -0.340504 0.194942
vn -0.873099 -0.470182 -0.128948
vn 0.471831 -0.355633 0.806784
vn 0.247886 -0.292383 0.923615
vn 0.641775 -0.458859 0.614470
vn 0.658626 -0.749497 -0.066834
vn 0.654248 -0.638894 -0.404691
vn 0.309232 -0.435425 -0.845447
vn 0.571713 -0.728676 -0.377061
vn 0.595156 -0.755431 0.274068
vn 0.348313 -0.289868 -0.891434
vn 0.442824 -0.481623 -0.756271
vn 0.691628 -0.670939 0.267380
vn 0.259918 -0.266441 0.928144
vn 0.855523 -0.482133 -0.188755
vn 0.809085 -0.547366 -0.213943
vn -0.852774 -0.506784 -0.126284
vn 0.260216 -0.834123 -0.486339
vn 0.346580 -0.924910 -0.156277
vn 0.238155 -0.971227 -0.000015
vn 0.289741 -0.946518 0.141962
vn 0.180052 -0.535617 0.825043
vn 0.091811 -0.479321 0.872824
vn 0.320673 -0.799494 0.507915
vn 0.316677 -0.745590 -0.586354
vn 0.430136 -0.859395 -0.276447
vn 0.465250 -0.753687 -0.464218
vn 0.551423 -0.830198 -0.081873
vn 0.449483 -0.884986 0.121510
vn -0.699425 0.701041 -0.139093
vn -0.764958 0.640394 -0.068804
vn -0.399746 0.668882 -0.626737
vn -0.629134 0.777232 -0.010026
vn -0.269630 0.323148 0.907125
vn -0.240132 0.225893 0.944092
vn -0.008223 0.018551 0.999794
vn -0.447070 0.724625 0.524449
vn -0.095199 0.374014 -0.922524
vn -0.357834 0.928658 0.097714
vn -0.015801 0.098831 0.994979
vn -0.257341 0.964521 -0.058950
vn -0.001651 0.996632 -0.081991
vn -0.115464 0.990449 0.075355
vn 0.088797 0.912914 0.398375
vn 0.005991 0.055099 -0.998463
vn 0.253810 0.417129 -0.872688
vn 0.444335 0.894109 -0.056004
vn 0.191823 0.921883 -0.336655
vn 0.009132 0.018923 0.999779
vn 0.045751 0.048391 -0.997780
vn 0.035694 0.070180 -0.996896
vn 0.351314 0.168984 -0.920882
vn 0.929039 0.358211 -0.092578
vn 0.813078 0.541200 -0.214492
vn -0.873552 0.142434 0.465424
vn -0.737508 0.007767 0.675294
vn -0.318641 0.043775 0.946864
vn -0.844325 0.134854 0.518584
vn -0.126813 -0.007946 0.991895
vn -0.343890 -0.053651 0.937476
vn -0.089567 0.041729 0.995106
vn -0.161982 0.043104 0.985852
vn -0.960990 -0.234621 0.146465
vn -0.964282 0.070249 0.255392
vn -0.946748 0.300011 0.116880
vn -0.942381 -0.320022 0.097489
vn -0.250909 -0.095732 0.963265
vn -0.811225 -0.053409 0.582290
vn -0.997928 -0.042902 0.047944
vn -0.981209 0.187524 0.045428
vn -0.028937 -0.000947 0.999581
vn -0.572066 0.158452 0.804756
vn -0.931326 0.318263 0.177033
vn -0.260227 0.041794 0.964643
vn -0.029395 -0.005029 0.999555
vn -0.979245 0.174568 0.102984
vn -0.994507 0.053276 0.090096
vn -0.992470 -0.110386 0.053094
vn -0.937242 0.343685 0.058806
vn -0.698271 0.179107 0.693065
vn -0.659400 0.201756 0.724214
vn -0.459561 -0.002092 0.888144
vn 0.302551 -0.071386 -0.950456
vn 0.774196 -0.149314 -0.615082
vn 0.972604 -0.169224 0.159391
vn 0.369641 0.001612 0.929173
vn 0.837782 0.342781 0.424997
vn 0.886573 0.446596 0.120578
vn 0.729048 0.683177 -0.041925
vn 0.284314 0.155435 -0.946047
vn 0.900230 0.353896 0.253661
vn 0.604056 0.753199 -0.260397
vn 0.624436 0.779314 0.052426
vn 0.666797 -0.147571 -0.730483
vn 0.820530 -0.162598 -0.547990
vn 0.654276 -0.273345 -0.705128
vn 0.827280 -0.275568 0.489562
vn 0.948932 -0.278263 0.148652
vn 0.894202 -0.209485 0.395624
vn -0.015686 -0.006674 0.999855
vn 0.158113 -0.070332 -0.984913
vn -0.969643 -0.191475 0.152084
vn 0.853865 -0.334523 0.398758
vn 0.770029 -0.374953 0.516203
vn 0.868679 -0.441085 0.225480
vn 0.845148 -0.447842 0.291826
vn 0.840298 -0.538950 -0.058587
vn -0.025506 -0.016957 0.999531
vn 0.649099 -0.298380 -0.699743
vn 0.195045 0.043364 0.979835
vn 0.102171 0.047379 0.993638
vn 0.018935 0.003051 0.999816
vn 0.669815 0.662781 0.334768
vn 0.804082 0.555552 0.211694
vn -0.947153 -0.252387 -0.197995
vn -0.968784 -0.247127 -0.019618
vn -0.898486 -0.208929 0.386098
vn -0.957732 -0.263048 -0.116422
vn -0.922786 -0.250594 0.292693
vn 0.828174 -0.559230 -0.037265
vn 0.740492 -0.465757 0.484502
vn 0.717811 -0.446267 0.534410
vn 0.060219 -0.097698 -0.993393
vn 0.071365 -0.103042 -0.992114
vn 0.032268 -0.069168 -0.997083
vn 0.186896 -0.135523 -0.972987
vn 0.796270 -0.522532 -0.304818
vn -0.054233 -0.995101 0.082656
vn -0.054233 -0.995101 0.082656
vn -0.054233 -0.995101 0.082656
vn 0.705631 -0.553883 -0.441926
vn 0.216392 -0.103042 -0.970854
vn 0.129512 -0.101338 -0.986386
vn -0.949869 -0.299188 -0.090749
vn -0.961567 -0.273112 -0.028273
vn -0.938099 -0.293298 0.184243
vn 0.975706 -0.108326 -0.190429
vn 0.953842 -0.223414 -0.200676
vn 0.012351 -0.048365 -0.998753
vn 0.260955 0.160965 -0.951837
vn 0.769095 0.634642 -0.075646
vn 0.930135 0.332933 -0.154935
vn 0.679080 -0.192910 -0.708263
vn 0.417193 -0.154354 -0.895614
vn 0.686847 -0.328895 -0.648128
vn 0.894523 -0.315696 -0.316488
vn 0.915411 -0.395823 -0.073123
vn 0.951399 0.257372 -0.169114
vn 0.231623 0.030452 -0.972329
vn 0.048138 -0.035887 -0.998196
vn 0.639529 0.721233 0.266130
vn 0.597135 0.778958 -0.191454
vn 0.048249 0.040144 0.998028
vn 0.041488 0.008814 0.999100
vn 0.883351 0.468659 -0.007092
vn 0.296338 0.127516 0.946532
vn 0.946840 0.282381 0.154127
vn 0.008087 -0.009810 0.999919
vn 0.494102 -0.166923 -0.853229
vn 0.006284 -0.056577 -0.998379
vn -0.006676 -0.061568 -0.998081
vn -0.049752 -0.998486 -0.023474
vn 0.182005 -0.718901 -0.670862
vn 0.998532 -0.054106 0.002371
vn 0.662074 -0.718001 -0.214786
vn 0.323017 -0.789733 0.521519
vn 0.020164 -0.023581 0.999519
vn 0.436576 0.014947 0.899543
vn -0.594451 -0.448275 0.667591
vn -0.003489 -0.056660 -0.998387
vn -0.036230 -0.106808 -0.993619
vn -0.676121 -0.307338 -0.669629
vn -0.497228 -0.528439 -0.688125
vn -0.925074 -0.378502 -0.031223
vn -0.892449 -0.444126 0.079286
vn 0.083479 -0.580900 -0.809683
vn 0.593695 -0.228321 -0.771619
vn 0.005288 -0.019600 0.999794
vn -0.066342 -0.071276 0.995248
vn 0.115538 -0.005593 0.993287
vn 0.581318 -0.782719 -0.222308
vn 0.959744 0.086994 -0.267064
vn 0.964424 0.021180 0.263512
vn 0.315741 -0.745590 0.586859
vn -0.003105 -0.030013 0.999545
vn 0.013001 -0.027225 0.999545
vn 0.964065 0.092729 0.248957
vn 0.060473 -0.099952 -0.993153
vn -0.200670 -0.138978 -0.969751
vn -0.827473 -0.501385 0.252788
vn -0.152218 -0.584629 0.796893
vn -0.081815 -0.040820 0.995811
vn 0.023698 -0.105611 0.994125
vn 0.685856 -0.074175 -0.723947
vn 0.218267 -0.974101 0.059056
vn 0.261817 -0.734856 -0.625650
vn 0.969168 0.100029 0.225183
vn 0.937714 0.126093 -0.323716
vn 0.167837 -0.194300 0.966477
vn 0.528124 -0.847444 0.054075
vn 0.032147 -0.599341 -0.799848
vn 0.954689 -0.136274 -0.264572
vn -0.223379 -0.843444 -0.488573
vn 0.178810 -0.187475 -0.965857
vn 0.281037 -0.936746 -0.208626
vn -0.176653 -0.861870 0.475367
vn 0.096896 -0.159773 0.982387
vn 0.939022 0.045928 -0.340777
vn -0.035049 -0.120605 -0.992082
vn -0.014977 -0.059147 -0.998137
vn 0.099865 -0.020842 0.994783
vn 0.045504 0.001253 0.998963
vn -0.901948 -0.430105 0.038717
vn -0.604568 -0.446300 -0.659783
vn -0.067355 -0.986013 -0.152451
vn -0.233560 -0.884071 0.404807
vn -0.716390 -0.313305 0.623399
vn 0.781478 -0.562715 -0.269524
vn -0.872755 -0.414275 -0.258217
vn -0.013983 -0.952302 -0.304838
vn -0.833110 -0.464925 0.299620
vn -0.210626 -0.195971 0.957722
vn 0.060074 -0.229729 0.971399
vn 0.118873 -0.091764 -0.988660
vn 0.927171 0.177857 -0.329729
vn 0.991850 0.034295 0.122710
vn 0.944745 0.233725 0.229846
vn 0.274748 -0.865377 -0.419089
vn 0.187264 -0.970429 0.152311
vn 0.871321 -0.332124 -0.361239
vn 0.430504 -0.878079 0.208911
vn 0.440562 -0.882059 0.166965
vn 0.068684 0.198394 0.977713
vn 0.335687 0.923373 0.186269
vn 0.559385 0.789303 0.253160
vn 0.735107 0.657982 0.163331
vn 0.683117 0.702701 -0.198904
vn 0.827503 0.470976 0.305648
vn 0.928836 0.338400 0.150829
vn -0.598057 0.715557 -0.360979
vn -0.599257 0.799999 -0.029872
vn -0.598676 0.753497 0.271714
vn -0.349948 0.408438 0.843039
vn -0.519260 0.348345 -0.780400
vn -0.387987 0.155702 -0.908418
vn -0.761128 0.402619 -0.508510
vn -0.788034 0.604829 -0.114825
vn -0.825201 0.539021 -0.168821
vn -0.834368 0.547799 0.061214
vn -0.886409 0.454278 -0.088935
vn -0.328405 0.233724 0.915163
vn -0.696945 0.716652 -0.026013
vn -0.649239 0.602341 -0.464407
vn -0.760307 0.628627 0.163588
vn -0.230123 0.274605 -0.933614
vn -0.063233 0.054897 -0.996488
vn -0.223626 0.181045 -0.957713
vn -0.835349 0.363456 -0.412421
vn -0.859585 0.235798 -0.453335
vn -0.488185 0.100154 -0.866975
vn -0.936692 0.344429 -0.063065
vn -0.942024 0.293463 0.162698
vn -0.111200 0.013222 -0.993710
vn -0.057153 0.017060 -0.998220
vn -0.105062 0.057192 -0.992820
vn -0.582563 0.231936 0.778990
vn -0.904640 0.407276 0.125508
vn -0.385072 0.340495 0.857778
vn -0.645701 0.676809 0.353552
vn -0.014332 0.018418 0.999728
vn 0.022713 -0.015334 0.999624
vn -0.972862 0.223808 -0.058728
vn -0.984605 0.154553 0.081643
vn -0.996617 0.047325 0.067198
vn -0.340809 0.061483 0.938120
vn -0.584343 -0.010875 0.811434
vn -0.108967 0.009483 -0.994000
vn -0.017743 -0.002745 0.999839
vn -0.010754 0.004803 0.999931
vn 0.023361 -0.008379 0.999692
vn -0.030519 -0.015296 0.999417
vn -0.474744 0.743296 -0.471306
vn -0.394025 0.775701 -0.492983
vn -0.297070 0.823389 -0.483508
vn -0.434939 0.772319 -0.462982
vn -0.315661 0.919879 -0.232769
vn -0.167175 0.452734 -0.875834
vn -0.060845 0.305129 -0.950366
vn -0.399559 0.916523 0.018382
vn -0.277283 0.877659 0.390934
vn -0.046992 0.100073 -0.993870
vn -0.295583 0.452005 -0.841619
vn -0.509583 0.839402 -0.189023
vn -0.384040 0.863224 -0.327654
vn -0.242953 0.469110 -0.849064
vn -0.281632 0.410479 -0.867289
vn -0.507594 0.852184 0.127008
vn -0.007628 0.026368 0.999623
vn -0.230977 0.377739 0.896640
vn 0.021682 -0.025883 0.999430
vn -0.162782 0.986028 -0.035379
vn -0.192105 0.863666 -0.466023
vn -0.265915 0.963539 -0.029705
vn -0.008077 0.081461 -0.996644
vn -0.069817 0.081822 -0.994199
vn -0.471079 0.683896 -0.557109
vn -0.327612 0.670864 -0.665291
vn -0.169548 0.346773 -0.922498
vn -0.210681 0.648069 -0.731861
vn -0.096855 0.391966 -0.914867
vn 0.221406 -0.839987 0.495380
vn -0.034558 0.094775 -0.994899
vn 0.011337 -0.015398 0.999817
vn 0.104967 -0.517739 0.849075
vn 0.313480 -0.715485 0.624348
vn 0.184382 -0.717374 0.671847
vn -0.424448 0.427024 -0.798433
vn -0.646963 0.455677 -0.611390
vn -0.319225 0.249730 -0.914183
vn -0.598088 0.592911 -0.539209
vn -0.464262 0.240686 -0.852368
vn -0.299749 0.090574 -0.949709
vn -0.083776 0.050278 -0.995215
vn -0.852112 0.177705 -0.492266
vn -0.624243 0.173656 -0.761685
vn -0.790081 0.284002 -0.543245
vn -0.737122 0.370836 -0.564917
vn 0.724040 -0.493178 0.482226
vn 0.793951 -0.400893 0.457084
vn 0.843240 -0.262942 0.468837
vn 0.416305 -0.124976 0.900595
vn 0.646830 -0.608974 0.459088
vn 0.538446 -0.719619 0.438434
vn 0.631748 -0.594111 0.497923
vn 0.615115 -0.651233 0.444443
vn 0.535831 -0.499193 0.680949
vn 0.597034 -0.421160 0.682770
vn 0.311438 -0.305187 0.899926
vn 0.313587 -0.167067 0.934747
vn 0.727825 -0.342077 0.594352
vn 0.517459 -0.703231 0.487548
vn 0.358527 -0.788632 0.499518
vn 0.433449 -0.607732 0.665420
vn 0.295848 -0.847221 0.441237
vn 0.426624 -0.788501 0.443009
vn 0.286794 -0.444913 0.848411
vn 0.196612 -0.450186 0.871021
vn -0.350168 0.804115 -0.480397
vn -0.194810 0.860148 -0.471375
vn -0.051645 0.879090 -0.473850
vn -0.012210 0.376921 -0.926165
vn 0.087356 -0.747335 0.658680
vn 0.240163 -0.863854 0.442807
vn 0.249478 -0.772067 0.584528
vn 0.049089 -0.144074 0.988349
vn -0.168162 0.748502 -0.641456
vn -0.083654 0.874062 -0.478558
vn 0.118919 -0.876238 0.466974
vn 0.149129 -0.884791 0.441480
vn 0.095641 0.803997 -0.586892
vn 0.124530 0.871983 -0.473432
vn 0.217183 0.830156 -0.513491
vn 0.335256 0.742382 -0.580062
vn 0.004391 -0.327847 0.944721
vn -0.111541 -0.746040 0.656493
vn -0.041938 -0.877787 0.477211
vn -0.274993 -0.842812 0.462651
vn -0.157207 -0.473247 0.866789
vn -0.166372 -0.305516 0.937540
vn -0.053617 0.517279 -0.854136
vn 0.027405 0.193919 -0.980635
vn 0.025445 0.086180 -0.995955
vn 0.037208 0.574683 -0.817530
vn -0.152338 0.800861 -0.579150
vn -0.017038 0.804045 -0.594324
vn 0.127627 0.852300 -0.507243
vn 0.013920 0.880778 -0.473324
vn 0.057712 -0.844274 0.532796
vn 0.017527 -0.900242 0.435038
vn 0.260607 0.836345 -0.482297
vn 0.276522 0.741150 -0.611745
vn 0.162850 0.428742 -0.888628
vn 0.152158 0.696480 -0.701259
vn 0.390783 0.776107 -0.494920
vn -0.125970 -0.890031 0.438150
vn -0.442486 -0.759865 0.476248
vn -0.307075 -0.717320 0.625425
vn -0.265105 -0.849392 0.456348
vn -0.204403 -0.838350 0.505360
vn 0.407447 -0.701252 0.585006
vn 0.522755 -0.720887 0.455026
vn 0.208889 -0.497989 0.841649
vn 0.380002 -0.804577 0.456349
vn 0.004394 -0.003275 0.999985
vn -0.280869 0.665115 0.691907
vn -0.144172 0.814363 0.562163
vn 0.005671 0.052515 0.998604
vn -0.017825 0.091279 0.995666
vn -0.107212 0.982380 0.153087
vn -0.059761 0.996459 -0.059152
vn -0.009101 0.669406 0.742841
vn 0.040978 0.987277 -0.153637
vn -0.009036 0.520704 -0.853689
vn -0.085170 0.893468 -0.440977
vn -0.007038 0.099954 -0.994967
vn 0.065359 0.747405 -0.661146
vn 0.043370 0.230058 -0.972210
vn 0.048636 0.459189 -0.887006
vn 0.015092 0.997739 0.065487
vn 0.116910 0.986534 0.114376
vn 0.264386 0.960878 -0.082547
vn 0.220130 0.954519 0.201086
vn 0.042237 0.294106 0.954839
vn 0.134529 0.408724 0.902689
vn -0.003733 -0.690779 0.723056
vn -0.030673 -0.484268 0.874382
vn 0.039582 -0.351756 0.935255
vn -0.063168 -0.872737 0.484087
vn -0.126086 -0.708670 0.694182
vn -0.081292 -0.373502 0.924060
vn 0.004909 -0.026437 0.999638
vn -0.007708 -0.042297 0.999075
vn 0.138015 0.474629 -0.869298
vn 0.173780 0.952639 -0.249559
vn 0.299371 0.890867 -0.341663
vn 0.071494 0.114297 -0.990871
vn 0.050444 0.082266 -0.995333
vn 0.031540 0.068343 -0.997163
vn 0.351781 0.935908 -0.018038
vn 0.427448 0.886039 -0.179505
vn 0.180036 0.391726 -0.902296
vn 0.314299 0.846586 0.429543
vn 0.448567 0.893429 0.023923
vn 0.282673 0.585546 0.759757
vn -0.048483 -0.007553 0.998795
vn -0.197132 -0.492314 0.847801
vn -0.335660 -0.769883 0.542782
vn -0.400768 -0.792011 0.460548
vn -0.091499 -0.172518 0.980747
vn -0.648671 0.050083 -0.759419
vn 0.844782 -0.098434 0.525979
vn 0.880884 -0.002254 0.473327
vn 0.806406 0.086263 0.585037
vn 0.026837 -0.000097 0.999640
vn 0.417645 -0.020589 0.908377
vn 0.774192 -0.145915 0.615902
vn 0.780479 -0.279130 0.559409
vn 0.449347 0.077824 0.889961
vn 0.769536 0.253310 0.586216
vn 0.871853 0.130581 0.472039
vn 0.044885 0.012609 0.998913
vn 0.406483 0.166485 0.898362
vn 0.022998 0.010600 0.999679
vn 0.017416 0.011380 0.999784
vn 0.626731 0.470541 0.621128
vn 0.769321 0.421210 0.480341
vn 0.561042 0.306917 0.768787
vn 0.294790 0.242615 0.924249
vn 0.445298 0.430961 0.784845
vn 0.320107 0.428514 0.844931
vn 0.469692 0.696831 0.542048
vn 0.611902 0.645612 0.456903
vn 0.574639 0.629011 0.523579
vn 0.216403 0.373848 0.901891
vn 0.343939 0.740860 0.576916
vn 0.153625 0.422765 0.893123
vn 0.113707 0.876094 0.468541
vn 0.202985 0.780735 0.590973
vn 0.010521 0.011814 0.999875
vn 0.096747 0.516614 0.850735
vn -0.013790 -0.054823 0.998401
vn -0.410470 -0.882380 0.230043
vn -0.278577 -0.856732 0.434056
vn 0.014810 0.025805 -0.999557
vn 0.003996 0.054007 -0.998533
vn 0.463151 0.700728 -0.542652
vn 0.314122 0.220225 -0.923487
vn 0.624161 0.589395 -0.512871
vn 0.455726 0.752828 -0.474936
vn -0.023151 -0.034525 0.999136
vn -0.414129 -0.375474 0.829166
vn -0.417093 -0.630004 0.655079
vn -0.567101 -0.643297 0.514359
vn -0.661925 -0.561234 0.496862
vn 0.732927 0.440393 -0.518529
vn 0.171612 0.070310 -0.982652
vn -0.562931 -0.680667 0.468829
vn -0.642009 -0.582823 0.498138
vn 0.502164 0.692558 -0.517875
vn 0.547142 0.689103 -0.475155
vn -0.709750 -0.521590 0.473497
vn 0.715144 0.506045 -0.482170
vn -0.021390 -0.002939 0.999767
vn 0.007540 -0.017530 0.999818
vn -0.655909 -0.402276 0.638715
vn 0.798801 0.320541 -0.509088
vn 0.811998 0.171538 -0.557883
vn 0.029297 0.002445 -0.999568
vn -0.004947 0.004291 -0.999979
vn -0.272181 -0.158385 0.949121
vn -0.794447 -0.311765 0.521207
vn -0.509453 0.026317 0.860096
vn -0.726463 -0.065708 0.684057
vn -0.862619 -0.136139 0.487191
vn -0.539061 -0.160563 0.826821
vn -0.316759 0.223583 0.921778
vn -0.643453 0.144283 0.751765
vn -0.545116 0.254197 0.798895
vn -0.741076 0.389911 0.546604
vn -0.870992 0.043582 0.489361
vn -0.806634 0.228998 0.544887
vn -0.836137 -0.273700 0.475355
vn -0.794374 -0.328998 0.510617
vn -0.769273 -0.424568 0.477453
vn 0.684593 -0.168877 -0.709093
vn 0.851216 -0.233652 -0.469935
vn 0.788856 -0.317768 -0.526051
vn -0.862627 0.174795 0.474680
vn 0.871605 0.044689 -0.488167
vn 0.819365 0.017963 -0.572991
vn 0.835308 0.261572 -0.483570
vn 0.796933 0.266465 -0.542119
vn 0.841341 0.184378 -0.508084
vn 0.871734 -0.062398 -0.485990
vn 0.875916 -0.090427 -0.473914
vn 0.781707 -0.272051 -0.561180
vn 0.855971 -0.153340 -0.493761
vn 0.791696 -0.032268 -0.610062
vn 0.471336 0.023374 -0.881644
vn 0.699302 -0.106769 -0.706808
vn 0.557706 -0.187876 -0.808497
vn 0.489616 -0.078841 -0.868367
vn 0.068994 0.068502 -0.995262
vn 0.222857 0.262858 -0.938744
vn 0.557825 0.828533 -0.048613
vn -0.181565 0.071180 0.980799
vn -0.994745 0.008039 0.102067
vn 0.561817 0.711528 -0.422006
vn 0.447993 0.738085 -0.504513
vn 0.677994 0.725714 -0.116892
vn 0.325731 0.576869 -0.749081
vn 0.412488 0.492251 -0.766513
vn -0.550529 -0.640800 0.535065
vn 0.253625 0.298248 -0.920175
vn -0.055220 -0.044129 0.997499
vn -0.452280 -0.708305 0.541985
vn -0.267905 -0.398522 0.877159
vn -0.278432 -0.046260 0.959341
vn -0.977919 -0.199088 -0.063549
vn -0.204474 -0.175173 0.963071
vn -0.436828 -0.438206 0.785593
vn -0.885751 -0.455494 0.089280
vn -0.930045 -0.367428 -0.003652
vn -0.407530 -0.285614 0.867378
vn -0.848513 -0.529108 -0.008424
vn -0.772572 -0.632630 0.053956
vn 0.561027 0.520043 -0.644053
vn 0.753354 0.643927 0.133473
vn 0.395005 0.347352 -0.850481
vn 0.628035 0.592501 -0.504494
vn 0.084820 0.065142 -0.994265
vn 0.091174 0.098800 -0.990922
vn 0.669875 0.441342 -0.597064
vn -0.745499 -0.453860 0.488101
vn 0.648927 0.275600 -0.709181
vn 0.784333 0.381419 -0.489225
vn 0.358482 0.148732 -0.921612
vn 0.438901 0.257388 -0.860882
vn -0.664812 -0.359383 0.654881
vn -0.693401 -0.587745 0.416833
vn -0.552431 -0.413905 0.723535
vn 0.091372 0.052283 -0.994443
vn 0.533976 0.744057 0.401559
vn 0.174327 0.344806 0.922344
vn 0.010554 0.022553 0.999690
vn -0.770882 0.400594 0.495243
vn -0.689352 0.432250 0.581338
vn 0.501619 0.502235 -0.704371
vn 0.178390 0.475605 -0.861381
vn -0.048623 0.171300 -0.984018
vn -0.768431 0.331428 -0.547420
vn -0.973745 0.222156 -0.049676
vn -0.990647 0.126160 -0.051987
vn -0.955619 0.268042 -0.122252
vn 0.513659 0.637046 0.574740
vn 0.433826 0.701213 0.565769
vn 0.467366 0.622063 -0.628178
vn 0.111068 0.185526 -0.976342
vn -0.879511 0.454757 -0.140200
vn -0.945831 0.290943 0.144071
vn -0.854643 0.512893 0.080791
vn -0.155814 0.065062 0.985641
vn -0.824906 0.082001 0.559291
vn 0.620873 0.720803 0.308156
vn 0.530379 0.694436 0.486268
vn 0.118824 0.159278 -0.980057
vn -0.018654 0.010343 0.999772
vn -0.996646 -0.081360 -0.008776
vn -0.883157 -0.141071 0.447361
vn -0.414589 -0.160919 0.895668
vn -0.954247 -0.291628 0.066081
vn -0.022334 -0.005384 0.999736
vn -0.594099 -0.443282 0.671228
vn 0.489621 0.591294 -0.640814
vn 0.563727 0.625603 0.539289
vn 0.696149 0.546745 0.465238
vn 0.592456 0.508915 -0.624501
vn 0.842170 0.538781 -0.021574
vn 0.764176 0.596455 -0.245511
vn 0.017146 0.044551 -0.998860
vn -0.731924 -0.608484 0.306649
vn 0.799165 0.509960 0.318237
vn 0.737544 0.545113 -0.398599
vn 0.827590 0.484388 0.283661
vn -0.017311 -0.002062 0.999848
vn -0.491225 -0.239341 0.837505
vn -0.875342 -0.478965 0.066096
vn -0.978089 -0.202105 0.049948
vn -0.802155 -0.432892 0.411281
vn -0.465196 -0.127666 0.875953
vn -0.956274 -0.086209 0.279478
vn -0.853637 -0.179955 0.488795
vn -0.862398 -0.067374 0.501727
vn -0.727253 -0.629967 0.272479
vn -0.753662 -0.471632 0.457774
vn -0.813151 -0.233184 0.533301
vn -0.974476 -0.202036 0.097863
vn -0.995026 -0.067440 0.073314
vn -0.807671 -0.084457 0.583553
vn 0.840377 0.474835 -0.261337
vn 0.069290 0.026469 -0.997245
vn 0.894378 0.431074 0.119430
vn 0.555038 0.258420 -0.790665
vn 0.392368 0.287626 -0.873681
vn 0.674478 0.163290 -0.720011
vn 0.908619 0.346688 -0.232848
vn 0.942872 0.323422 0.079946
vn 0.988251 -0.017357 -0.151850
vn 0.924929 0.174864 -0.337533
vn 0.870254 -0.467419 -0.155492
vn 0.936582 -0.217797 -0.274551
vn 0.918763 -0.333157 0.211851
vn 0.985688 -0.131674 0.105270
vn 0.877717 0.479171 -0.002774
vn 0.073506 0.061069 -0.995423
vn 0.201067 0.187054 -0.961552
vn -0.017513 0.078216 -0.996783
vn 0.194400 0.152294 -0.969028
vn 0.945730 0.266944 0.185300
vn 0.158514 0.111188 -0.981076
vn 0.943506 -0.323092 -0.073535
vn 0.783980 0.222749 0.579447
vn 0.994501 -0.057383 0.087603
vn 0.625954 0.170710 0.760947
vn 0.360233 0.071686 0.930104
vn 0.832073 -0.531381 -0.159021
vn 0.916252 -0.372759 0.146742
vn 0.844730 -0.503633 0.181063
vn 0.035220 0.003142 0.999375
vn 0.000513 0.010721 0.999942
vn 0.026551 -0.004897 0.999635
vn 0.028516 0.034593 -0.998995
vn 0.837859 -0.545275 0.025843
vn 0.372986 -0.191014 0.907962
vn 0.476223 0.106729 -0.872823
vn 0.085526 0.014827 -0.996226
vn 0.778915 0.091206 -0.620462
vn 0.092710 0.013254 0.995605
vn 0.992537 0.110228 0.052155
vn 0.927646 0.111767 0.356344
vn -0.973853 -0.003846 0.227146
vn -0.845480 0.066699 0.529826
vn -0.697200 0.153965 0.700147
vn -0.433205 0.083185 0.897449
vn 0.120282 0.015804 -0.992614
vn -0.627708 -0.141966 0.765394
vn -0.959170 -0.037211 0.280373
vn -0.987826 -0.027013 0.153202
vn -0.990914 -0.024543 0.132237
vn 0.311045 -0.042160 -0.949460
vn 0.469762 0.050380 -0.881354
vn 0.296347 0.070364 -0.952485
vn 0.957714 0.232693 -0.169226
vn 0.933680 0.132977 -0.332504
vn 0.965077 0.210884 0.155418
vn 0.940935 0.145050 0.305943
vn 0.992483 0.117483 0.034268
vn 0.995519 0.020505 -0.092315
vn 0.989198 0.048639 0.138280
vn 0.989296 0.141603 -0.035252
vn 0.951396 -0.054952 0.303028
vn 0.103010 -0.018810 -0.994502
vn 0.095053 -0.025103 -0.995156
vn 0.702172 -0.077053 -0.707826
vn 0.924373 -0.013443 -0.381253
vn 0.986852 -0.098493 -0.128148
vn 0.509362 -0.131927 -0.850380
vn 0.952036 -0.192534 -0.237821
vn 0.232522 0.009209 0.972548
vn 0.428620 -0.017825 0.903309
vn 0.939088 0.069021 0.336673
vn 0.966472 0.011076 0.256534
vn 0.974093 -0.187416 0.126561
vn 0.029906 -0.000091 0.999553
vn 0.074142 0.011712 0.997179
vn -0.016885 0.006997 0.999833
vn 0.840007 0.064104 0.538775
vn 0.362837 0.034229 0.931224
vn 0.974781 -0.146867 0.168022
vn 0.984221 0.065309 0.164447
vn 0.045374 0.015523 0.998849
vn -0.087600 0.006338 0.996136
vn -0.043345 0.008772 0.999022
vn 0.038992 0.011528 0.999173
vn 0.985599 0.116869 0.122214
vn -0.597162 0.483480 0.640035
vn -0.734744 0.492561 0.466406
vn -0.365303 0.595230 0.715720
vn -0.518833 0.596460 0.612411
vn -0.523243 0.713758 0.465581
vn -0.639279 0.611191 0.466657
vn -0.690794 0.559973 0.457421
vn -0.199621 0.871934 0.447083
vn -0.282277 0.853736 0.437556
vn -0.349183 0.820945 0.451798
vn -0.598980 0.662620 0.449619
vn -0.595176 0.624896 0.505244
vn -0.478889 0.751437 0.453881
vn -0.466642 0.673776 0.572949
vn -0.482014 0.532195 0.696011
vn -0.321198 0.540961 0.777298
vn -0.057174 0.072693 0.995714
vn -0.050559 0.880689 0.470990
vn 0.057115 -0.865664 -0.497357
vn 0.025961 -0.760420 -0.648912
vn 0.088725 0.748914 0.656700
vn -0.031498 0.766938 0.640948
vn 0.002801 0.395615 0.918412
vn 0.000113 0.020069 0.999799
vn -0.091835 0.412871 0.906148
vn 0.011620 0.051216 0.998620
vn 0.175244 -0.831807 -0.526676
vn 0.129805 -0.602083 -0.787811
vn 0.304389 -0.806185 -0.507359
vn 0.036064 -0.157844 -0.986805
vn 0.356672 -0.733991 -0.577963
vn -0.211571 0.810366 0.546392
vn -0.359125 0.761717 0.539273
vn 0.229653 -0.527851 -0.817699
vn 0.041917 -0.108475 -0.993215
vn 0.014639 -0.073946 -0.997155
vn 0.019855 -0.818265 -0.574498
vn 0.130311 -0.960256 -0.246835
vn -0.010997 -0.412090 -0.911077
vn 0.139099 -0.984407 0.107676
vn 0.036071 -0.994472 -0.098609
vn 0.044118 -0.306605 -0.950814
vn 0.245558 -0.965795 -0.083309
vn 0.098764 -0.649581 -0.753851
vn 0.004512 -0.028141 0.999594
vn 0.257715 -0.813304 -0.521651
vn 0.118315 -0.376782 -0.918715
vn 0.057438 -0.190033 0.980096
vn 0.046940 -0.421771 0.905486
vn 0.216650 -0.914056 0.342876
vn -0.220030 0.568413 0.792776
vn -0.011194 0.034101 0.999356
vn 0.800769 -0.369926 -0.471087
vn 0.747018 -0.417331 -0.517493
vn 0.645148 -0.577014 -0.500838
vn 0.539232 -0.494634 -0.681591
vn 0.449323 -0.543691 -0.708878
vn -0.822511 0.328437 0.464332
vn -0.679887 0.501953 0.534600
vn 0.732048 -0.459445 -0.503007
vn -0.748169 0.407704 0.523470
vn -0.767798 0.449742 0.456309
vn -0.823987 0.327481 0.462388
vn -0.780305 0.286507 0.555912
vn 0.635599 -0.313977 -0.705289
vn 0.431162 -0.669103 -0.605310
vn 0.285961 -0.319137 -0.903536
vn 0.270781 -0.431438 -0.860546
vn 0.511834 -0.378874 -0.771026
vn 0.324629 -0.166346 -0.931099
vn 0.061749 -0.060766 -0.996240
vn 0.051791 -0.099853 -0.993653
vn -0.434958 0.367651 0.821976
vn -0.541899 0.325936 0.774668
vn 0.028109 -0.037436 0.998904
vn -0.052486 0.034611 0.998022
vn -0.043962 -0.003236 0.999028
vn 0.057223 -0.027133 -0.997993
vn 0.312968 -0.145888 -0.938492
vn 0.787282 -0.304442 -0.536192
vn 0.721243 -0.375924 -0.581799
vn 0.039673 -0.069865 -0.996767
vn 0.090692 -0.068471 -0.993522
vn 0.695980 -0.633812 -0.337481
vn 0.477844 -0.392171 -0.786045
vn 0.772488 -0.582845 -0.252098
vn -0.050109 -0.041881 0.997865
vn -0.933676 -0.030016 0.356859
vn 0.742890 -0.665664 -0.070746
vn 0.747669 -0.580222 0.323008
vn 0.747203 -0.654446 0.115702
vn 0.812679 -0.575727 0.089950
vn 0.342596 -0.255353 -0.904114
vn 0.071758 -0.046188 -0.996352
vn 0.602627 -0.325406 -0.728664
vn 0.765351 -0.549749 0.334686
vn 0.511713 -0.347292 -0.785836
vn 0.842370 -0.513781 -0.162610
vn 0.342015 -0.778069 -0.526910
vn 0.174381 -0.340648 -0.923878
vn 0.365821 -0.925705 -0.096154
vn 0.469040 -0.876573 -0.107804
vn 0.442531 -0.769123 -0.461104
vn 0.014982 -0.025652 0.999559
vn 0.183924 -0.236742 -0.954005
vn 0.447169 -0.606960 -0.656993
vn 0.560249 -0.809828 -0.174070
vn 0.521351 -0.836108 0.170637
vn 0.600457 -0.799599 0.009626
vn 0.258660 -0.419437 0.870154
vn 0.350730 -0.480048 0.804079
vn 0.156291 -0.310904 0.937503
vn 0.318193 -0.919482 0.230879
vn 0.422286 -0.883110 0.204429
vn 0.386129 -0.407039 -0.827782
vn 0.675395 -0.729260 0.109645
vn 0.652719 -0.730498 -0.200824
vn 0.258246 -0.346969 0.901622
vn -0.998582 -0.028059 0.045240
vn -0.701511 -0.270652 0.659265
vn 0.501190 -0.642728 0.579404
vn -0.436328 -0.225936 -0.870959
vn -0.436328 -0.225936 -0.870959
vn -0.436328 -0.225936 -0.870959
vn -0.011769 -0.024037 -0.999642
vn -0.991011 -0.056061 -0.121471
vn -0.038132 -0.010326 -0.999219
vn -0.966604 -0.191117 0.170735
vn -0.025922 -0.023715 -0.999383
vn -0.878623 -0.456626 -0.139690
vn 0.010797 -0.034122 -0.999359
vn -0.405213 -0.466197 -0.786424
vn -0.977690 -0.190617 -0.088242
vn -0.664344 -0.747426 0.000517
vn -0.689556 -0.695745 0.201124
vn -0.861357 0.179213 0.475339
vn -0.138887 0.032451 0.989776
vn -0.531931 0.222503 0.817032
vn -0.964022 -0.021978 0.264914
vn 0.949485 -0.287347 -0.126132
vn 0.915023 -0.379275 0.137419
vn 0.943561 -0.283675 0.170942
vn 0.901098 -0.414707 -0.126652
vn 0.867689 -0.480956 0.125685
vn 0.124712 -0.047776 -0.991042
vn 0.878989 -0.422542 0.220989
vn 0.923333 -0.343754 0.171144
vn 0.058133 -0.039157 -0.997541
vn 0.897771 -0.228056 0.376825
vn 0.980300 0.108343 -0.165148
vn 0.781458 -0.142964 -0.607359
vn 0.346165 -0.082852 -0.934508
vn 0.250339 0.011953 -0.968085
vn 0.991432 0.123450 -0.042692
vn 0.989954 0.108347 0.090837
vn 0.039096 0.023073 0.998969
vn 0.573550 0.072596 0.815947
vn 0.979214 0.144351 0.142487
vn -0.986221 -0.023309 0.163785
vn 0.802734 -0.494905 0.332696
vn 0.417622 -0.207752 -0.884552
vn 0.352836 -0.209450 -0.911942
vn -0.991445 -0.040648 0.124035
vn -0.052040 0.010125 0.998594
vn -0.290371 -0.033667 0.956322
vn -0.873766 -0.426337 0.234028
vn -0.089052 -0.050255 0.994758
vn 0.061286 -0.003763 -0.998113
vn -0.285933 -0.954092 -0.089164
vn -0.404072 -0.878013 0.256553
vn 0.274939 -0.927299 -0.254017
vn 0.081612 -0.164323 -0.983025
vn 0.040250 -0.986698 -0.157500
vn 0.205311 -0.977180 0.054475
vn 0.383409 -0.273541 -0.882141
vn 0.542838 -0.816127 -0.198149
vn 0.981533 0.090149 -0.168718
vn 0.989648 0.120227 -0.078373
vn 0.992502 0.094283 0.077788
vn 0.906369 -0.020676 -0.421980
vn 0.065458 -0.009676 -0.997808
vn 0.950147 -0.250376 -0.185827
vn 0.840947 -0.534439 -0.084751
vn 0.933284 -0.327589 0.147195
vn 0.994765 -0.086118 0.055004
vn 0.990097 0.128112 0.057407
vn 0.021679 0.015256 0.999649
vn 0.032616 0.017879 0.999308
vn -0.027801 -0.029230 0.999186
vn -0.094652 -0.993741 0.059329
vn 0.002303 0.006843 0.999974
vn 0.175266 -0.264585 0.948302
vn 0.837714 -0.530129 0.131143
vn 0.549233 -0.835224 -0.027280
vn 0.197542 0.074728 0.977442
vn 0.971849 0.138241 0.190782
vn -0.173118 -0.982126 -0.073886
vn -0.066804 -0.988281 -0.137250
vn -0.115933 -0.989338 0.088142
vn -0.019507 -0.323060 0.946177
vn -0.198775 -0.916943 0.345983
vn 0.001637 -0.979149 0.203139
vt 0.347630 0.150021
vt 0.342447 0.150220
vt 0.350907 0.146144
vt 0.381910 0.095224
vt 0.354611 0.096986
vt 0.358221 0.092388
vt 0.365084 0.090549
vt 0.380882 0.089899
vt 0.380494 0.091598
vt 0.371613 0.087602
vt 0.359613 0.089506
vt 0.369346 0.085003
vt 0.357491 0.085987
vt 0.342444 0.096978
vt 0.336608 0.096584
vt 0.343230 0.091348
vt 0.346249 0.093471
vt 0.331702 0.103947
vt 0.352268 0.089407
vt 0.358241 0.082450
vt 0.346764 0.086968
vt 0.350049 0.083614
vt 0.632102 0.070712
vt 0.336312 0.091430
vt 0.334546 0.090034
vt 0.345817 0.084341
vt 0.630388 0.069715
vt 0.637839 0.083724
vt 0.316283 0.097882
vt 0.364475 0.104710
vt 0.390401 0.106057
vt 0.385182 0.119686
vt 0.373299 0.116791
vt 0.378607 0.109405
vt 0.365189 0.108812
vt 0.370518 0.106696
vt 0.361898 0.118688
vt 0.383896 0.107540
vt 0.338813 0.110616
vt 0.345192 0.111130
vt 0.354789 0.110272
vt 0.351432 0.121615
vt 0.343025 0.113726
vt 0.359045 0.107688
vt 0.603391 0.103751
vt 0.597849 0.109226
vt 0.592629 0.105288
vt 0.603291 0.113139
vt 0.611238 0.109079
vt 0.397251 0.150406
vt 0.387263 0.144942
vt 0.390469 0.144649
vt 0.378178 0.141917
vt 0.382250 0.141069
vt 0.380646 0.144546
vt 0.389128 0.129765
vt 0.405511 0.161726
vt 0.379744 0.172925
vt 0.393522 0.143634
vt 0.401740 0.133055
vt 0.395786 0.123463
vt 0.393363 0.111448
vt 0.411683 0.138681
vt 0.415776 0.144408
vt 0.403371 0.154540
vt 0.409555 0.159483
vt 0.398988 0.148005
vt 0.552638 0.120658
vt 0.555380 0.116658
vt 0.562356 0.118875
vt 0.550934 0.124657
vt 0.540823 0.123900
vt 0.546130 0.117636
vt 0.556193 0.096643
vt 0.538667 0.117708
vt 0.366393 0.143265
vt 0.369210 0.140495
vt 0.361209 0.141994
vt 0.362563 0.138753
vt 0.371295 0.136926
vt 0.368844 0.127166
vt 0.376993 0.138568
vt 0.355299 0.141352
vt 0.355377 0.131495
vt 0.348638 0.144726
vt 0.339505 0.143284
vt 0.345496 0.136199
vt 0.360307 0.128498
vt 0.341066 0.126773
vt 0.574907 0.125460
vt 0.579377 0.128790
vt 0.568259 0.125749
vt 0.579669 0.124414
vt 0.573803 0.120522
vt 0.337203 0.163484
vt 0.586372 0.132738
vt 0.582022 0.133482
vt 0.584858 0.126852
vt 0.590138 0.137704
vt 0.590917 0.129932
vt 0.594520 0.136972
vt 0.592125 0.145688
vt 0.586178 0.161526
vt 0.591551 0.099781
vt 0.582930 0.102413
vt 0.573383 0.097604
vt 0.568975 0.117909
vt 0.565028 0.094599
vt 0.566364 0.121917
vt 0.559466 0.122360
vt 0.554936 0.149267
vt 0.339599 0.155536
vt 0.337148 0.154701
vt 0.332888 0.160736
vt 0.333822 0.163665
vt 0.329777 0.167455
vt 0.314161 0.111665
vt 0.322129 0.107089
vt 0.315685 0.114929
vt 0.308719 0.112230
vt 0.306418 0.116913
vt 0.303933 0.122133
vt 0.297973 0.125955
vt 0.328035 0.102093
vt 0.327677 0.099356
vt 0.333733 0.094276
vt 0.320657 0.105156
vt 0.316716 0.102189
vt 0.325166 0.096788
vt 0.318638 0.098447
vt 0.645265 0.100182
vt 0.645813 0.110690
vt 0.629742 0.086285
vt 0.311983 0.093312
vt 0.312210 0.106545
vt 0.331351 0.120379
vt 0.330124 0.118860
vt 0.319388 0.126940
vt 0.616073 0.116997
vt 0.304619 0.110635
vt 0.298306 0.107004
vt 0.652380 0.113817
vt 0.299815 0.115295
vt 0.298937 0.121230
vt 0.294323 0.116657
vt 0.314376 0.128960
vt 0.656322 0.119512
vt 0.639975 0.106212
vt 0.646818 0.119054
vt 0.630713 0.091253
vt 0.644600 0.117441
vt 0.649822 0.122560
vt 0.652793 0.125178
vt 0.650245 0.125838
vt 0.637533 0.132510
vt 0.291275 0.126510
vt 0.291445 0.131668
vt 0.678140 0.130665
vt 0.685418 0.136090
vt 0.683568 0.136307
vt 0.278348 0.121377
vt 0.676297 0.136964
vt 0.681057 0.140701
vt 0.258572 0.170512
vt 0.257058 0.130181
vt 0.686509 0.141556
vt 0.689214 0.146047
vt 0.683735 0.145463
vt 0.686685 0.151144
vt 0.665459 0.131067
vt 0.672181 0.127487
vt 0.670654 0.133334
vt 0.665225 0.132289
vt 0.294004 0.120526
vt 0.292262 0.117999
vt 0.662869 0.124051
vt 0.665496 0.123256
vt 0.291383 0.120993
vt 0.287658 0.125962
vt 0.659270 0.128565
vt 0.283138 0.131245
vt 0.657146 0.130002
vt 0.659403 0.129721
vt 0.648256 0.175631
vt 0.680008 0.142165
vt 0.686098 0.152666
vt 0.318828 0.130923
vt 0.332015 0.131234
vt 0.329553 0.145929
vt 0.322185 0.127044
vt 0.312058 0.136117
vt 0.323128 0.153042
vt 0.311748 0.140326
vt 0.312174 0.150354
vt 0.304366 0.144550
vt 0.303982 0.149100
vt 0.593595 0.142716
vt 0.595148 0.150502
vt 0.597759 0.145999
vt 0.600088 0.152504
vt 0.598150 0.158792
vt 0.600362 0.141006
vt 0.602528 0.158169
vt 0.320521 0.161526
vt 0.310877 0.170234
vt 0.307017 0.161154
vt 0.619176 0.157424
vt 0.622865 0.167409
vt 0.615322 0.125921
vt 0.617745 0.135498
vt 0.625444 0.140789
vt 0.626894 0.132450
vt 0.620542 0.123578
vt 0.625437 0.125010
vt 0.299611 0.147786
vt 0.632076 0.131896
vt 0.628254 0.135566
vt 0.632449 0.127797
vt 0.636491 0.135819
vt 0.635459 0.131956
vt 0.630422 0.143092
vt 0.630731 0.147640
vt 0.637181 0.140621
vt 0.637625 0.146195
vt 0.620805 0.148896
vt 0.631322 0.160058
vt 0.293084 0.140373
vt 0.289798 0.138528
vt 0.285753 0.134988
vt 0.287432 0.138228
vt 0.281727 0.144854
vt 0.286626 0.166477
vt 0.285703 0.146566
vt 0.281055 0.150999
vt 0.280833 0.143312
vt 0.283240 0.157977
vt 0.248209 0.142846
vt 0.281545 0.156234
vt 0.298848 0.154731
vt 0.299927 0.160333
vt 0.296969 0.162964
vt 0.297437 0.171821
vt 0.292854 0.169369
vt 0.277659 0.151897
vt 0.278791 0.160438
vt 0.276083 0.159341
vt 0.279016 0.166598
vt 0.275541 0.168205
vt 0.278338 0.178538
vt 0.282877 0.192053
vt 0.275065 0.177595
vt 0.284312 0.131749
vt 0.280187 0.137690
vt 0.280936 0.138072
vt 0.639243 0.141833
vt 0.638902 0.152312
vt 0.277690 0.144953
vt 0.276692 0.144450
vt 0.273941 0.155127
vt 0.272472 0.155760
vt 0.630632 0.167238
vt 0.624913 0.173853
vt 0.295071 0.176290
vt 0.633816 0.154631
vt 0.637078 0.156779
vt 0.638621 0.157581
vt 0.639806 0.164215
vt 0.641962 0.167576
vt 0.633786 0.167374
vt 0.633282 0.168771
vt 0.631428 0.175161
vt 0.635949 0.173645
vt 0.637731 0.177757
vt 0.633196 0.177473
vt 0.639267 0.178558
vt 0.643397 0.177531
vt 0.640987 0.170112
vt 0.644264 0.173736
vt 0.679090 0.182012
vt 0.661145 0.185145
vt 0.272611 0.172104
vt 0.270125 0.171194
vt 0.269546 0.174564
vt 0.270296 0.168195
vt 0.268344 0.173329
vt 0.642945 0.182679
vt 0.649248 0.179246
vt 0.406879 0.160699
vt 0.412285 0.168903
vt 0.428276 0.156507
vt 0.413825 0.178306
vt 0.429157 0.162439
vt 0.535121 0.125197
vt 0.531572 0.133077
vt 0.521371 0.130549
vt 0.525294 0.136565
vt 0.526808 0.141181
vt 0.522181 0.147035
vt 0.416721 0.176410
vt 0.416549 0.184865
vt 0.413383 0.183345
vt 0.422918 0.180548
vt 0.416233 0.193625
vt 0.413423 0.199574
vt 0.425300 0.190200
vt 0.406350 0.212121
vt 0.526645 0.154872
vt 0.523641 0.150623
vt 0.523779 0.157987
vt 0.530824 0.170958
vt 0.540781 0.175127
vt 0.386581 0.221859
vt 0.559636 0.193642
vt 0.427150 0.197184
vt 0.410063 0.213976
vt 0.415415 0.204727
vt 0.526700 0.165600
vt 0.529109 0.173919
vt 0.535808 0.181369
vt 0.412747 0.214341
vt 0.422351 0.212161
vt 0.397654 0.222052
vt 0.401781 0.223471
vt 0.409876 0.229857
vt 0.533229 0.181351
vt 0.543039 0.188593
vt 0.538834 0.188671
vt 0.535462 0.188679
vt 0.549028 0.192779
vt 0.388627 0.225787
vt 0.377891 0.227413
vt 0.385462 0.228841
vt 0.392950 0.226796
vt 0.543039 0.192368
vt 0.538064 0.192603
vt 0.386383 0.251398
vt 0.365954 0.226577
vt 0.349152 0.219073
vt 0.354729 0.223649
vt 0.363525 0.228390
vt 0.373062 0.229559
vt 0.361017 0.248264
vt 0.356186 0.227708
vt 0.356927 0.235480
vt 0.549770 0.197660
vt 0.540740 0.201803
vt 0.555256 0.195864
vt 0.557167 0.198840
vt 0.562288 0.196413
vt 0.380208 0.252436
vt 0.367964 0.251935
vt 0.330952 0.173954
vt 0.327781 0.173759
vt 0.327195 0.183559
vt 0.325699 0.181138
vt 0.329374 0.191242
vt 0.594700 0.159736
vt 0.597077 0.164402
vt 0.593425 0.169597
vt 0.594439 0.171896
vt 0.310763 0.183427
vt 0.601955 0.165327
vt 0.598032 0.169872
vt 0.604335 0.171907
vt 0.595603 0.174950
vt 0.598865 0.176859
vt 0.618783 0.189821
vt 0.334179 0.200551
vt 0.584974 0.185958
vt 0.592046 0.177753
vt 0.582427 0.190304
vt 0.579521 0.190450
vt 0.326818 0.191207
vt 0.312420 0.193328
vt 0.327415 0.198016
vt 0.330500 0.199062
vt 0.331256 0.205592
vt 0.594773 0.181569
vt 0.589979 0.184696
vt 0.593361 0.187587
vt 0.584791 0.191058
vt 0.589021 0.194223
vt 0.307851 0.200104
vt 0.318953 0.209965
vt 0.309895 0.211019
vt 0.623486 0.181316
vt 0.600786 0.206791
vt 0.609267 0.202609
vt 0.293284 0.190987
vt 0.290866 0.188758
vt 0.295600 0.188480
vt 0.297334 0.199185
vt 0.627522 0.187401
vt 0.643517 0.185675
vt 0.626309 0.195610
vt 0.623194 0.196048
vt 0.618264 0.196068
vt 0.647916 0.186906
vt 0.650494 0.190989
vt 0.270536 0.179263
vt 0.277309 0.188753
vt 0.275248 0.191098
vt 0.271336 0.189197
vt 0.652509 0.189394
vt 0.651018 0.189083
vt 0.658269 0.189741
vt 0.651860 0.187144
vt 0.656499 0.184430
vt 0.661445 0.186301
vt 0.647909 0.201183
vt 0.640754 0.206195
vt 0.279479 0.199206
vt 0.275307 0.201184
vt 0.649423 0.181061
vt 0.297217 0.208217
vt 0.296119 0.211681
vt 0.301045 0.212711
vt 0.616274 0.203748
vt 0.614995 0.209176
vt 0.609175 0.208565
vt 0.303862 0.222238
vt 0.292453 0.222335
vt 0.278776 0.205960
vt 0.274412 0.204331
vt 0.274827 0.211933
vt 0.282910 0.210788
vt 0.290442 0.228165
vt 0.277724 0.214994
vt 0.281414 0.215382
vt 0.275220 0.225096
vt 0.339899 0.216734
vt 0.335843 0.211548
vt 0.343205 0.217365
vt 0.344718 0.221635
vt 0.334016 0.205652
vt 0.323757 0.220704
vt 0.352750 0.224950
vt 0.578711 0.193985
vt 0.570218 0.194616
vt 0.575319 0.199442
vt 0.581656 0.197208
vt 0.566814 0.201204
vt 0.570006 0.197161
vt 0.576682 0.212329
vt 0.332670 0.226305
vt 0.586546 0.210533
vt 0.315282 0.233921
vt 0.324742 0.237652
vt 0.593030 0.210258
vt 0.345891 0.234658
vt 0.573431 0.220889
vt 0.348166 0.240299
vt 0.352014 0.249033
vt 0.343620 0.245633
vt 0.333153 0.241720
vt 0.321962 0.242439
vt 0.307583 0.223624
vt 0.307945 0.234311
vt 0.310097 0.233017
vt 0.316233 0.239247
vt 0.307487 0.248034
vt 0.295359 0.238454
vt 0.285638 0.224417
vt 0.280150 0.226649
vt 0.284921 0.237017
vt 0.282487 0.227531
vt 0.288240 0.229953
vt 0.289400 0.237446
vt 0.286509 0.236010
vt 0.293582 0.240310
vt 0.303820 0.250174
vt 0.301024 0.250357
vt 0.294063 0.245977
vt 0.221986 0.198385
vt 0.219934 0.197488
vt 0.221256 0.196024
vt 0.222340 0.207337
vt 0.202870 0.201057
vt 0.210199 0.198378
vt 0.218743 0.192582
vt 0.205959 0.193992
vt 0.225079 0.196313
vt 0.227047 0.204546
vt 0.219079 0.190370
vt 0.214823 0.191815
vt 0.208589 0.182168
vt 0.198097 0.193914
vt 0.223326 0.207246
vt 0.224826 0.211108
vt 0.222589 0.209524
vt 0.213383 0.208636
vt 0.216041 0.209590
vt 0.217899 0.209764
vt 0.216276 0.210976
vt 0.217480 0.211290
vt 0.083897 0.526140
vt 0.082778 0.527745
vt 0.217438 0.181338
vt 0.215277 0.180046
vt 0.212386 0.180585
vt 0.225263 0.214671
vt 0.223011 0.214851
vt 0.223467 0.211819
vt 0.216302 0.174395
vt 0.216845 0.172192
vt 0.215838 0.172947
vt 0.213665 0.174274
vt 0.210894 0.176347
vt 0.082416 0.529544
vt 0.198665 0.200510
vt 0.189920 0.196461
vt 0.223877 0.217640
vt 0.221868 0.215448
vt 0.224948 0.222550
vt 0.221655 0.221405
vt 0.223835 0.221818
vt 0.217083 0.168785
vt 0.220271 0.223352
vt 0.220448 0.225576
vt 0.217229 0.228378
vt 0.218498 0.226171
vt 0.219556 0.227713
vt 0.113816 0.501676
vt 0.119496 0.501602
vt 0.224574 0.228725
vt 0.222299 0.238054
vt 0.218665 0.217417
vt 0.218488 0.214567
vt 0.214418 0.213594
vt 0.216470 0.214380
vt 0.217990 0.212261
vt 0.219468 0.211031
vt 0.192240 0.222658
vt 0.209110 0.176336
vt 0.207314 0.168492
vt 0.217939 0.223398
vt 0.219120 0.226503
vt 0.213144 0.239651
vt 0.204765 0.255246
vt 0.199391 0.252696
vt 0.198601 0.248471
vt 0.205597 0.250173
vt 0.206107 0.264652
vt 0.195660 0.251405
vt 0.208925 0.264181
vt 0.211557 0.259335
vt 0.210346 0.254561
vt 0.206098 0.249223
vt 0.173071 0.126323
vt 0.198386 0.128116
vt 0.191369 0.145896
vt 0.190733 0.242062
vt 0.191715 0.239314
vt 0.186517 0.239841
vt 0.176617 0.232632
vt 0.181964 0.234123
vt 0.182152 0.229781
vt 0.192264 0.236571
vt 0.184078 0.229375
vt 0.183270 0.241611
vt 0.200315 0.244336
vt 0.197047 0.241619
vt 0.202454 0.243832
vt 0.196318 0.232181
vt 0.205080 0.239931
vt 0.199675 0.237514
vt 0.199391 0.239870
vt 0.197966 0.235161
vt 0.193312 0.232633
vt 0.193308 0.230997
vt 0.201024 0.238714
vt 0.202929 0.240813
vt 0.187839 0.148036
vt 0.202965 0.239089
vt 0.203551 0.239792
vt 0.181671 0.147945
vt 0.185050 0.148751
vt 0.189832 0.150466
vt 0.176626 0.154578
vt 0.174462 0.148383
vt 0.173504 0.150954
vt 0.200661 0.236927
vt 0.181172 0.149333
vt 0.173163 0.152233
vt 0.180282 0.156563
vt 0.173658 0.157782
vt 0.176686 0.203987
vt 0.180928 0.202804
vt 0.179487 0.204520
vt 0.171550 0.204935
vt 0.174211 0.226308
vt 0.167114 0.223547
vt 0.154539 0.220117
vt 0.165511 0.219504
vt 0.173330 0.220780
vt 0.180949 0.250323
vt 0.159664 0.235747
vt 0.152105 0.222564
vt 0.145732 0.216900
vt 0.156138 0.218559
vt 0.150886 0.215064
vt 0.166497 0.206136
vt 0.164736 0.208806
vt 0.164032 0.213868
vt 0.173233 0.216590
vt 0.166345 0.211615
vt 0.155819 0.213694
vt 0.161429 0.207254
vt 0.160416 0.207487
vt 0.155638 0.209373
vt 0.151080 0.209240
vt 0.154467 0.207750
vt 0.155001 0.205111
vt 0.151442 0.202953
vt 0.142149 0.201533
vt 0.188017 0.202051
vt 0.178724 0.196702
vt 0.179331 0.176338
vt 0.180530 0.197663
vt 0.172821 0.197566
vt 0.176961 0.198657
vt 0.167668 0.196885
vt 0.187024 0.226585
vt 0.181623 0.222390
vt 0.181673 0.221717
vt 0.172017 0.214578
vt 0.158226 0.173693
vt 0.175329 0.159797
vt 0.164982 0.194929
vt 0.161815 0.196670
vt 0.160328 0.204414
vt 0.157537 0.195319
vt 0.154678 0.192732
vt 0.151207 0.198836
vt 0.151929 0.194926
vt 0.146755 0.177954
vt 0.692804 0.154075
vt 0.688790 0.158319
vt 0.248471 0.140122
vt 0.689116 0.164747
vt 0.687766 0.165432
vt 0.692214 0.170881
vt 0.248798 0.160015
vt 0.687986 0.170783
vt 0.245940 0.151820
vt 0.686889 0.175629
vt 0.246469 0.157091
vt 0.683657 0.179641
vt 0.682091 0.185915
vt 0.681078 0.181675
vt 0.252045 0.167133
vt 0.685571 0.175010
vt 0.676573 0.184610
vt 0.671664 0.185308
vt 0.668970 0.186970
vt 0.673155 0.186180
vt 0.664719 0.190965
vt 0.666275 0.186580
vt 0.215274 0.167926
vt 0.215696 0.166361
vt 0.226682 0.237929
vt 0.227186 0.235245
vt 0.211607 0.149427
vt 0.212503 0.152132
vt 0.226389 0.229509
vt 0.214697 0.160510
vt 0.116752 0.499588
vt 0.113194 0.500301
vt 0.207138 0.161983
vt 0.213101 0.159106
vt 0.212400 0.155182
vt 0.197799 0.154330
vt 0.210384 0.151172
vt 0.209543 0.167131
vt 0.208221 0.165532
vt 0.220102 0.239705
vt 0.195617 0.149319
vt 0.204547 0.151542
vt 0.216063 0.269815
vt 0.216135 0.265399
vt 0.189898 0.155166
vt 0.182724 0.157935
vt 0.135480 0.214446
vt 0.142273 0.209724
vt 0.135504 0.217347
vt 0.126485 0.220274
vt 0.128546 0.217098
vt 0.134380 0.209837
vt 0.124423 0.215317
vt 0.127315 0.210205
vt 0.120887 0.210703
vt 0.143004 0.207426
vt 0.135613 0.198223
vt 0.123553 0.208527
vt 0.131707 0.202525
vt 0.134832 0.194335
vt 0.137839 0.192628
vt 0.205311 0.270447
vt 0.213337 0.283239
vt 0.213678 0.293400
vt 0.195227 0.303764
vt 0.192870 0.299124
vt 0.194377 0.295695
vt 0.200203 0.300174
vt 0.173508 0.257995
vt 0.166213 0.253211
vt 0.165779 0.250937
vt 0.177420 0.264342
vt 0.179001 0.270751
vt 0.156616 0.248746
vt 0.189296 0.266785
vt 0.188182 0.270635
vt 0.180923 0.259638
vt 0.186834 0.278217
vt 0.180992 0.266271
vt 0.189795 0.280360
vt 0.214390 0.280576
vt 0.201035 0.280174
vt 0.200839 0.290400
vt 0.195917 0.278405
vt 0.193059 0.279793
vt 0.179309 0.254439
vt 0.173247 0.248144
vt 0.172872 0.251355
vt 0.167751 0.151960
vt 0.160861 0.150344
vt 0.163261 0.137484
vt 0.158354 0.137617
vt 0.161240 0.131991
vt 0.159951 0.143133
vt 0.167786 0.131904
vt 0.167237 0.128978
vt 0.164725 0.138515
vt 0.162524 0.143305
vt 0.191878 0.288797
vt 0.197499 0.289740
vt 0.160075 0.111838
vt 0.163616 0.100633
vt 0.164480 0.113207
vt 0.165002 0.125648
vt 0.164492 0.121978
vt 0.171021 0.120000
vt 0.161246 0.123136
vt 0.156874 0.131634
vt 0.158271 0.133292
vt 0.147594 0.139140
vt 0.148024 0.094907
vt 0.127432 0.143917
vt 0.163313 0.244574
vt 0.161071 0.240197
vt 0.154121 0.239915
vt 0.153608 0.244419
vt 0.142551 0.240681
vt 0.134734 0.241266
vt 0.145083 0.237317
vt 0.135234 0.234675
vt 0.131248 0.238338
vt 0.147013 0.235099
vt 0.132317 0.231629
vt 0.136376 0.229202
vt 0.126616 0.157991
vt 0.140709 0.150223
vt 0.130306 0.158610
vt 0.125794 0.153143
vt 0.130756 0.160909
vt 0.122630 0.162642
vt 0.129113 0.165291
vt 0.113710 0.294991
vt 0.158696 0.161444
vt 0.152432 0.165857
vt 0.153748 0.163703
vt 0.153425 0.144324
vt 0.149545 0.145128
vt 0.154529 0.149700
vt 0.145912 0.151318
vt 0.141258 0.152842
vt 0.143034 0.161981
vt 0.148363 0.155358
vt 0.153258 0.153760
vt 0.167885 0.154015
vt 0.163542 0.157119
vt 0.165567 0.158453
vt 0.169368 0.160950
vt 0.158445 0.170163
vt 0.163703 0.166307
vt 0.170206 0.161765
vt 0.157564 0.172258
vt 0.142813 0.167605
vt 0.145840 0.168057
vt 0.152442 0.172729
vt 0.145720 0.174234
vt 0.138675 0.156801
vt 0.141567 0.160936
vt 0.139460 0.160608
vt 0.134625 0.169262
vt 0.136240 0.166185
vt 0.131885 0.165953
vt 0.126988 0.176383
vt 0.149929 0.175770
vt 0.140804 0.176991
vt 0.134323 0.178733
vt 0.148969 0.142862
vt 0.109475 0.112795
vt 0.190475 0.331464
vt 0.073371 0.130391
vt 0.125188 0.347913
vt 0.134466 0.060579
vt 0.063316 0.078393
vt 0.050634 0.319482
vt 0.068127 0.359016
vt 0.216615 0.279785
vt 0.221564 0.279521
vt 0.202525 0.116663
vt 0.204218 0.107717
vt 0.218136 0.292043
vt 0.221575 0.294396
vt 0.219928 0.304465
vt 0.217391 0.301077
vt 0.205807 0.105061
vt 0.205934 0.098483
vt 0.205032 0.091179
vt 0.177883 0.094964
vt 0.176871 0.110533
vt 0.221610 0.307168
vt 0.207201 0.088333
vt 0.207568 0.076423
vt 0.204325 0.081702
vt 0.220396 0.317770
vt 0.218087 0.318723
vt 0.215175 0.319215
vt 0.218680 0.326626
vt 0.202998 0.307151
vt 0.207153 0.318390
vt 0.202988 0.317363
vt 0.200459 0.311374
vt 0.195740 0.313100
vt 0.202944 0.084768
vt 0.202365 0.070452
vt 0.201508 0.073897
vt 0.195451 0.061303
vt 0.213517 0.337551
vt 0.213716 0.344299
vt 0.201986 0.359848
vt 0.199087 0.325629
vt 0.194117 0.323997
vt 0.193129 0.331664
vt 0.201685 0.327386
vt 0.197936 0.342465
vt 0.197172 0.335125
vt 0.162373 0.077991
vt 0.164762 0.078359
vt 0.166583 0.084726
vt 0.167168 0.073380
vt 0.171138 0.085494
vt 0.191124 0.363376
vt 0.193411 0.344510
vt 0.189526 0.340979
vt 0.162438 0.083904
vt 0.157644 0.074255
vt 0.156560 0.067640
vt 0.159107 0.067368
vt 0.163077 0.063824
vt 0.185560 0.347864
vt 0.189501 0.350011
vt 0.154740 0.061304
vt 0.144978 0.057542
vt 0.148361 0.057543
vt 0.203116 0.061868
vt 0.197605 0.059036
vt 0.199002 0.066056
vt 0.199177 0.051072
vt 0.195421 0.057581
vt 0.192513 0.050017
vt 0.174217 0.080298
vt 0.167613 0.066184
vt 0.168775 0.072790
vt 0.172338 0.081460
vt 0.206052 0.357381
vt 0.194171 0.040120
vt 0.190414 0.044440
vt 0.191534 0.353187
vt 0.188049 0.043915
vt 0.175231 0.031849
vt 0.187543 0.034087
vt 0.185427 0.037832
vt 0.179721 0.033092
vt 0.178084 0.029219
vt 0.160395 0.052909
vt 0.157423 0.056981
vt 0.157054 0.053165
vt 0.168215 0.110900
vt 0.172540 0.112127
vt 0.174110 0.112389
vt 0.172369 0.121922
vt 0.166643 0.102913
vt 0.169028 0.104384
vt 0.173140 0.103439
vt 0.175068 0.103252
vt 0.168824 0.095214
vt 0.174493 0.090947
vt 0.166519 0.094823
vt 0.172753 0.094048
vt 0.156658 0.078428
vt 0.178174 0.355162
vt 0.181110 0.356047
vt 0.184887 0.358672
vt 0.149832 0.055271
vt 0.173733 0.362811
vt 0.142958 0.052039
vt 0.160829 0.370644
vt 0.169209 0.367959
vt 0.162492 0.372591
vt 0.154340 0.375618
vt 0.193307 0.374761
vt 0.201250 0.368095
vt 0.185745 0.363337
vt 0.179463 0.365208
vt 0.180423 0.383204
vt 0.169915 0.376279
vt 0.194968 0.376011
vt 0.199762 0.374658
vt 0.195125 0.380212
vt 0.170260 0.023099
vt 0.185945 0.384339
vt 0.188498 0.390046
vt 0.151229 0.050925
vt 0.145154 0.050457
vt 0.138175 0.046177
vt 0.143616 0.045508
vt 0.147362 0.045443
vt 0.140278 0.040531
vt 0.145130 0.040311
vt 0.177447 0.387402
vt 0.186399 0.386773
vt 0.177111 0.391177
vt 0.177534 0.394356
vt 0.168425 0.394426
vt 0.169975 0.372657
vt 0.159304 0.380235
vt 0.158195 0.386115
vt 0.153568 0.384714
vt 0.151414 0.378560
vt 0.145180 0.010419
vt 0.127240 0.019361
vt 0.127676 0.031209
vt 0.142400 0.380091
vt 0.168653 0.397040
vt 0.159463 0.399643
vt 0.168388 0.401165
vt 0.159624 0.401701
vt 0.145907 0.385566
vt 0.140694 0.383115
vt 0.138565 0.391161
vt 0.137663 0.011789
vt 0.121426 0.019154
vt 0.153585 0.398922
vt 0.156698 0.406889
vt 0.148044 0.405618
vt 0.144828 0.404161
vt 0.133470 0.404911
vt 0.135085 0.407289
vt 0.142867 0.408238
vt 0.132379 0.410180
vt 0.134408 0.412574
vt 0.163747 0.019420
vt 0.179972 0.396712
vt 0.176428 0.398899
vt 0.185890 0.416305
vt 0.187351 0.421047
vt 0.186342 0.422023
vt 0.190312 0.415763
vt 0.194626 0.421807
vt 0.195034 0.429890
vt 0.188039 0.426276
vt 0.186648 0.436523
vt 0.186538 0.432623
vt 0.188193 0.431826
vt 0.184579 0.439289
vt 0.179496 0.443627
vt 0.157719 0.435200
vt 0.170769 0.469147
vt 0.165205 0.473151
vt 0.191788 0.442717
vt 0.194231 0.436855
vt 0.177938 0.454494
vt 0.153641 0.443445
vt 0.184354 0.442255
vt 0.182625 0.444704
vt 0.180387 0.445126
vt 0.190011 0.447709
vt 0.174521 0.443049
vt 0.176297 0.451097
vt 0.161588 0.445329
vt 0.173291 0.450684
vt 0.171962 0.403397
vt 0.172749 0.405424
vt 0.168776 0.404549
vt 0.171132 0.405627
vt 0.171723 0.405902
vt 0.171776 0.405512
vt 0.138361 0.478428
vt 0.136416 0.500695
vt 0.138406 0.501166
vt 0.141797 0.479815
vt 0.139334 0.480887
vt 0.144229 0.475196
vt 0.135574 0.502454
vt 0.136343 0.481749
vt 0.134560 0.484475
vt 0.174898 0.415172
vt 0.180663 0.409990
vt 0.129065 0.423544
vt 0.185608 0.411764
vt 0.179454 0.407473
vt 0.154867 0.476271
vt 0.161560 0.474850
vt 0.123716 0.465716
vt 0.127377 0.463210
vt 0.142864 0.008571
vt 0.143596 0.008711
vt 0.141377 0.008219
vt 0.165339 0.406796
vt 0.167316 0.408997
vt 0.165247 0.407702
vt 0.166521 0.409931
vt 0.136141 0.008864
vt 0.134069 0.475772
vt 0.133889 0.476549
vt 0.129402 0.474114
vt 0.128270 0.477237
vt 0.132707 0.478636
vt 0.129534 0.013213
vt 0.129637 0.012096
vt 0.137018 0.478386
vt 0.137609 0.478244
vt 0.136153 0.476849
vt 0.138651 0.474087
vt 0.121902 0.467890
vt 0.133689 0.482408
vt 0.119952 0.474571
vt 0.124678 0.473953
vt 0.125907 0.472819
vt 0.120430 0.471695
vt 0.125800 0.014783
vt 0.163095 0.407167
vt 0.163012 0.408338
vt 0.157919 0.409417
vt 0.151293 0.412582
vt 0.151885 0.411435
vt 0.132824 0.482840
vt 0.117574 0.474168
vt 0.115697 0.473776
vt 0.146665 0.431668
vt 0.129324 0.433114
vt 0.146053 0.410445
vt 0.144043 0.413634
vt 0.136219 0.414966
vt 0.136104 0.416757
vt 0.129031 0.048804
vt 0.123763 0.043993
vt 0.111313 0.045411
vt 0.132572 0.046441
vt 0.131991 0.042312
vt 0.130472 0.043235
vt 0.133508 0.037986
vt 0.120168 0.040161
vt 0.124423 0.039431
vt 0.114088 0.040274
vt 0.122335 0.033900
vt 0.115159 0.037174
vt 0.128423 0.033911
vt 0.115148 0.030410
vt 0.129024 0.381819
vt 0.084587 0.048355
vt 0.099317 0.041173
vt 0.104832 0.380168
vt 0.084953 0.044459
vt 0.093307 0.039270
vt 0.129582 0.383956
vt 0.116061 0.384094
vt 0.078532 0.042948
vt 0.107451 0.387155
vt 0.122526 0.389175
vt 0.104700 0.382654
vt 0.092589 0.375807
vt 0.094378 0.379208
vt 0.096913 0.384416
vt 0.105018 0.037933
vt 0.106025 0.035289
vt 0.113746 0.032028
vt 0.105527 0.030960
vt 0.136395 0.388228
vt 0.107002 0.025113
vt 0.117228 0.470251
vt 0.114137 0.472214
vt 0.108197 0.028359
vt 0.114787 0.019921
vt 0.114020 0.470885
vt 0.112559 0.472521
vt 0.109318 0.467197
vt 0.110103 0.468545
vt 0.107163 0.469778
vt 0.102090 0.027766
vt 0.108096 0.022736
vt 0.102637 0.025410
vt 0.097339 0.465675
vt 0.102611 0.465168
vt 0.103077 0.460622
vt 0.095588 0.458271
vt 0.095517 0.462732
vt 0.095951 0.036574
vt 0.096582 0.031558
vt 0.089920 0.029758
vt 0.090340 0.456785
vt 0.098066 0.027524
vt 0.092345 0.463029
vt 0.087981 0.460788
vt 0.086506 0.452512
vt 0.085684 0.454858
vt 0.086711 0.453878
vt 0.081294 0.453972
vt 0.084177 0.453255
vt 0.118376 0.391420
vt 0.122482 0.394082
vt 0.113802 0.404004
vt 0.092359 0.389807
vt 0.122608 0.407053
vt 0.122235 0.410254
vt 0.123634 0.413288
vt 0.084433 0.038932
vt 0.083745 0.033981
vt 0.079680 0.454951
vt 0.078390 0.451557
vt 0.101446 0.388804
vt 0.081116 0.450125
vt 0.057953 0.068835
vt 0.071867 0.051653
vt 0.071336 0.048771
vt 0.076861 0.042029
vt 0.069122 0.046760
vt 0.063844 0.054131
vt 0.063507 0.051787
vt 0.064805 0.044089
vt 0.059603 0.062650
vt 0.053318 0.068496
vt 0.058008 0.059367
vt 0.053062 0.063241
vt 0.049893 0.071015
vt 0.076075 0.368389
vt 0.057361 0.056163
vt 0.058109 0.050707
vt 0.060727 0.045447
vt 0.052882 0.055181
vt 0.051010 0.053797
vt 0.047422 0.063142
vt 0.044178 0.065625
vt 0.083801 0.448170
vt 0.078118 0.036456
vt 0.071428 0.039777
vt 0.071922 0.036715
vt 0.076897 0.451948
vt 0.075553 0.444976
vt 0.066643 0.445849
vt 0.074293 0.441613
vt 0.071512 0.440077
vt 0.049222 0.432921
vt 0.071904 0.439135
vt 0.067254 0.437202
vt 0.037806 0.428355
vt 0.082387 0.441307
vt 0.078067 0.443699
vt 0.085408 0.447261
vt 0.083126 0.440042
vt 0.083170 0.436682
vt 0.079105 0.437304
vt 0.075858 0.434151
vt 0.079178 0.435326
vt 0.074212 0.431072
vt 0.073475 0.428929
vt 0.072636 0.432245
vt 0.063988 0.428530
vt 0.051971 0.423352
vt 0.046612 0.056652
vt 0.041771 0.422060
vt 0.127363 0.415702
vt 0.122276 0.416798
vt 0.107976 0.426412
vt 0.095448 0.220251
vt 0.109771 0.218901
vt 0.102733 0.222129
vt 0.104488 0.217858
vt 0.084211 0.224402
vt 0.074688 0.230732
vt 0.088692 0.219955
vt 0.075652 0.226135
vt 0.065829 0.232806
vt 0.070186 0.227338
vt 0.057470 0.243079
vt 0.123170 0.233589
vt 0.111811 0.229087
vt 0.117438 0.231931
vt 0.108513 0.204314
vt 0.122857 0.202465
vt 0.119252 0.199670
vt 0.127287 0.195402
vt 0.114994 0.216459
vt 0.112297 0.211266
vt 0.106315 0.215881
vt 0.107729 0.211025
vt 0.104256 0.212136
vt 0.097661 0.210340
vt 0.096460 0.207067
vt 0.100317 0.202936
vt 0.107692 0.197062
vt 0.098702 0.205557
vt 0.093773 0.203128
vt 0.097499 0.199719
vt 0.096333 0.197989
vt 0.119438 0.240589
vt 0.119479 0.238390
vt 0.110834 0.235277
vt 0.104972 0.240220
vt 0.098979 0.244023
vt 0.120270 0.167153
vt 0.115700 0.162280
vt 0.110728 0.158932
vt 0.114850 0.164279
vt 0.111416 0.168070
vt 0.114907 0.170247
vt 0.109045 0.161302
vt 0.107494 0.163823
vt 0.097922 0.163662
vt 0.100098 0.162057
vt 0.101210 0.168555
vt 0.098198 0.171504
vt 0.105879 0.233130
vt 0.099369 0.236770
vt 0.087636 0.237103
vt 0.091151 0.244194
vt 0.095978 0.169437
vt 0.091267 0.167075
vt 0.122715 0.193913
vt 0.112706 0.188987
vt 0.125008 0.169837
vt 0.119545 0.178914
vt 0.130615 0.177308
vt 0.114404 0.195041
vt 0.112690 0.176351
vt 0.108722 0.178563
vt 0.094604 0.180246
vt 0.092393 0.178223
vt 0.098515 0.216950
vt 0.093821 0.212896
vt 0.090176 0.215483
vt 0.086588 0.212977
vt 0.091478 0.210905
vt 0.090371 0.208527
vt 0.080762 0.220297
vt 0.083161 0.214872
vt 0.082092 0.211776
vt 0.088789 0.229844
vt 0.069602 0.222230
vt 0.079049 0.213938
vt 0.075009 0.216917
vt 0.072872 0.217037
vt 0.074604 0.213291
vt 0.086746 0.201575
vt 0.071272 0.205549
vt 0.070112 0.204619
vt 0.075893 0.181725
vt 0.064812 0.213691
vt 0.062547 0.214925
vt 0.066155 0.220432
vt 0.086738 0.152797
vt 0.098194 0.159702
vt 0.087354 0.240842
vt 0.072208 0.259108
vt 0.079424 0.250870
vt 0.089283 0.159773
vt 0.088261 0.156909
vt 0.087950 0.161750
vt 0.088866 0.171714
vt 0.086760 0.167855
vt 0.081395 0.172378
vt 0.083840 0.171565
vt 0.082737 0.164748
vt 0.078930 0.167248
vt 0.077206 0.172237
vt 0.079705 0.156147
vt 0.077464 0.157621
vt 0.072809 0.150387
vt 0.074273 0.161318
vt 0.074395 0.163852
vt 0.070711 0.154688
vt 0.060246 0.272155
vt 0.068859 0.150405
vt 0.067265 0.157477
vt 0.063135 0.137642
vt 0.060689 0.142227
vt 0.062875 0.148299
vt 0.083276 0.180227
vt 0.075585 0.247089
vt 0.073016 0.244910
vt 0.052277 0.263171
vt 0.069774 0.171548
vt 0.058753 0.157123
vt 0.063034 0.172862
vt 0.065526 0.180556
vt 0.049591 0.170163
vt 0.058772 0.230043
vt 0.061120 0.232981
vt 0.065304 0.222171
vt 0.057805 0.227128
vt 0.052834 0.213924
vt 0.049254 0.214891
vt 0.038644 0.221968
vt 0.051849 0.207056
vt 0.055750 0.240763
vt 0.054844 0.233720
vt 0.055417 0.227565
vt 0.047982 0.234722
vt 0.064790 0.181934
vt 0.054957 0.206221
vt 0.041832 0.203987
vt 0.044090 0.184140
vt 0.072482 0.255792
vt 0.066649 0.255591
vt 0.065555 0.253301
vt 0.063234 0.264754
vt 0.057904 0.265078
vt 0.058119 0.260705
vt 0.063323 0.156832
vt 0.050855 0.173539
vt 0.061803 0.152872
vt 0.056351 0.148401
vt 0.056745 0.142264
vt 0.052297 0.240248
vt 0.047086 0.252754
vt 0.047066 0.247998
vt 0.042264 0.241812
vt 0.039420 0.232903
vt 0.041280 0.257725
vt 0.044554 0.246648
vt 0.036431 0.249951
vt 0.045158 0.174327
vt 0.051703 0.180420
vt 0.044576 0.181711
vt 0.042728 0.237717
vt 0.043661 0.238132
vt 0.042122 0.175683
vt 0.041695 0.174882
vt 0.038558 0.176980
vt 0.038421 0.234323
vt 0.043312 0.183417
vt 0.030911 0.236422
vt 0.038250 0.188909
vt 0.029901 0.138555
vt 0.035052 0.250603
vt 0.029227 0.160527
vt 0.052500 0.182056
vt 0.056537 0.151097
vt 0.043283 0.138855
vt 0.042278 0.215848
vt 0.044811 0.213789
vt 0.047248 0.207020
vt 0.043431 0.206350
vt 0.041000 0.213495
vt 0.039209 0.218298
vt 0.031134 0.216684
vt 0.037129 0.220589
vt 0.036605 0.224711
vt 0.030210 0.222120
vt 0.037384 0.198561
vt 0.036708 0.193959
vt 0.037546 0.230358
vt 0.036964 0.227511
vt 0.030116 0.231082
vt 0.030021 0.226584
vt 0.053280 0.128708
vt 0.056550 0.138280
vt 0.052284 0.131713
vt 0.049857 0.110354
vt 0.051420 0.134440
vt 0.047417 0.123824
vt 0.046781 0.114652
vt 0.046622 0.105608
vt 0.045576 0.124914
vt 0.043368 0.115229
vt 0.051258 0.297590
vt 0.041105 0.122631
vt 0.038766 0.118139
vt 0.043688 0.109108
vt 0.041078 0.107154
vt 0.038089 0.109820
vt 0.035523 0.107703
vt 0.034717 0.114451
vt 0.056982 0.272974
vt 0.049826 0.275052
vt 0.052789 0.281471
vt 0.051483 0.275628
vt 0.047046 0.284715
vt 0.039026 0.268634
vt 0.036096 0.268902
vt 0.040491 0.254012
vt 0.035722 0.265220
vt 0.030172 0.259378
vt 0.035858 0.260825
vt 0.030704 0.269776
vt 0.031751 0.255585
vt 0.028406 0.259593
vt 0.016212 0.141276
vt 0.050028 0.288756
vt 0.040689 0.289331
vt 0.043740 0.288652
vt 0.047734 0.295988
vt 0.044231 0.295163
vt 0.047500 0.303135
vt 0.042059 0.306968
vt 0.041863 0.297547
vt 0.038695 0.307946
vt 0.031174 0.288009
vt 0.029451 0.275631
vt 0.030186 0.279330
vt 0.022009 0.274950
vt 0.026085 0.277532
vt 0.026098 0.295149
vt 0.026798 0.284471
vt 0.024138 0.286658
vt 0.018588 0.282574
vt 0.016886 0.293691
vt 0.049621 0.139684
vt 0.049816 0.142562
vt 0.043741 0.134999
vt 0.043949 0.131069
vt 0.040159 0.125067
vt 0.009887 0.129622
vt 0.046848 0.315124
vt 0.050509 0.087466
vt 0.048285 0.078702
vt 0.045963 0.090506
vt 0.043986 0.087616
vt 0.045551 0.079594
vt 0.041978 0.088640
vt 0.044116 0.100440
vt 0.049156 0.329946
vt 0.043137 0.319529
vt 0.041722 0.099183
vt 0.036274 0.098604
vt 0.037105 0.091251
vt 0.031710 0.092315
vt 0.034250 0.095732
vt 0.007569 0.112823
vt 0.039152 0.081752
vt 0.053950 0.334295
vt 0.066177 0.360075
vt 0.060290 0.353362
vt 0.060854 0.360880
vt 0.054921 0.343773
vt 0.053693 0.351183
vt 0.048822 0.341368
vt 0.049982 0.350039
vt 0.045684 0.330858
vt 0.043965 0.333515
vt 0.039800 0.320762
vt 0.041454 0.335432
vt 0.029532 0.312488
vt 0.041372 0.355656
vt 0.050613 0.355291
vt 0.032263 0.346826
vt 0.027423 0.329750
vt 0.031665 0.335425
vt 0.025007 0.308080
vt 0.024507 0.295578
vt 0.022105 0.296983
vt 0.022282 0.312664
vt 0.024738 0.315031
vt 0.015898 0.308363
vt 0.015566 0.317164
vt 0.027574 0.321321
vt 0.023886 0.322759
vt 0.017455 0.321131
vt 0.026407 0.334149
vt 0.021774 0.332613
vt 0.019644 0.331462
vt 0.018051 0.342775
vt 0.018226 0.329298
vt 0.028725 0.341764
vt 0.027216 0.344154
vt 0.021048 0.342564
vt 0.043779 0.078283
vt 0.035326 0.086779
vt 0.038653 0.076723
vt 0.048219 0.070212
vt 0.043167 0.072302
vt 0.039118 0.070356
vt 0.013523 0.064739
vt 0.088071 0.383767
vt 0.112720 0.407687
vt 0.115164 0.412523
vt 0.106973 0.410173
vt 0.109549 0.415176
vt 0.090941 0.397579
vt 0.101845 0.404237
vt 0.094846 0.402357
vt 0.091726 0.404454
vt 0.085445 0.399916
vt 0.102404 0.413627
vt 0.099953 0.406203
vt 0.095340 0.409620
vt 0.085500 0.405872
vt 0.090419 0.410724
vt 0.106551 0.416759
vt 0.083194 0.373862
vt 0.084331 0.379352
vt 0.072118 0.372491
vt 0.068002 0.373638
vt 0.064714 0.381427
vt 0.069839 0.389655
vt 0.070327 0.369371
vt 0.061217 0.363604
vt 0.049757 0.371262
vt 0.063558 0.388116
vt 0.053290 0.377820
vt 0.054711 0.381443
vt 0.058697 0.388344
vt 0.050810 0.383236
vt 0.059466 0.395365
vt 0.073675 0.394479
vt 0.067660 0.395542
vt 0.083160 0.396442
vt 0.079237 0.399394
vt 0.078556 0.403123
vt 0.077371 0.405261
vt 0.067194 0.400204
vt 0.062678 0.401136
vt 0.094072 0.419810
vt 0.053849 0.404466
vt 0.050320 0.387556
vt 0.055836 0.393606
vt 0.047333 0.386362
vt 0.053559 0.405693
vt 0.057136 0.397245
vt 0.041575 0.390846
vt 0.042592 0.392412
vt 0.118373 0.420193
vt 0.116800 0.416070
vt 0.114116 0.418855
vt 0.254724 0.727634
vt 0.256270 0.717575
vt 0.260500 0.713385
vt 0.251830 0.729124
vt 0.263061 0.715570
vt 0.250182 0.739031
vt 0.249570 0.753754
vt 0.248314 0.742496
vt 0.620039 0.889941
vt 0.616930 0.900015
vt 0.619770 0.903071
vt 0.616439 0.896603
vt 0.304337 0.741029
vt 0.302543 0.739779
vt 0.306344 0.733241
vt 0.301185 0.743699
vt 0.330301 0.716617
vt 0.325081 0.720875
vt 0.322263 0.718938
vt 0.335655 0.718037
vt 0.315908 0.723954
vt 0.312849 0.720864
vt 0.308897 0.729053
vt 0.313845 0.728362
vt 0.303565 0.701981
vt 0.314893 0.699299
vt 0.329241 0.705532
vt 0.561968 0.850468
vt 0.561905 0.856139
vt 0.558103 0.847850
vt 0.289300 0.717730
vt 0.294064 0.737372
vt 0.279491 0.724423
vt 0.296589 0.712750
vt 0.561957 0.864184
vt 0.563648 0.869623
vt 0.560125 0.874095
vt 0.559237 0.864685
vt 0.559873 0.856984
vt 0.564703 0.862085
vt 0.569711 0.857313
vt 0.572636 0.846696
vt 0.573911 0.866445
vt 0.337859 0.713784
vt 0.342987 0.714715
vt 0.350005 0.718849
vt 0.349143 0.715449
vt 0.366760 0.723006
vt 0.355179 0.753169
vt 0.558063 0.843077
vt 0.553524 0.840706
vt 0.553849 0.845702
vt 0.301704 0.750934
vt 0.556305 0.878331
vt 0.545275 0.891368
vt 0.314872 0.786673
vt 0.515193 0.866319
vt 0.299739 0.750259
vt 0.272072 0.729236
vt 0.268506 0.738259
vt 0.266465 0.733189
vt 0.275152 0.733721
vt 0.270935 0.743605
vt 0.252914 0.756829
vt 0.263507 0.754577
vt 0.267776 0.750375
vt 0.260561 0.757100
vt 0.265457 0.762433
vt 0.282083 0.746421
vt 0.297669 0.755394
vt 0.562524 0.875617
vt 0.588109 0.877717
vt 0.583036 0.886259
vt 0.563233 0.882814
vt 0.581318 0.896718
vt 0.272908 0.753018
vt 0.289137 0.762310
vt 0.272417 0.764590
vt 0.271409 0.776902
vt 0.268071 0.761028
vt 0.251327 0.766751
vt 0.248560 0.765257
vt 0.250665 0.776128
vt 0.248639 0.775380
vt 0.260922 0.789949
vt 0.257121 0.789906
vt 0.247324 0.755553
vt 0.616216 0.915025
vt 0.613782 0.906711
vt 0.609473 0.910194
vt 0.609632 0.915295
vt 0.242298 0.772346
vt 0.244748 0.782072
vt 0.604659 0.922400
vt 0.594313 0.934147
vt 0.597549 0.933154
vt 0.284352 0.774928
vt 0.268818 0.789447
vt 0.269740 0.777851
vt 0.266417 0.774804
vt 0.272282 0.788699
vt 0.252569 0.784416
vt 0.256051 0.793774
vt 0.251801 0.790618
vt 0.263700 0.804183
vt 0.279979 0.818162
vt 0.258100 0.800220
vt 0.252378 0.803006
vt 0.259812 0.805807
vt 0.254789 0.809514
vt 0.518155 0.947945
vt 0.511379 0.965689
vt 0.259312 0.813020
vt 0.299908 0.763388
vt 0.298793 0.765810
vt 0.300042 0.770274
vt 0.303123 0.772024
vt 0.302873 0.777968
vt 0.306265 0.780279
vt 0.306903 0.784431
vt 0.291247 0.795595
vt 0.312735 0.789369
vt 0.301788 0.797579
vt 0.319598 0.792914
vt 0.557557 0.883098
vt 0.550574 0.889850
vt 0.556975 0.887967
vt 0.548828 0.894043
vt 0.556124 0.896355
vt 0.544887 0.895765
vt 0.544708 0.898701
vt 0.539293 0.899117
vt 0.548292 0.902559
vt 0.283905 0.785739
vt 0.560534 0.915022
vt 0.578700 0.905343
vt 0.530626 0.900155
vt 0.539667 0.904194
vt 0.528341 0.904426
vt 0.535932 0.913062
vt 0.554093 0.925461
vt 0.514686 0.897998
vt 0.521095 0.904801
vt 0.518039 0.901637
vt 0.513118 0.909525
vt 0.512935 0.903846
vt 0.314393 0.791856
vt 0.275958 0.787778
vt 0.571893 0.913498
vt 0.280718 0.796183
vt 0.280535 0.800416
vt 0.277503 0.800258
vt 0.287712 0.804205
vt 0.265509 0.810781
vt 0.271599 0.815441
vt 0.265087 0.815747
vt 0.265496 0.823045
vt 0.285110 0.808902
vt 0.290202 0.816770
vt 0.272279 0.819713
vt 0.309205 0.803891
vt 0.503353 0.927101
vt 0.299686 0.813882
vt 0.288053 0.809172
vt 0.280865 0.823844
vt 0.278489 0.824910
vt 0.295808 0.817740
vt 0.297943 0.816099
vt 0.304697 0.822009
vt 0.311044 0.828099
vt 0.309115 0.829902
vt 0.292688 0.832259
vt 0.038484 0.358451
vt 0.032724 0.352002
vt 0.048374 0.374659
vt 0.043519 0.368574
vt 0.039228 0.363973
vt 0.044125 0.373460
vt 0.036753 0.363399
vt 0.037730 0.370561
vt 0.042527 0.379911
vt 0.037225 0.373756
vt 0.033063 0.370937
vt 0.028402 0.361088
vt 0.032180 0.354151
vt 0.025237 0.352033
vt 0.030987 0.365288
vt 0.012671 0.063863
vt 0.011496 0.064349
vt 0.011518 0.063639
vt 0.011134 0.418843
vt 0.021478 0.415293
vt 0.015067 0.414538
vt 0.016375 0.412726
vt 0.012381 0.411029
vt 0.011728 0.408429
vt 0.033917 0.369796
vt 0.029178 0.366219
vt 0.021545 0.369571
vt 0.022767 0.366669
vt 0.019937 0.369212
vt 0.014540 0.365313
vt 0.018759 0.372295
vt 0.012542 0.368678
vt 0.010771 0.373124
vt 0.016821 0.376162
vt 0.028059 0.386236
vt 0.028341 0.387588
vt 0.022312 0.385745
vt 0.019311 0.381900
vt 0.018657 0.383789
vt 0.018005 0.376554
vt 0.017384 0.379729
vt 0.010606 0.377305
vt 0.009167 0.379952
vt 0.018542 0.392621
vt 0.029391 0.416658
vt 0.021599 0.394366
vt 0.027859 0.394798
vt 0.021677 0.393037
vt 0.270567 0.826897
vt 0.278078 0.827590
vt 0.279607 0.833207
vt 0.284435 0.830045
vt 0.286594 0.834524
vt 0.293720 0.838204
vt 0.319458 0.795295
vt 0.334165 0.797861
vt 0.326241 0.798504
vt 0.310933 0.818211
vt 0.368378 0.790554
vt 0.500184 0.886634
vt 0.510076 0.898707
vt 0.331493 0.800471
vt 0.331812 0.814345
vt 0.504662 0.898735
vt 0.504403 0.905737
vt 0.504588 0.893386
vt 0.498451 0.888710
vt 0.499459 0.894352
vt 0.498593 0.899801
vt 0.494368 0.907582
vt 0.354262 0.797107
vt 0.492833 0.859552
vt 0.493256 0.876487
vt 0.494940 0.883372
vt 0.358286 0.799161
vt 0.350184 0.800595
vt 0.340483 0.800234
vt 0.339210 0.802088
vt 0.343485 0.804262
vt 0.492569 0.889441
vt 0.494046 0.893905
vt 0.351023 0.805980
vt 0.347142 0.824322
vt 0.319218 0.825103
vt 0.309173 0.839654
vt 0.304780 0.841858
vt 0.362124 0.796112
vt 0.368678 0.793361
vt 0.364645 0.796962
vt 0.358790 0.823917
vt 0.304505 0.844162
vt 0.448021 0.124927
vt 0.441052 0.119482
vt 0.442924 0.116803
vt 0.448014 0.115321
vt 0.454704 0.127064
vt 0.448005 0.131341
vt 0.442121 0.124894
vt 0.435123 0.119723
vt 0.450338 0.140976
vt 0.448793 0.146448
vt 0.454040 0.136670
vt 0.455942 0.122111
vt 0.450921 0.134510
vt 0.459367 0.135470
vt 0.460326 0.122001
vt 0.458927 0.137609
vt 0.452980 0.140601
vt 0.458938 0.142419
vt 0.466959 0.152356
vt 0.481380 0.141685
vt 0.617335 0.019237
vt 0.614158 0.027296
vt 0.613489 0.022125
vt 0.597743 0.027859
vt 0.594974 0.020525
vt 0.620282 0.016079
vt 0.622790 0.016777
vt 0.617083 0.008884
vt 0.623272 0.015230
vt 0.626649 0.015355
vt 0.630316 0.017613
vt 0.614656 0.034088
vt 0.623371 0.049783
vt 0.623729 0.052813
vt 0.612604 0.027077
vt 0.610246 0.024961
vt 0.604040 0.029959
vt 0.605746 0.033369
vt 0.600383 0.028554
vt 0.602760 0.030926
vt 0.611424 0.043835
vt 0.609426 0.041974
vt 0.606833 0.085256
vt 0.594493 0.028837
vt 0.624267 0.007556
vt 0.589290 0.031210
vt 0.585551 0.038196
vt 0.616650 0.059299
vt 0.621622 0.067684
vt 0.629632 0.015238
vt 0.636317 0.025037
vt 0.632889 0.018246
vt 0.395710 0.093051
vt 0.393646 0.090261
vt 0.399424 0.088258
vt 0.388778 0.086590
vt 0.396094 0.085917
vt 0.393623 0.084094
vt 0.389356 0.083057
vt 0.640355 0.033823
vt 0.636405 0.054891
vt 0.578933 0.048940
vt 0.582997 0.059097
vt 0.642212 0.038799
vt 0.586202 0.065950
vt 0.394234 0.083710
vt 0.585946 0.067609
vt 0.588816 0.054187
vt 0.597835 0.071110
vt 0.417614 0.092291
vt 0.421331 0.097242
vt 0.412711 0.091883
vt 0.424912 0.104756
vt 0.415001 0.102123
vt 0.415935 0.098779
vt 0.425113 0.108262
vt 0.413166 0.105393
vt 0.410674 0.095034
vt 0.404035 0.095882
vt 0.399057 0.096616
vt 0.404049 0.093259
vt 0.400763 0.110607
vt 0.404133 0.089149
vt 0.408250 0.088164
vt 0.580052 0.066427
vt 0.560725 0.064091
vt 0.577112 0.083870
vt 0.561616 0.081952
vt 0.584189 0.037525
vt 0.584349 0.041372
vt 0.585429 0.046212
vt 0.587580 0.049402
vt 0.434220 0.108559
vt 0.433457 0.104050
vt 0.423450 0.097211
vt 0.430097 0.098555
vt 0.632874 0.068805
vt 0.378882 0.085452
vt 0.379607 0.082381
vt 0.368506 0.081997
vt 0.595685 0.083282
vt 0.587832 0.089928
vt 0.590032 0.074985
vt 0.596242 0.086329
vt 0.588558 0.092625
vt 0.584674 0.091978
vt 0.598147 0.097304
vt 0.606851 0.088375
vt 0.572211 0.085339
vt 0.603243 0.096367
vt 0.603726 0.101779
vt 0.607052 0.102090
vt 0.623055 0.112130
vt 0.433828 0.111446
vt 0.422676 0.121276
vt 0.422491 0.125791
vt 0.418918 0.125591
vt 0.416667 0.120262
vt 0.427762 0.128878
vt 0.404286 0.114050
vt 0.411269 0.119446
vt 0.403328 0.116029
vt 0.565043 0.085583
vt 0.557289 0.088437
vt 0.554918 0.083520
vt 0.424720 0.150303
vt 0.424800 0.132984
vt 0.428963 0.134498
vt 0.434111 0.143027
vt 0.542647 0.097111
vt 0.500150 0.124843
vt 0.547571 0.090638
vt 0.541145 0.085729
vt 0.496092 0.133479
vt 0.437750 0.105693
vt 0.539436 0.060362
vt 0.539288 0.080327
vt 0.546001 0.083281
vt 0.435405 0.139747
vt 0.438770 0.149213
vt 0.437967 0.152282
vt 0.444459 0.156844
vt 0.484524 0.131147
vt 0.487828 0.133993
vt 0.486534 0.138800
vt 0.483679 0.139107
vt 0.536969 0.083656
vt 0.488940 0.127201
vt 0.575047 0.088764
vt 0.625554 0.113015
vt 0.628675 0.119100
vt 0.632560 0.125750
vt 0.455267 0.149415
vt 0.454308 0.152132
vt 0.456876 0.148052
vt 0.460905 0.150450
vt 0.454954 0.168900
vt 0.460121 0.159252
vt 0.457667 0.159492
vt 0.460136 0.168323
vt 0.460070 0.177242
vt 0.461825 0.145884
vt 0.464429 0.155130
vt 0.463298 0.159100
vt 0.466773 0.165125
vt 0.462262 0.168593
vt 0.465903 0.168064
vt 0.470854 0.168966
vt 0.464856 0.181257
vt 0.465174 0.174684
vt 0.467838 0.176172
vt 0.470116 0.178331
vt 0.464928 0.187409
vt 0.469113 0.183266
vt 0.529401 0.611500
vt 0.528555 0.610923
vt 0.535603 0.604607
vt 0.519313 0.139511
vt 0.495490 0.141085
vt 0.507282 0.149567
vt 0.434121 0.172817
vt 0.434214 0.183303
vt 0.521769 0.152763
vt 0.520839 0.160288
vt 0.523810 0.167597
vt 0.499398 0.162383
vt 0.504193 0.171982
vt 0.440912 0.159857
vt 0.442968 0.159000
vt 0.443626 0.167314
vt 0.446397 0.166734
vt 0.486423 0.150781
vt 0.488165 0.149576
vt 0.495526 0.152501
vt 0.444833 0.172895
vt 0.441641 0.192717
vt 0.447576 0.183408
vt 0.449733 0.180608
vt 0.488155 0.167075
vt 0.491089 0.169756
vt 0.460982 0.199350
vt 0.450817 0.191047
vt 0.491602 0.162488
vt 0.493255 0.170619
vt 0.498976 0.179595
vt 0.493881 0.179270
vt 0.439744 0.205465
vt 0.425979 0.205399
vt 0.525305 0.174398
vt 0.530508 0.181077
vt 0.441336 0.217719
vt 0.405483 0.250850
vt 0.448303 0.192018
vt 0.451244 0.201155
vt 0.465062 0.197136
vt 0.455209 0.201445
vt 0.454298 0.205714
vt 0.501880 0.188592
vt 0.452212 0.209125
vt 0.524424 0.181522
vt 0.506532 0.198132
vt 0.497469 0.188203
vt 0.456237 0.220156
vt 0.502098 0.198581
vt 0.471405 0.210632
vt 0.453624 0.219349
vt 0.406127 0.259841
vt 0.458959 0.221108
vt 0.470980 0.227338
vt 0.475165 0.221758
vt 0.389245 0.266533
vt 0.404163 0.277745
vt 0.527696 0.188131
vt 0.396604 0.251140
vt 0.523903 0.208606
vt 0.390451 0.261730
vt 0.531852 0.217944
vt 0.545037 0.223220
vt 0.380250 0.261896
vt 0.373659 0.261828
vt 0.513847 0.203416
vt 0.507605 0.205138
vt 0.398628 0.260808
vt 0.401104 0.263225
vt 0.388507 0.264064
vt 0.511460 0.211265
vt 0.515435 0.212134
vt 0.502142 0.205105
vt 0.518780 0.219191
vt 0.524913 0.219749
vt 0.517581 0.215084
vt 0.512418 0.237971
vt 0.493700 0.222592
vt 0.537796 0.223761
vt 0.531254 0.227039
vt 0.537238 0.226623
vt 0.493425 0.185062
vt 0.467731 0.192007
vt 0.471736 0.185918
vt 0.480699 0.204037
vt 0.466755 0.194728
vt 0.470970 0.190493
vt 0.473179 0.192882
vt 0.473734 0.198384
vt 0.470879 0.201062
vt 0.472264 0.208968
vt 0.475402 0.210525
vt 0.477319 0.202713
vt 0.476690 0.204998
vt 0.480346 0.212940
vt 0.477249 0.217506
vt 0.484320 0.217612
vt 0.482896 0.219642
vt 0.490767 0.225227
vt 0.610344 0.211793
vt 0.601593 0.218290
vt 0.604892 0.219571
vt 0.587596 0.222578
vt 0.576523 0.227816
vt 0.590738 0.225184
vt 0.555271 0.224767
vt 0.563904 0.224326
vt 0.347955 0.256338
vt 0.339781 0.252904
vt 0.556285 0.229152
vt 0.568734 0.230719
vt 0.362722 0.259942
vt 0.337281 0.254169
vt 0.342641 0.257574
vt 0.330964 0.248931
vt 0.325410 0.247695
vt 0.326407 0.251110
vt 0.336018 0.264356
vt 0.583785 0.228473
vt 0.569345 0.233356
vt 0.590703 0.229252
vt 0.582265 0.249416
vt 0.558714 0.231193
vt 0.547721 0.229577
vt 0.551580 0.232777
vt 0.550857 0.250575
vt 0.291411 0.244216
vt 0.297481 0.254271
vt 0.300475 0.254369
vt 0.292443 0.251432
vt 0.306559 0.261986
vt 0.306679 0.256412
vt 0.312561 0.260321
vt 0.312972 0.257009
vt 0.590734 0.250181
vt 0.404180 0.280041
vt 0.391589 0.275068
vt 0.392043 0.281846
vt 0.384789 0.279331
vt 0.393546 0.283529
vt 0.401557 0.283410
vt 0.364190 0.273046
vt 0.380501 0.281053
vt 0.384047 0.282896
vt 0.386843 0.287166
vt 0.380006 0.287463
vt 0.376090 0.285532
vt 0.371063 0.263488
vt 0.362070 0.263627
vt 0.357444 0.260529
vt 0.369550 0.277310
vt 0.365409 0.279056
vt 0.357912 0.275607
vt 0.373321 0.281737
vt 0.367004 0.286112
vt 0.362598 0.282710
vt 0.367780 0.284770
vt 0.356797 0.282698
vt 0.482454 0.226243
vt 0.488632 0.226046
vt 0.401787 0.286371
vt 0.502640 0.235706
vt 0.393254 0.287212
vt 0.342361 0.271507
vt 0.327553 0.267919
vt 0.320409 0.263697
vt 0.329304 0.266346
vt 0.320353 0.265402
vt 0.329140 0.273000
vt 0.317550 0.268032
vt 0.321945 0.271540
vt 0.332841 0.277954
vt 0.344443 0.274394
vt 0.335509 0.271782
vt 0.355656 0.277688
vt 0.349701 0.279125
vt 0.351550 0.283443
vt 0.342724 0.279151
vt 0.334718 0.276514
vt 0.338623 0.276683
vt 0.513497 0.606210
vt 0.516935 0.605756
vt 0.517445 0.607050
vt 0.512262 0.603251
vt 0.510793 0.603472
vt 0.506113 0.608078
vt 0.509151 0.598662
vt 0.507790 0.598571
vt 0.508029 0.595364
vt 0.503720 0.605333
vt 0.501669 0.600919
vt 0.504777 0.583350
vt 0.493549 0.583156
vt 0.487144 0.578957
vt 0.502026 0.584934
vt 0.494137 0.587940
vt 0.503322 0.589120
vt 0.483351 0.580874
vt 0.486441 0.583857
vt 0.487646 0.575520
vt 0.516182 0.577720
vt 0.495815 0.590029
vt 0.271271 0.498670
vt 0.250299 0.483667
vt 0.479759 0.585060
vt 0.488586 0.588307
vt 0.477095 0.580922
vt 0.480607 0.586785
vt 0.514257 0.581403
vt 0.530631 0.578115
vt 0.527537 0.580906
vt 0.529889 0.586520
vt 0.522175 0.588520
vt 0.524680 0.584130
vt 0.515138 0.584494
vt 0.553463 0.574567
vt 0.549118 0.579874
vt 0.543386 0.579727
vt 0.557551 0.575112
vt 0.551049 0.566366
vt 0.548238 0.572160
vt 0.538007 0.577416
vt 0.535418 0.581518
vt 0.544127 0.575866
vt 0.553607 0.570708
vt 0.539019 0.592560
vt 0.530179 0.598599
vt 0.545871 0.585564
vt 0.530540 0.587522
vt 0.541292 0.583751
vt 0.540229 0.583262
vt 0.521797 0.565244
vt 0.507499 0.565822
vt 0.509918 0.563481
vt 0.505375 0.569359
vt 0.528068 0.565283
vt 0.541489 0.557434
vt 0.549134 0.556911
vt 0.530086 0.555636
vt 0.519036 0.558799
vt 0.528947 0.554003
vt 0.532843 0.558504
vt 0.523766 0.561863
vt 0.516145 0.555939
vt 0.541117 0.550790
vt 0.535246 0.559058
vt 0.550406 0.540078
vt 0.546382 0.545109
vt 0.242298 0.453433
vt 0.256524 0.459126
vt 0.247666 0.472552
vt 0.249908 0.449043
vt 0.252407 0.447119
vt 0.256873 0.455624
vt 0.521850 0.605734
vt 0.526113 0.603568
vt 0.526741 0.615321
vt 0.526507 0.619659
vt 0.549846 0.594390
vt 0.540791 0.625456
vt 0.513835 0.590415
vt 0.509874 0.592048
vt 0.508529 0.591719
vt 0.515802 0.589393
vt 0.516735 0.587070
vt 0.527617 0.620217
vt 0.536561 0.626815
vt 0.501316 0.597095
vt 0.542147 0.626437
vt 0.547373 0.621975
vt 0.558328 0.611171
vt 0.596659 0.555454
vt 0.508256 0.589144
vt 0.509863 0.590146
vt 0.508448 0.591399
vt 0.508702 0.589588
vt 0.248632 0.480522
vt 0.548142 0.622962
vt 0.568036 0.613819
vt 0.271021 0.471862
vt 0.564572 0.607359
vt 0.478172 0.551573
vt 0.492410 0.558090
vt 0.483274 0.554931
vt 0.469182 0.577501
vt 0.468147 0.574369
vt 0.466485 0.580705
vt 0.465466 0.568837
vt 0.458406 0.571547
vt 0.458304 0.569333
vt 0.479624 0.565125
vt 0.490783 0.565766
vt 0.482870 0.556865
vt 0.493732 0.563890
vt 0.481731 0.560814
vt 0.478163 0.561281
vt 0.464257 0.581722
vt 0.472110 0.559751
vt 0.439214 0.549728
vt 0.463570 0.557135
vt 0.448380 0.546531
vt 0.453556 0.547694
vt 0.469917 0.555595
vt 0.475978 0.553640
vt 0.465960 0.548421
vt 0.459478 0.539460
vt 0.462195 0.552076
vt 0.453554 0.544465
vt 0.300359 0.475154
vt 0.306124 0.480695
vt 0.295403 0.479489
vt 0.295751 0.481323
vt 0.312788 0.477132
vt 0.304234 0.474112
vt 0.503088 0.559406
vt 0.500397 0.557965
vt 0.295918 0.457906
vt 0.286672 0.464306
vt 0.269303 0.450101
vt 0.518811 0.506363
vt 0.259848 0.455649
vt 0.261631 0.450033
vt 0.268815 0.458294
vt 0.272678 0.457918
vt 0.274499 0.463112
vt 0.264900 0.450286
vt 0.259313 0.442009
vt 0.259655 0.437290
vt 0.254918 0.438276
vt 0.254614 0.446650
vt 0.268532 0.442127
vt 0.280233 0.462266
vt 0.287151 0.437036
vt 0.268621 0.464485
vt 0.278451 0.474277
vt 0.265618 0.464314
vt 0.279781 0.472068
vt 0.280427 0.466299
vt 0.289338 0.472040
vt 0.289420 0.469454
vt 0.294643 0.483926
vt 0.286276 0.476147
vt 0.296920 0.469823
vt 0.302466 0.467754
vt 0.307484 0.472403
vt 0.444797 0.533138
vt 0.454235 0.538497
vt 0.444843 0.527189
vt 0.320781 0.471410
vt 0.315922 0.474488
vt 0.445885 0.524844
vt 0.321837 0.476132
vt 0.324178 0.473227
vt 0.333637 0.469672
vt 0.329812 0.465347
vt 0.439507 0.500336
vt 0.441385 0.468675
vt 0.345249 0.462525
vt 0.337245 0.456990
vt 0.318315 0.407210
vt 0.355752 0.443025
vt 0.365653 0.403618
vt 0.367744 0.431615
vt 0.458041 0.574731
vt 0.454673 0.575544
vt 0.300008 0.511006
vt 0.298102 0.508866
vt 0.447497 0.566631
vt 0.448313 0.564432
vt 0.439691 0.554779
vt 0.304828 0.512969
vt 0.316852 0.512465
vt 0.440435 0.559499
vt 0.436654 0.561954
vt 0.329121 0.508527
vt 0.324697 0.488514
vt 0.313376 0.483563
vt 0.403347 0.532545
vt 0.400308 0.530980
vt 0.406430 0.531458
vt 0.407353 0.532139
vt 0.399069 0.531821
vt 0.401271 0.539164
vt 0.395428 0.529899
vt 0.393769 0.527620
vt 0.391081 0.534828
vt 0.396741 0.536536
vt 0.362265 0.513171
vt 0.366646 0.517270
vt 0.362512 0.507319
vt 0.373281 0.519433
vt 0.396244 0.504424
vt 0.405911 0.519448
vt 0.392977 0.528323
vt 0.386561 0.530888
vt 0.390426 0.525461
vt 0.389660 0.521136
vt 0.387760 0.520908
vt 0.384191 0.511389
vt 0.380400 0.517687
vt 0.383984 0.527972
vt 0.382518 0.517277
vt 0.390212 0.515999
vt 0.395257 0.503752
vt 0.385588 0.511307
vt 0.434245 0.551310
vt 0.432902 0.545610
vt 0.425809 0.533537
vt 0.444648 0.536843
vt 0.435508 0.523772
vt 0.432731 0.553121
vt 0.426116 0.550501
vt 0.332745 0.510865
vt 0.425742 0.542982
vt 0.426502 0.540550
vt 0.420247 0.541070
vt 0.317563 0.481463
vt 0.328143 0.479505
vt 0.329331 0.475804
vt 0.331623 0.473026
vt 0.323658 0.483411
vt 0.330650 0.480931
vt 0.345545 0.480133
vt 0.436332 0.520685
vt 0.434551 0.527926
vt 0.430127 0.514983
vt 0.422085 0.531037
vt 0.419380 0.530738
vt 0.420550 0.515321
vt 0.416815 0.538958
vt 0.415941 0.532074
vt 0.343699 0.502424
vt 0.353927 0.500122
vt 0.416100 0.520604
vt 0.413967 0.523431
vt 0.336440 0.473105
vt 0.336674 0.478474
vt 0.439016 0.514652
vt 0.438287 0.507641
vt 0.432225 0.509799
vt 0.340018 0.469275
vt 0.344312 0.469860
vt 0.347673 0.465415
vt 0.346531 0.473597
vt 0.350430 0.465615
vt 0.341962 0.478223
vt 0.350945 0.473906
vt 0.353011 0.503085
vt 0.412903 0.529118
vt 0.345192 0.502163
vt 0.346197 0.501952
vt 0.113194 0.561162
vt 0.113972 0.560193
vt 0.409908 0.523614
vt 0.358658 0.503331
vt 0.353977 0.505512
vt 0.356453 0.497566
vt 0.361169 0.507066
vt 0.360898 0.511078
vt 0.360503 0.483644
vt 0.364122 0.497003
vt 0.374956 0.473558
vt 0.416481 0.510242
vt 0.412375 0.512847
vt 0.426897 0.499783
vt 0.412900 0.507774
vt 0.416357 0.496087
vt 0.411343 0.498212
vt 0.435240 0.502811
vt 0.352665 0.459972
vt 0.355909 0.461498
vt 0.436121 0.492742
vt 0.434012 0.494572
vt 0.430005 0.498990
vt 0.353731 0.468174
vt 0.354947 0.470068
vt 0.361797 0.462305
vt 0.364317 0.463097
vt 0.362025 0.466643
vt 0.367925 0.467452
vt 0.413574 0.485237
vt 0.427130 0.482698
vt 0.429897 0.487861
vt 0.433830 0.485059
vt 0.436529 0.475104
vt 0.431149 0.474559
vt 0.418537 0.482731
vt 0.421453 0.466205
vt 0.429971 0.467108
vt 0.410524 0.516372
vt 0.406758 0.513080
vt 0.408667 0.508367
vt 0.404350 0.505070
vt 0.361571 0.484216
vt 0.409383 0.500432
vt 0.406943 0.496986
vt 0.404768 0.501498
vt 0.390642 0.493680
vt 0.390152 0.498017
vt 0.374264 0.467402
vt 0.375833 0.468072
vt 0.408358 0.486775
vt 0.410524 0.487153
vt 0.401914 0.489385
vt 0.403159 0.487630
vt 0.398771 0.492760
vt 0.406030 0.484363
vt 0.393630 0.484696
vt 0.414198 0.476258
vt 0.412217 0.475758
vt 0.409323 0.476165
vt 0.402388 0.482731
vt 0.404377 0.475877
vt 0.406890 0.476432
vt 0.400840 0.472245
vt 0.397080 0.469646
vt 0.397805 0.458082
vt 0.357471 0.453702
vt 0.360539 0.454009
vt 0.362754 0.455599
vt 0.368947 0.455370
vt 0.365154 0.443608
vt 0.367277 0.447035
vt 0.370169 0.439014
vt 0.439437 0.464349
vt 0.373380 0.436916
vt 0.373153 0.447320
vt 0.372094 0.456109
vt 0.372532 0.457179
vt 0.374651 0.450288
vt 0.379549 0.437232
vt 0.385129 0.442718
vt 0.371857 0.430400
vt 0.375498 0.429796
vt 0.375300 0.423109
vt 0.378204 0.435268
vt 0.372732 0.418995
vt 0.386966 0.432985
vt 0.389785 0.432848
vt 0.391283 0.431423
vt 0.402736 0.441462
vt 0.560052 0.559556
vt 0.562204 0.561986
vt 0.563170 0.567050
vt 0.567407 0.560493
vt 0.570793 0.561683
vt 0.575760 0.550085
vt 0.576836 0.552481
vt 0.577436 0.555805
vt 0.579142 0.539554
vt 0.580930 0.546844
vt 0.577993 0.559396
vt 0.583080 0.548347
vt 0.583282 0.554128
vt 0.589975 0.552053
vt 0.563360 0.542994
vt 0.551803 0.551113
vt 0.551310 0.543595
vt 0.557271 0.537555
vt 0.557668 0.544642
vt 0.545981 0.552144
vt 0.563484 0.528400
vt 0.568123 0.524970
vt 0.562616 0.532908
vt 0.574167 0.534434
vt 0.564565 0.536403
vt 0.569395 0.535134
vt 0.568744 0.531956
vt 0.572418 0.526014
vt 0.586292 0.539855
vt 0.589675 0.541441
vt 0.587866 0.548785
vt 0.591091 0.544580
vt 0.591252 0.549371
vt 0.602815 0.540282
vt 0.626352 0.522950
vt 0.596080 0.537617
vt 0.604579 0.520875
vt 0.632485 0.517045
vt 0.586675 0.534249
vt 0.592562 0.528283
vt 0.593022 0.532084
vt 0.590530 0.520450
vt 0.595024 0.518259
vt 0.579366 0.521325
vt 0.595491 0.536407
vt 0.596917 0.527396
vt 0.600409 0.526967
vt 0.598489 0.516912
vt 0.599297 0.511527
vt 0.600412 0.520286
vt 0.603454 0.519179
vt 0.602686 0.510689
vt 0.601406 0.503268
vt 0.606508 0.507191
vt 0.571781 0.509479
vt 0.250938 0.404929
vt 0.255037 0.404020
vt 0.252277 0.413389
vt 0.254369 0.395185
vt 0.261698 0.405150
vt 0.264945 0.384230
vt 0.571858 0.516857
vt 0.576871 0.518754
vt 0.580331 0.510431
vt 0.575494 0.509290
vt 0.577454 0.502237
vt 0.258699 0.387872
vt 0.252084 0.395597
vt 0.256910 0.385072
vt 0.251844 0.384743
vt 0.256822 0.375845
vt 0.261497 0.378891
vt 0.585608 0.505422
vt 0.596484 0.505263
vt 0.599994 0.502471
vt 0.594593 0.493089
vt 0.577872 0.491851
vt 0.582307 0.498895
vt 0.583724 0.503865
vt 0.585442 0.492643
vt 0.588736 0.486616
vt 0.575591 0.480009
vt 0.268118 0.374093
vt 0.579247 0.493439
vt 0.579434 0.483739
vt 0.583338 0.486547
vt 0.586375 0.471209
vt 0.583675 0.478147
vt 0.578360 0.472579
vt 0.265370 0.372685
vt 0.263165 0.368872
vt 0.272058 0.366147
vt 0.279185 0.366161
vt 0.269225 0.361943
vt 0.262252 0.367085
vt 0.287310 0.368348
vt 0.275711 0.366380
vt 0.278301 0.360698
vt 0.555356 0.578844
vt 0.566749 0.570329
vt 0.568879 0.567010
vt 0.575042 0.595246
vt 0.600540 0.553671
vt 0.585171 0.598591
vt 0.594518 0.591645
vt 0.591290 0.604214
vt 0.591920 0.591816
vt 0.247258 0.432105
vt 0.250941 0.426681
vt 0.245131 0.424235
vt 0.577851 0.594741
vt 0.584270 0.587948
vt 0.247404 0.439021
vt 0.250550 0.439336
vt 0.596074 0.590182
vt 0.600152 0.595594
vt 0.600577 0.590853
vt 0.249435 0.419275
vt 0.244532 0.413891
vt 0.602555 0.595659
vt 0.600956 0.589754
vt 0.606193 0.591741
vt 0.607456 0.590514
vt 0.610391 0.593236
vt 0.611060 0.587628
vt 0.611513 0.589788
vt 0.592864 0.583691
vt 0.588422 0.586060
vt 0.591332 0.582618
vt 0.587988 0.582843
vt 0.597613 0.580131
vt 0.597531 0.582282
vt 0.600325 0.582380
vt 0.605798 0.581944
vt 0.607984 0.584278
vt 0.634705 0.559674
vt 0.612008 0.584110
vt 0.255549 0.433287
vt 0.256496 0.426681
vt 0.252591 0.422685
vt 0.254485 0.415382
vt 0.249260 0.410640
vt 0.246174 0.400753
vt 0.610976 0.592081
vt 0.619428 0.588964
vt 0.248865 0.390424
vt 0.245123 0.391151
vt 0.245534 0.390771
vt 0.244957 0.391721
vt 0.614121 0.585863
vt 0.615954 0.585749
vt 0.623746 0.584461
vt 0.621174 0.581598
vt 0.245907 0.387895
vt 0.624758 0.585052
vt 0.627500 0.581577
vt 0.628439 0.582221
vt 0.248674 0.385014
vt 0.246510 0.381235
vt 0.248270 0.376416
vt 0.627841 0.576185
vt 0.626871 0.574518
vt 0.612227 0.584959
vt 0.615400 0.584089
vt 0.643644 0.568826
vt 0.640639 0.565905
vt 0.650886 0.557051
vt 0.256962 0.371161
vt 0.267708 0.357421
vt 0.271007 0.357857
vt 0.278270 0.355484
vt 0.617273 0.497647
vt 0.653916 0.500086
vt 0.653653 0.501849
vt 0.643101 0.520768
vt 0.641186 0.484796
vt 0.655501 0.500539
vt 0.654586 0.497466
vt 0.660523 0.506651
vt 0.659703 0.491421
vt 0.657947 0.508120
vt 0.661101 0.508381
vt 0.649054 0.490957
vt 0.650121 0.490417
vt 0.646286 0.486739
vt 0.652517 0.482523
vt 0.669533 0.518632
vt 0.672091 0.523261
vt 0.634126 0.482172
vt 0.639510 0.483020
vt 0.604626 0.501609
vt 0.607987 0.500004
vt 0.611669 0.501581
vt 0.608338 0.501530
vt 0.608085 0.490391
vt 0.608956 0.496359
vt 0.611311 0.494326
vt 0.599205 0.485849
vt 0.603804 0.490038
vt 0.602703 0.483418
vt 0.609993 0.492154
vt 0.609946 0.491469
vt 0.609322 0.489948
vt 0.617638 0.485888
vt 0.612075 0.489984
vt 0.607442 0.483563
vt 0.608411 0.479658
vt 0.653616 0.549245
vt 0.671513 0.529215
vt 0.246047 0.348721
vt 0.244803 0.350190
vt 0.657823 0.555975
vt 0.658102 0.557889
vt 0.657490 0.553003
vt 0.661373 0.549221
vt 0.619661 0.482015
vt 0.627383 0.481584
vt 0.626049 0.477827
vt 0.626472 0.479038
vt 0.633836 0.481437
vt 0.631842 0.477663
vt 0.638013 0.476112
vt 0.635514 0.475696
vt 0.597884 0.469099
vt 0.601007 0.474689
vt 0.602630 0.474409
vt 0.607120 0.470692
vt 0.582078 0.468821
vt 0.600219 0.464231
vt 0.592304 0.456006
vt 0.596687 0.457575
vt 0.264225 0.332892
vt 0.260076 0.332860
vt 0.294619 0.319967
vt 0.603222 0.462737
vt 0.267041 0.327082
vt 0.310115 0.365169
vt 0.574336 0.462107
vt 0.566240 0.452118
vt 0.282482 0.360366
vt 0.290043 0.357832
vt 0.283830 0.356868
vt 0.290906 0.361144
vt 0.290870 0.354329
vt 0.300994 0.353118
vt 0.547139 0.429475
vt 0.296093 0.352009
vt 0.304794 0.355692
vt 0.543256 0.422394
vt 0.535842 0.419500
vt 0.281886 0.351786
vt 0.288828 0.349783
vt 0.298550 0.346786
vt 0.305683 0.349697
vt 0.321350 0.357019
vt 0.313896 0.352707
vt 0.314626 0.350465
vt 0.315509 0.348332
vt 0.515195 0.454024
vt 0.505154 0.442798
vt 0.515218 0.453294
vt 0.489619 0.418638
vt 0.492717 0.438636
vt 0.345740 0.372252
vt 0.324704 0.353447
vt 0.311281 0.344963
vt 0.320403 0.344605
vt 0.322651 0.349670
vt 0.338869 0.358440
vt 0.337244 0.355339
vt 0.332788 0.351673
vt 0.331376 0.346158
vt 0.320614 0.342382
vt 0.334022 0.344197
vt 0.350285 0.366860
vt 0.346997 0.360509
vt 0.356107 0.368277
vt 0.354552 0.363245
vt 0.514351 0.416047
vt 0.540706 0.415955
vt 0.514210 0.413485
vt 0.528871 0.416609
vt 0.534020 0.413989
vt 0.522398 0.410511
vt 0.524748 0.407663
vt 0.340642 0.354311
vt 0.344641 0.351310
vt 0.349625 0.358500
vt 0.338219 0.348258
vt 0.344889 0.348982
vt 0.349431 0.348166
vt 0.327899 0.339602
vt 0.354154 0.324949
vt 0.355418 0.357923
vt 0.363154 0.377469
vt 0.360372 0.368246
vt 0.364882 0.364304
vt 0.355957 0.356012
vt 0.361105 0.358373
vt 0.353206 0.353058
vt 0.368671 0.360240
vt 0.575719 0.461708
vt 0.579132 0.459182
vt 0.581088 0.454542
vt 0.571448 0.451588
vt 0.574785 0.449543
vt 0.597813 0.453409
vt 0.274076 0.320964
vt 0.588188 0.442084
vt 0.591457 0.442719
vt 0.281271 0.315232
vt 0.271691 0.325894
vt 0.278037 0.322315
vt 0.284638 0.317193
vt 0.284217 0.321495
vt 0.288674 0.318607
vt 0.567554 0.446727
vt 0.571368 0.423704
vt 0.567550 0.438410
vt 0.569659 0.438801
vt 0.572279 0.437485
vt 0.559878 0.435005
vt 0.558541 0.435935
vt 0.555226 0.423126
vt 0.293645 0.312220
vt 0.581855 0.428252
vt 0.295239 0.315663
vt 0.298602 0.316022
vt 0.303261 0.310462
vt 0.574995 0.422892
vt 0.310120 0.315269
vt 0.312382 0.313988
vt 0.558870 0.429616
vt 0.558729 0.421492
vt 0.550825 0.427455
vt 0.550175 0.422795
vt 0.311352 0.307975
vt 0.312277 0.309770
vt 0.563477 0.410838
vt 0.565271 0.408882
vt 0.321151 0.311631
vt 0.550811 0.404489
vt 0.284945 0.347333
vt 0.290718 0.347126
vt 0.297663 0.344550
vt 0.303261 0.340259
vt 0.309224 0.343177
vt 0.325818 0.319237
vt 0.325347 0.316416
vt 0.325120 0.314609
vt 0.543271 0.412577
vt 0.537468 0.401313
vt 0.550641 0.402284
vt 0.534585 0.397122
vt 0.548106 0.398604
vt 0.555828 0.403761
vt 0.345783 0.316582
vt 0.350987 0.319854
vt 0.341978 0.318678
vt 0.332409 0.315249
vt 0.555467 0.400301
vt 0.446647 0.447812
vt 0.452565 0.439526
vt 0.448749 0.449164
vt 0.445940 0.440417
vt 0.450935 0.434140
vt 0.418972 0.462119
vt 0.416198 0.464802
vt 0.422382 0.456624
vt 0.413582 0.467058
vt 0.410834 0.467413
vt 0.404680 0.469417
vt 0.408661 0.466255
vt 0.405393 0.464657
vt 0.415249 0.446905
vt 0.415922 0.456650
vt 0.413940 0.457671
vt 0.436132 0.461791
vt 0.434358 0.460116
vt 0.440277 0.453200
vt 0.443151 0.454871
vt 0.440096 0.448935
vt 0.435734 0.450594
vt 0.427687 0.451159
vt 0.423727 0.456533
vt 0.423489 0.449434
vt 0.419292 0.454965
vt 0.381410 0.426833
vt 0.377398 0.422928
vt 0.376936 0.413138
vt 0.379895 0.414105
vt 0.383307 0.419296
vt 0.447599 0.433907
vt 0.386718 0.420928
vt 0.392800 0.424029
vt 0.422069 0.447055
vt 0.428164 0.440430
vt 0.440041 0.424920
vt 0.425679 0.438673
vt 0.420193 0.443131
vt 0.447239 0.430621
vt 0.437021 0.421167
vt 0.435770 0.427131
vt 0.433306 0.427614
vt 0.418320 0.419089
vt 0.414442 0.432929
vt 0.411944 0.432077
vt 0.421744 0.430947
vt 0.420489 0.421650
vt 0.424720 0.416140
vt 0.428191 0.433661
vt 0.425573 0.430268
vt 0.431718 0.425100
vt 0.425954 0.427825
vt 0.421805 0.434938
vt 0.436101 0.417538
vt 0.430258 0.420579
vt 0.430824 0.413236
vt 0.406674 0.459138
vt 0.404444 0.459214
vt 0.407371 0.454435
vt 0.399674 0.455636
vt 0.408834 0.448771
vt 0.404176 0.444064
vt 0.416820 0.450981
vt 0.409988 0.443974
vt 0.407902 0.442019
vt 0.411546 0.441734
vt 0.405450 0.436947
vt 0.402761 0.419797
vt 0.407166 0.427619
vt 0.409397 0.425998
vt 0.418665 0.449665
vt 0.412134 0.417561
vt 0.414833 0.416626
vt 0.374018 0.405874
vt 0.376079 0.404619
vt 0.378664 0.405627
vt 0.373603 0.395546
vt 0.377290 0.398917
vt 0.375272 0.392085
vt 0.461630 0.431775
vt 0.367602 0.388153
vt 0.371308 0.387016
vt 0.367337 0.378158
vt 0.363169 0.373761
vt 0.372544 0.383971
vt 0.367260 0.374528
vt 0.481422 0.418135
vt 0.489356 0.415757
vt 0.375977 0.380037
vt 0.379073 0.388151
vt 0.371318 0.373021
vt 0.375797 0.375712
vt 0.381945 0.397333
vt 0.381486 0.387272
vt 0.385941 0.390621
vt 0.459200 0.431445
vt 0.458826 0.426395
vt 0.460741 0.422226
vt 0.474747 0.422342
vt 0.466668 0.425575
vt 0.473764 0.420961
vt 0.470283 0.418599
vt 0.463669 0.417554
vt 0.481666 0.413915
vt 0.474565 0.413972
vt 0.494817 0.407302
vt 0.480784 0.399856
vt 0.480352 0.409087
vt 0.470262 0.401801
vt 0.499785 0.413971
vt 0.506627 0.409516
vt 0.503887 0.404898
vt 0.511089 0.407465
vt 0.520111 0.396178
vt 0.511931 0.392049
vt 0.522538 0.392771
vt 0.501466 0.393640
vt 0.515883 0.389973
vt 0.369208 0.365757
vt 0.492107 0.410719
vt 0.388821 0.374244
vt 0.378171 0.338875
vt 0.523579 0.383228
vt 0.515003 0.384120
vt 0.390051 0.353317
vt 0.489553 0.393929
vt 0.484270 0.393044
vt 0.494848 0.390112
vt 0.393647 0.359101
vt 0.393111 0.365939
vt 0.394660 0.360534
vt 0.473098 0.397524
vt 0.475677 0.394366
vt 0.470093 0.391414
vt 0.476344 0.388959
vt 0.480963 0.387552
vt 0.485431 0.390014
vt 0.490716 0.385541
vt 0.395926 0.357034
vt 0.396518 0.358813
vt 0.396020 0.358285
vt 0.475818 0.385207
vt 0.480225 0.386503
vt 0.394557 0.354616
vt 0.498216 0.391449
vt 0.498966 0.387460
vt 0.505926 0.390284
vt 0.505946 0.383812
vt 0.516184 0.387777
vt 0.499918 0.383339
vt 0.457976 0.405270
vt 0.462774 0.401086
vt 0.467380 0.397335
vt 0.404305 0.341941
vt 0.404436 0.343517
vt 0.401903 0.346056
vt 0.540065 0.396037
vt 0.534838 0.392055
vt 0.352620 0.321486
vt 0.531319 0.393763
vt 0.535079 0.387583
vt 0.526788 0.386334
vt 0.526733 0.391064
vt 0.507655 0.751501
vt 0.511019 0.756807
vt 0.505491 0.756106
vt 0.506144 0.759186
vt 0.505484 0.762799
vt 0.503860 0.751919
vt 0.506021 0.745889
vt 0.502573 0.753153
vt 0.501486 0.748068
vt 0.496980 0.744383
vt 0.496317 0.737577
vt 0.500652 0.742368
vt 0.499675 0.745438
vt 0.495836 0.741980
vt 0.492160 0.740600
vt 0.432716 0.648527
vt 0.440605 0.651363
vt 0.487474 0.739286
vt 0.436487 0.649134
vt 0.474076 0.742766
vt 0.473839 0.772211
vt 0.444599 0.653744
vt 0.447831 0.658078
vt 0.455900 0.675150
vt 0.452460 0.664381
vt 0.448767 0.657296
vt 0.453671 0.664091
vt 0.456055 0.670398
vt 0.384062 0.407658
vt 0.384832 0.413859
vt 0.387737 0.417142
vt 0.387029 0.408028
vt 0.391550 0.408402
vt 0.384453 0.397990
vt 0.391266 0.395463
vt 0.393076 0.402422
vt 0.392451 0.408683
vt 0.392737 0.396421
vt 0.397221 0.413916
vt 0.398609 0.407393
vt 0.398358 0.415724
vt 0.400614 0.407365
vt 0.402841 0.405472
vt 0.399095 0.398895
vt 0.400317 0.398098
vt 0.400059 0.390594
vt 0.388435 0.383831
vt 0.390453 0.387705
vt 0.397198 0.390585
vt 0.389704 0.382518
vt 0.395988 0.384827
vt 0.395407 0.377786
vt 0.396976 0.381301
vt 0.398317 0.389235
vt 0.444643 0.416226
vt 0.442251 0.414866
vt 0.434266 0.413218
vt 0.431181 0.411185
vt 0.435508 0.408948
vt 0.423659 0.413296
vt 0.429301 0.409940
vt 0.419682 0.410768
vt 0.432843 0.409257
vt 0.432678 0.406057
vt 0.423126 0.406244
vt 0.427326 0.402710
vt 0.439698 0.404302
vt 0.435822 0.407893
vt 0.444079 0.402182
vt 0.446877 0.404471
vt 0.417297 0.379797
vt 0.419448 0.406638
vt 0.390132 0.376421
vt 0.454249 0.399330
vt 0.458715 0.392838
vt 0.462379 0.394799
vt 0.453550 0.395205
vt 0.466625 0.388077
vt 0.400098 0.371024
vt 0.425872 0.401727
vt 0.415954 0.411171
vt 0.396810 0.368472
vt 0.398163 0.374223
vt 0.401607 0.360836
vt 0.397172 0.360404
vt 0.473709 0.385211
vt 0.468952 0.387866
vt 0.480559 0.378725
vt 0.017643 0.556925
vt 0.477272 0.383318
vt 0.400052 0.355048
vt 0.052997 0.527669
vt 0.405549 0.352203
vt 0.415642 0.354884
vt 0.405835 0.347582
vt 0.406533 0.344661
vt 0.444025 0.410530
vt 0.450819 0.408988
vt 0.454094 0.404696
vt 0.015215 0.554425
vt 0.015171 0.549796
vt 0.014171 0.550968
vt 0.017403 0.540177
vt 0.014814 0.544895
vt 0.458803 0.399416
vt 0.022940 0.523782
vt 0.021828 0.523133
vt 0.034741 0.520179
vt 0.431618 0.397946
vt 0.433995 0.393142
vt 0.435365 0.393501
vt 0.013136 0.532897
vt 0.441090 0.373947
vt 0.051141 0.523793
vt 0.053802 0.524230
vt 0.056611 0.520104
vt 0.049465 0.522332
vt 0.054304 0.521711
vt 0.052863 0.522512
vt 0.047722 0.524041
vt 0.051189 0.520461
vt 0.134608 0.519606
vt 0.135682 0.520854
vt 0.417019 0.353292
vt 0.421438 0.354347
vt 0.040118 0.521992
vt 0.049629 0.519703
vt 0.049821 0.516188
vt 0.050826 0.515397
vt 0.420546 0.352512
vt 0.421664 0.348897
vt 0.037783 0.519841
vt 0.040111 0.520020
vt 0.044046 0.514479
vt 0.040558 0.518118
vt 0.422015 0.355865
vt 0.429471 0.358960
vt 0.434979 0.359594
vt 0.429426 0.355922
vt 0.424355 0.350236
vt 0.430549 0.350517
vt 0.039522 0.518151
vt 0.431515 0.356489
vt 0.431147 0.357605
vt 0.431667 0.351629
vt 0.408410 0.343547
vt 0.412076 0.345138
vt 0.056525 0.518614
vt 0.058252 0.517770
vt 0.062358 0.516296
vt 0.057217 0.514673
vt 0.082742 0.545983
vt 0.416961 0.346196
vt 0.055841 0.516682
vt 0.424446 0.347412
vt 0.045973 0.513428
vt 0.042799 0.514172
vt 0.043911 0.512845
vt 0.036112 0.517735
vt 0.035914 0.512144
vt 0.020879 0.514294
vt 0.021891 0.507243
vt 0.037386 0.517717
vt 0.009536 0.506293
vt 0.037469 0.515717
vt 0.011428 0.507385
vt 0.431723 0.349801
vt 0.037354 0.512653
vt 0.036720 0.510889
vt 0.013820 0.502697
vt 0.015351 0.502602
vt 0.015176 0.503905
vt 0.017942 0.505092
vt 0.027881 0.510539
vt 0.025386 0.513045
vt 0.027210 0.508889
vt 0.023577 0.508027
vt 0.022405 0.502460
vt 0.022342 0.505682
vt 0.484755 0.740231
vt 0.479985 0.739550
vt 0.473687 0.741542
vt 0.453550 0.656195
vt 0.462953 0.750484
vt 0.456845 0.662290
vt 0.461170 0.669559
vt 0.294913 0.676769
vt 0.303923 0.671871
vt 0.306047 0.673738
vt 0.308009 0.666902
vt 0.297019 0.671092
vt 0.605581 0.810223
vt 0.610306 0.818255
vt 0.606285 0.814514
vt 0.599695 0.803958
vt 0.285855 0.683696
vt 0.272015 0.697233
vt 0.278021 0.689384
vt 0.279539 0.694196
vt 0.619572 0.826419
vt 0.624257 0.837087
vt 0.618532 0.835817
vt 0.623698 0.842136
vt 0.617303 0.837014
vt 0.614836 0.826153
vt 0.294643 0.679115
vt 0.303895 0.678823
vt 0.270079 0.696771
vt 0.263269 0.706065
vt 0.626803 0.853211
vt 0.626011 0.863995
vt 0.622367 0.860359
vt 0.279048 0.708093
vt 0.620598 0.846862
vt 0.619988 0.849978
vt 0.618771 0.850113
vt 0.621344 0.866455
vt 0.596110 0.836859
vt 0.600404 0.867006
vt 0.612533 0.824281
vt 0.605315 0.815245
vt 0.622289 0.870845
vt 0.621371 0.878842
vt 0.619934 0.884334
vt 0.617873 0.885132
vt 0.596631 0.886084
vt 0.324129 0.695269
vt 0.331592 0.691475
vt 0.320820 0.688663
vt 0.336914 0.688266
vt 0.336245 0.663218
vt 0.335866 0.665377
vt 0.327815 0.664476
vt 0.349498 0.666962
vt 0.323936 0.671096
vt 0.328254 0.659899
vt 0.341185 0.660263
vt 0.339662 0.656560
vt 0.328547 0.657156
vt 0.312144 0.670448
vt 0.316174 0.660751
vt 0.317676 0.666489
vt 0.322181 0.667086
vt 0.328924 0.682421
vt 0.317418 0.686865
vt 0.313344 0.684779
vt 0.589883 0.796210
vt 0.580823 0.813737
vt 0.350651 0.661565
vt 0.345671 0.663894
vt 0.354927 0.664868
vt 0.355139 0.680840
vt 0.360886 0.672027
vt 0.335591 0.678734
vt 0.327818 0.685637
vt 0.339323 0.684328
vt 0.342590 0.682084
vt 0.349735 0.685744
vt 0.569837 0.816113
vt 0.557439 0.819724
vt 0.559783 0.808137
vt 0.565320 0.798117
vt 0.581057 0.788452
vt 0.572052 0.807434
vt 0.353611 0.683288
vt 0.571844 0.811195
vt 0.563684 0.800937
vt 0.562707 0.805325
vt 0.553148 0.801445
vt 0.291914 0.695984
vt 0.297539 0.696032
vt 0.307872 0.690930
vt 0.310379 0.693885
vt 0.297463 0.700104
vt 0.287553 0.705901
vt 0.280450 0.711150
vt 0.280655 0.714626
vt 0.285464 0.714309
vt 0.290877 0.707821
vt 0.595936 0.847875
vt 0.593288 0.849391
vt 0.585078 0.850917
vt 0.587913 0.843856
vt 0.586089 0.862696
vt 0.596938 0.861921
vt 0.594454 0.859026
vt 0.565899 0.843921
vt 0.562076 0.836500
vt 0.572885 0.837545
vt 0.569063 0.832652
vt 0.583716 0.833767
vt 0.565276 0.825628
vt 0.587934 0.832528
vt 0.589018 0.828643
vt 0.591240 0.840752
vt 0.580953 0.821801
vt 0.577019 0.822268
vt 0.580288 0.816718
vt 0.345353 0.695264
vt 0.354895 0.716659
vt 0.354633 0.715243
vt 0.548643 0.832398
vt 0.549496 0.835566
vt 0.542207 0.829598
vt 0.550848 0.826075
vt 0.554740 0.830702
vt 0.545602 0.823901
vt 0.545300 0.834946
vt 0.540099 0.829319
vt 0.353111 0.693019
vt 0.362392 0.692662
vt 0.539019 0.820777
vt 0.551598 0.812947
vt 0.545376 0.811137
vt 0.362081 0.718314
vt 0.366176 0.707344
vt 0.531099 0.829282
vt 0.370351 0.721820
vt 0.374977 0.725404
vt 0.534062 0.826088
vt 0.529599 0.818416
vt 0.527581 0.827209
vt 0.519381 0.827985
vt 0.525226 0.824262
vt 0.364188 0.685625
vt 0.375953 0.686764
vt 0.387415 0.680685
vt 0.370402 0.691821
vt 0.360990 0.686849
vt 0.372977 0.689188
vt 0.540580 0.798617
vt 0.379704 0.697516
vt 0.384074 0.694409
vt 0.385169 0.692130
vt 0.389436 0.699928
vt 0.537812 0.811942
vt 0.518800 0.819692
vt 0.518096 0.799024
vt 0.529467 0.804369
vt 0.532750 0.796515
vt 0.553904 0.836974
vt 0.346883 0.656656
vt 0.358475 0.654858
vt 0.356171 0.659203
vt 0.358864 0.662645
vt 0.363179 0.659264
vt 0.365397 0.661391
vt 0.557391 0.797118
vt 0.366879 0.667118
vt 0.362266 0.667769
vt 0.371350 0.669148
vt 0.372829 0.671250
vt 0.377699 0.674436
vt 0.377024 0.670518
vt 0.384170 0.674779
vt 0.519974 0.770756
vt 0.548808 0.791587
vt 0.375800 0.663817
vt 0.374516 0.665104
vt 0.383323 0.667434
vt 0.383434 0.670208
vt 0.387252 0.666850
vt 0.524242 0.786731
vt 0.550611 0.798051
vt 0.545592 0.793862
vt 0.536014 0.794184
vt 0.537609 0.791168
vt 0.388499 0.674242
vt 0.384056 0.688455
vt 0.396854 0.678722
vt 0.397541 0.695328
vt 0.404885 0.686114
vt 0.391397 0.670742
vt 0.393145 0.669449
vt 0.396759 0.676329
vt 0.401198 0.671679
vt 0.400826 0.670500
vt 0.511196 0.780096
vt 0.524079 0.790808
vt 0.522118 0.793541
vt 0.514344 0.790176
vt 0.510411 0.792313
vt 0.593662 0.875051
vt 0.591846 0.886345
vt 0.597280 0.873409
vt 0.594995 0.866055
vt 0.592082 0.890539
vt 0.591208 0.900994
vt 0.586503 0.897815
vt 0.587447 0.902550
vt 0.584033 0.913184
vt 0.576178 0.914458
vt 0.581725 0.910051
vt 0.577850 0.916969
vt 0.570539 0.923747
vt 0.566689 0.923236
vt 0.565548 0.929065
vt 0.561541 0.929058
vt 0.506365 0.940755
vt 0.499833 0.942170
vt 0.486027 0.955573
vt 0.503833 0.935378
vt 0.497826 0.936929
vt 0.496600 0.931485
vt 0.493380 0.923721
vt 0.489182 0.927858
vt 0.493754 0.932746
vt 0.469091 0.938870
vt 0.484906 0.930543
vt 0.276890 0.835377
vt 0.283670 0.840697
vt 0.385275 0.739361
vt 0.381405 0.730488
vt 0.389007 0.738113
vt 0.387674 0.745981
vt 0.387794 0.712922
vt 0.512481 0.832030
vt 0.516295 0.826049
vt 0.395322 0.716807
vt 0.512289 0.829498
vt 0.512800 0.825876
vt 0.508420 0.826908
vt 0.390231 0.750315
vt 0.387657 0.759230
vt 0.389808 0.760217
vt 0.416334 0.767543
vt 0.510388 0.810814
vt 0.496205 0.803213
vt 0.409135 0.709788
vt 0.401205 0.704094
vt 0.497256 0.813934
vt 0.415806 0.756189
vt 0.496663 0.823078
vt 0.506852 0.833723
vt 0.498065 0.843654
vt 0.503671 0.832341
vt 0.386529 0.769198
vt 0.379500 0.777847
vt 0.498485 0.839793
vt 0.499128 0.834862
vt 0.406754 0.769844
vt 0.493297 0.848966
vt 0.492538 0.844353
vt 0.493861 0.840710
vt 0.490135 0.863745
vt 0.491746 0.868636
vt 0.490300 0.856030
vt 0.487278 0.857804
vt 0.487710 0.865443
vt 0.489404 0.848012
vt 0.479681 0.851334
vt 0.488644 0.828558
vt 0.415954 0.777422
vt 0.479093 0.814492
vt 0.384331 0.775562
vt 0.377232 0.785769
vt 0.381782 0.781951
vt 0.373998 0.789548
vt 0.386217 0.797999
vt 0.480090 0.859469
vt 0.382674 0.806079
vt 0.406214 0.786829
vt 0.413849 0.782636
vt 0.412090 0.790644
vt 0.463017 0.845087
vt 0.400429 0.794877
vt 0.397245 0.801889
vt 0.390435 0.810856
vt 0.464241 0.835326
vt 0.406188 0.796965
vt 0.410166 0.796514
vt 0.403781 0.802997
vt 0.405964 0.803848
vt 0.399295 0.813080
vt 0.395415 0.812308
vt 0.394775 0.697997
vt 0.413426 0.702922
vt 0.423257 0.698883
vt 0.404572 0.680321
vt 0.412359 0.686154
vt 0.408698 0.678309
vt 0.407224 0.673361
vt 0.513052 0.772794
vt 0.510143 0.778792
vt 0.506110 0.786032
vt 0.412941 0.684766
vt 0.418560 0.685912
vt 0.403942 0.702480
vt 0.511113 0.795353
vt 0.503534 0.798719
vt 0.406993 0.702612
vt 0.413997 0.708346
vt 0.507297 0.789113
vt 0.501394 0.791326
vt 0.504355 0.780272
vt 0.499925 0.784182
vt 0.499439 0.796567
vt 0.489706 0.802889
vt 0.494326 0.788819
vt 0.496894 0.794910
vt 0.490340 0.799310
vt 0.488657 0.793806
vt 0.423223 0.692023
vt 0.428966 0.688659
vt 0.428776 0.694280
vt 0.430323 0.699488
vt 0.425053 0.712834
vt 0.422744 0.715396
vt 0.418157 0.716096
vt 0.489573 0.808453
vt 0.420481 0.771675
vt 0.421895 0.779272
vt 0.486502 0.807051
vt 0.483250 0.802948
vt 0.480247 0.808578
vt 0.437896 0.711590
vt 0.406048 0.670440
vt 0.512208 0.771402
vt 0.512751 0.769242
vt 0.408802 0.671094
vt 0.408094 0.668184
vt 0.511227 0.768078
vt 0.508644 0.773989
vt 0.506702 0.765471
vt 0.417034 0.676537
vt 0.412156 0.672643
vt 0.419131 0.676231
vt 0.510437 0.762791
vt 0.504605 0.773614
vt 0.500139 0.779719
vt 0.501314 0.779961
vt 0.421659 0.682379
vt 0.427408 0.681077
vt 0.495138 0.786667
vt 0.483537 0.792751
vt 0.488284 0.791652
vt 0.426951 0.682278
vt 0.432978 0.687423
vt 0.437230 0.690580
vt 0.434608 0.696483
vt 0.455552 0.688607
vt 0.479397 0.796719
vt 0.436934 0.695936
vt 0.441760 0.697343
vt 0.471929 0.799471
vt 0.471670 0.823249
vt 0.477946 0.806504
vt 0.471636 0.818106
vt 0.475032 0.809885
vt 0.474849 0.802536
vt 0.473409 0.810419
vt 0.469367 0.806454
vt 0.468782 0.818292
vt 0.463011 0.814586
vt 0.467354 0.829838
vt 0.473682 0.800099
vt 0.469288 0.803728
vt 0.463085 0.809865
vt 0.464243 0.810527
vt 0.458262 0.818969
vt 0.438864 0.704904
vt 0.422948 0.782321
vt 0.444569 0.705303
vt 0.440425 0.709733
vt 0.433611 0.786511
vt 0.433638 0.791528
vt 0.439066 0.784358
vt 0.436524 0.791080
vt 0.441496 0.790823
vt 0.457612 0.676807
vt 0.457557 0.684222
vt 0.448543 0.772435
vt 0.462904 0.678553
vt 0.453871 0.770258
vt 0.456189 0.762436
vt 0.444144 0.699425
vt 0.449334 0.702855
vt 0.453555 0.694395
vt 0.449566 0.706428
vt 0.448282 0.782277
vt 0.448511 0.787618
vt 0.445786 0.793902
vt 0.445039 0.788252
vt 0.440840 0.794393
vt 0.444425 0.793783
vt 0.454787 0.782287
vt 0.454498 0.788716
vt 0.453382 0.794406
vt 0.456040 0.778592
vt 0.455926 0.791053
vt 0.453846 0.776132
vt 0.454785 0.775890
vt 0.418092 0.783059
vt 0.417721 0.808147
vt 0.413141 0.797907
vt 0.463394 0.828351
vt 0.434689 0.805418
vt 0.441984 0.801188
vt 0.437675 0.807572
vt 0.439710 0.806867
vt 0.456250 0.840622
vt 0.458729 0.844057
vt 0.455035 0.844010
vt 0.455271 0.826371
vt 0.449602 0.836780
vt 0.444130 0.843276
vt 0.425033 0.804414
vt 0.416698 0.811317
vt 0.429794 0.800605
vt 0.437613 0.796900
vt 0.433247 0.800930
vt 0.435181 0.803014
vt 0.423246 0.808873
vt 0.426638 0.806798
vt 0.431414 0.816374
vt 0.431635 0.807156
vt 0.426064 0.815354
vt 0.402234 0.824681
vt 0.417379 0.815179
vt 0.420295 0.816599
vt 0.408929 0.824845
vt 0.414482 0.821781
vt 0.419316 0.825047
vt 0.410735 0.828480
vt 0.426368 0.817677
vt 0.424812 0.823942
vt 0.432731 0.827145
vt 0.420364 0.828792
vt 0.451630 0.802307
vt 0.450979 0.800354
vt 0.442502 0.814175
vt 0.442758 0.816219
vt 0.429947 0.832736
vt 0.489253 0.871456
vt 0.481839 0.868452
vt 0.490953 0.879161
vt 0.488063 0.883664
vt 0.485261 0.876216
vt 0.469455 0.872429
vt 0.485220 0.905145
vt 0.480642 0.898136
vt 0.472551 0.890091
vt 0.471168 0.881036
vt 0.461528 0.879812
vt 0.464975 0.891135
vt 0.459661 0.886121
vt 0.462528 0.897355
vt 0.456704 0.886679
vt 0.486644 0.916133
vt 0.316244 0.827572
vt 0.481578 0.920764
vt 0.475081 0.911609
vt 0.472669 0.914247
vt 0.481124 0.924786
vt 0.470295 0.917425
vt 0.327345 0.827625
vt 0.336198 0.828690
vt 0.328331 0.831943
vt 0.330389 0.835598
vt 0.343691 0.829323
vt 0.469443 0.900352
vt 0.353879 0.829759
vt 0.341523 0.832453
vt 0.349615 0.835765
vt 0.342946 0.845888
vt 0.326368 0.843168
vt 0.318031 0.844815
vt 0.308154 0.848001
vt 0.317173 0.849915
vt 0.320776 0.848645
vt 0.313214 0.853854
vt 0.333341 0.849020
vt 0.326863 0.852231
vt 0.452022 0.923473
vt 0.460894 0.936061
vt 0.449634 0.912265
vt 0.330789 0.851047
vt 0.327161 0.857691
vt 0.333868 0.857852
vt 0.467212 0.905243
vt 0.463003 0.903874
vt 0.367920 0.822454
vt 0.378721 0.817629
vt 0.369985 0.826350
vt 0.364323 0.828356
vt 0.469063 0.864011
vt 0.466569 0.856839
vt 0.459606 0.871873
vt 0.385403 0.819252
vt 0.377844 0.823986
vt 0.386218 0.821549
vt 0.459130 0.863559
vt 0.458619 0.854094
vt 0.455399 0.864476
vt 0.455267 0.854651
vt 0.353500 0.832744
vt 0.367083 0.830546
vt 0.372065 0.830988
vt 0.386969 0.823941
vt 0.455578 0.873664
vt 0.452319 0.871719
vt 0.441815 0.897015
vt 0.443704 0.870286
vt 0.435696 0.881323
vt 0.380390 0.838285
vt 0.396356 0.832290
vt 0.403841 0.830377
vt 0.394992 0.835816
vt 0.400784 0.834664
vt 0.363623 0.842524
vt 0.371840 0.845501
vt 0.365961 0.845637
vt 0.378681 0.842690
vt 0.375414 0.845378
vt 0.387131 0.839087
vt 0.384204 0.843239
vt 0.379285 0.847392
vt 0.440289 0.870532
vt 0.388514 0.845555
vt 0.378556 0.852058
vt 0.381280 0.852054
vt 0.433906 0.881315
vt 0.386499 0.849826
vt 0.383250 0.852064
vt 0.392660 0.838885
vt 0.397351 0.841273
vt 0.350163 0.849025
vt 0.341037 0.851689
vt 0.338554 0.853902
vt 0.352042 0.850567
vt 0.349681 0.853766
vt 0.362783 0.848307
vt 0.358352 0.851429
vt 0.354326 0.856310
vt 0.363393 0.856753
vt 0.363023 0.854416
vt 0.351082 0.858204
vt 0.340842 0.859596
vt 0.343009 0.857573
vt 0.368937 0.848773
vt 0.370194 0.853540
vt 0.434108 0.884119
vt 0.433934 0.882004
vt 0.094328 0.502552
vt 0.402178 0.858276
vt 0.090502 0.508805
vt 0.367487 0.860891
vt 0.371443 0.868582
vt 0.375018 0.864433
vt 0.372198 0.870835
vt 0.364917 0.867036
vt 0.374124 0.880508
vt 0.370622 0.874128
vt 0.371651 0.877601
vt 0.363777 0.870924
vt 0.369875 0.877342
vt 0.411011 0.899860
vt 0.453359 0.850740
vt 0.448562 0.855191
vt 0.436617 0.860583
vt 0.425018 0.879568
vt 0.405800 0.836194
vt 0.412492 0.831862
vt 0.403645 0.840773
vt 0.407232 0.839647
vt 0.413601 0.834729
vt 0.397406 0.847459
vt 0.397999 0.844800
vt 0.425063 0.839143
vt 0.416930 0.831779
vt 0.417756 0.834316
vt 0.416279 0.833851
vt 0.413558 0.839993
vt 0.412940 0.842519
vt 0.419609 0.846191
vt 0.422043 0.844063
vt 0.409542 0.864068
vt 0.412320 0.857726
vt 0.392557 0.847228
vt 0.418032 0.892090
vt 0.410528 0.898505
vt 0.406804 0.900128
vt 0.389383 0.879852
vt 0.373309 0.881962
vt 0.402435 0.900022
vt 0.380849 0.884472
vt 0.382787 0.883680
vt 0.377498 0.883770
vt 0.381423 0.891601
vt 0.384556 0.884794
vt 0.386143 0.883228
vt 0.403477 0.858410
vt 0.395476 0.872984
vt 0.392554 0.877830
vt 0.400453 0.877514
vt 0.389956 0.881524
vt 0.387163 0.883808
vt 0.395298 0.887299
vt 0.397035 0.883253
vt 0.399808 0.880853
vt 0.396350 0.888621
vt 0.401715 0.898033
vt 0.396769 0.894272
vt 0.386745 0.891165
vt 0.390714 0.889547
vt 0.290441 0.840273
vt 0.298650 0.843364
vt 0.293676 0.846504
vt 0.472654 0.947592
vt 0.299480 0.849250
vt 0.634416 0.068513
vt 0.634583 0.074872
vt 0.337658 0.083869
vt 0.521413 0.123507
vt 0.648389 0.103925
vt 0.655614 0.117251
vt 0.295854 0.108997
vt 0.274747 0.120243
vt 0.267900 0.123448
vt 0.675306 0.127422
vt 0.666463 0.192151
vt 0.691786 0.148768
vt 0.662669 0.122304
vt 0.289031 0.121140
vt 0.664409 0.122095
vt 0.653014 0.190468
vt 0.654001 0.190570
vt 0.525993 0.127617
vt 0.410568 0.216513
vt 0.424008 0.218869
vt 0.652392 0.193123
vt 0.270031 0.191180
vt 0.269032 0.201026
vt 0.626990 0.224467
vt 0.219837 0.195629
vt 0.220541 0.191115
vt 0.219177 0.182439
vt 0.089665 0.525725
vt 0.218491 0.179880
vt 0.227166 0.207014
vt 0.087428 0.524140
vt 0.082738 0.524380
vt 0.213692 0.180024
vt 0.082319 0.525906
vt 0.211843 0.180062
vt 0.086967 0.527520
vt 0.084451 0.528922
vt 0.219571 0.173716
vt 0.216324 0.175534
vt 0.210266 0.179823
vt 0.219545 0.165628
vt 0.211005 0.165096
vt 0.113753 0.543538
vt 0.114682 0.504201
vt 0.114811 0.545081
vt 0.210129 0.162902
vt 0.116816 0.543775
vt 0.225084 0.227279
vt 0.218220 0.159327
vt 0.215113 0.164178
vt 0.213315 0.178327
vt 0.212408 0.176920
vt 0.113194 0.540766
vt 0.116271 0.541105
vt 0.209861 0.165274
vt 0.196798 0.148140
vt 0.196894 0.138234
vt 0.205445 0.245029
vt 0.188858 0.149328
vt 0.188398 0.148582
vt 0.187434 0.148798
vt 0.252973 0.132896
vt 0.693376 0.163710
vt 0.246207 0.146486
vt 0.242298 0.151991
vt 0.686023 0.182558
vt 0.247876 0.161595
vt 0.674873 0.190196
vt 0.225492 0.226088
vt 0.210927 0.147126
vt 0.214075 0.148733
vt 0.215605 0.151217
vt 0.217510 0.156987
vt 0.212369 0.162164
vt 0.208811 0.162877
vt 0.203892 0.147882
vt 0.201079 0.127824
vt 0.205394 0.114231
vt 0.210244 0.100585
vt 0.210834 0.088050
vt 0.210366 0.077229
vt 0.207952 0.068385
vt 0.201597 0.050942
vt 0.209335 0.356372
vt 0.206068 0.364781
vt 0.203287 0.375465
vt 0.196740 0.384009
vt 0.174796 0.405017
vt 0.191634 0.390305
vt 0.160936 0.476785
vt 0.166539 0.473685
vt 0.172205 0.469472
vt 0.177815 0.459010
vt 0.175363 0.464192
vt 0.179002 0.453538
vt 0.138448 0.479397
vt 0.144153 0.008905
vt 0.134864 0.553538
vt 0.135454 0.553813
vt 0.135740 0.500862
vt 0.135888 0.500345
vt 0.139179 0.478944
vt 0.136568 0.499588
vt 0.140816 0.479046
vt 0.140719 0.477314
vt 0.173077 0.405456
vt 0.142164 0.477041
vt 0.136924 0.503007
vt 0.137983 0.480335
vt 0.165799 0.410543
vt 0.155746 0.477679
vt 0.148660 0.477149
vt 0.137359 0.478979
vt 0.134608 0.554719
vt 0.170877 0.406808
vt 0.138004 0.479004
vt 0.169321 0.407244
vt 0.138810 0.008132
vt 0.132891 0.482215
vt 0.132152 0.479907
vt 0.137717 0.007556
vt 0.130394 0.479247
vt 0.123783 0.476622
vt 0.134608 0.500505
vt 0.135259 0.555234
vt 0.119237 0.475544
vt 0.164376 0.408319
vt 0.108196 0.471195
vt 0.101664 0.468407
vt 0.096307 0.465938
vt 0.083925 0.459117
vt 0.091671 0.463746
vt 0.077349 0.455116
vt 0.069283 0.449305
vt 0.067037 0.036576
vt 0.044176 0.043545
vt 0.033087 0.050017
vt 0.040749 0.175663
vt 0.041465 0.175017
vt 0.154917 0.500181
vt 0.154136 0.499588
vt 0.042263 0.238599
vt 0.153518 0.500647
vt 0.040302 0.237001
vt 0.038782 0.185986
vt 0.029388 0.233851
vt 0.027905 0.255259
vt 0.039824 0.215441
vt 0.039193 0.203845
vt 0.029087 0.222325
vt 0.028651 0.227873
vt 0.017453 0.278560
vt 0.012933 0.139842
vt 0.015533 0.294515
vt 0.013545 0.313370
vt 0.008160 0.085334
vt 0.628833 0.874358
vt 0.626901 0.886102
vt 0.623470 0.898892
vt 0.619721 0.910441
vt 0.246032 0.761935
vt 0.607548 0.920488
vt 0.603046 0.928102
vt 0.528669 0.969249
vt 0.245559 0.794896
vt 0.245563 0.790948
vt 0.571464 0.928527
vt 0.254731 0.813326
vt 0.521572 0.914125
vt 0.513563 0.932802
vt 0.009885 0.067244
vt 0.013948 0.420549
vt 0.029997 0.365076
vt 0.012464 0.420303
vt 0.029292 0.365669
vt 0.027551 0.365609
vt 0.007556 0.415398
vt 0.009829 0.407418
vt 0.009341 0.403585
vt 0.010245 0.399113
vt 0.017663 0.382675
vt 0.014735 0.393935
vt 0.535933 0.058093
vt 0.529173 0.061689
vt 0.529819 0.064359
vt 0.599898 0.020130
vt 0.616255 0.017597
vt 0.591294 0.028252
vt 0.602294 0.022769
vt 0.585750 0.033086
vt 0.577301 0.037862
vt 0.577748 0.050891
vt 0.576846 0.042230
vt 0.584594 0.063826
vt 0.115908 0.525426
vt 0.643048 0.039769
vt 0.642005 0.043349
vt 0.113194 0.519313
vt 0.582201 0.060411
vt 0.115567 0.524192
vt 0.117195 0.524853
vt 0.585881 0.065758
vt 0.116583 0.525654
vt 0.566729 0.060547
vt 0.575004 0.062083
vt 0.555261 0.060274
vt 0.639201 0.051304
vt 0.636455 0.060256
vt 0.501724 0.118906
vt 0.488979 0.119172
vt 0.546923 0.058810
vt 0.481898 0.119121
vt 0.485103 0.122459
vt 0.414700 0.245684
vt 0.415173 0.258232
vt 0.415366 0.256069
vt 0.414948 0.260641
vt 0.411410 0.272608
vt 0.417579 0.274676
vt 0.383976 0.292863
vt 0.313798 0.272148
vt 0.343601 0.285456
vt 0.601564 0.246304
vt 0.604650 0.242245
vt 0.593235 0.250887
vt 0.307821 0.264856
vt 0.412266 0.279274
vt 0.410682 0.284080
vt 0.495992 0.232240
vt 0.394171 0.289259
vt 0.520519 0.622308
vt 0.519591 0.619023
vt 0.527553 0.623186
vt 0.530075 0.625510
vt 0.533904 0.627704
vt 0.259152 0.494114
vt 0.481389 0.589810
vt 0.573024 0.610701
vt 0.558650 0.623863
vt 0.523965 0.613227
vt 0.135954 0.538426
vt 0.134608 0.538097
vt 0.545000 0.632722
vt 0.537505 0.628433
vt 0.250567 0.486504
vt 0.509631 0.591548
vt 0.249554 0.486125
vt 0.547336 0.632244
vt 0.134781 0.535966
vt 0.552071 0.628497
vt 0.286348 0.507431
vt 0.296012 0.511386
vt 0.446829 0.570135
vt 0.316917 0.513706
vt 0.354073 0.510343
vt 0.362013 0.515107
vt 0.371275 0.520483
vt 0.396182 0.538471
vt 0.376584 0.520596
vt 0.379994 0.519405
vt 0.331154 0.512270
vt 0.424065 0.549455
vt 0.343837 0.507277
vt 0.410924 0.529737
vt 0.113507 0.562554
vt 0.115485 0.561935
vt 0.354236 0.503338
vt 0.411389 0.527375
vt 0.353188 0.503884
vt 0.410603 0.528878
vt 0.244220 0.432433
vt 0.597763 0.601840
vt 0.604549 0.596482
vt 0.244119 0.405605
vt 0.244281 0.396024
vt 0.623656 0.586408
vt 0.623971 0.585936
vt 0.623194 0.586797
vt 0.626223 0.583860
vt 0.245663 0.385181
vt 0.631120 0.579302
vt 0.245447 0.364428
vt 0.655455 0.499155
vt 0.661505 0.494383
vt 0.663633 0.508937
vt 0.670033 0.517138
vt 0.646277 0.478167
vt 0.658443 0.557519
vt 0.658933 0.558932
vt 0.244999 0.345428
vt 0.664710 0.550317
vt 0.659632 0.555206
vt 0.251203 0.338258
vt 0.654411 0.560216
vt 0.665375 0.545994
vt 0.669087 0.540039
vt 0.673091 0.530372
vt 0.672011 0.532344
vt 0.257409 0.332371
vt 0.263045 0.325961
vt 0.270748 0.318844
vt 0.281919 0.312814
vt 0.299108 0.308325
vt 0.574975 0.418610
vt 0.325337 0.309136
vt 0.548409 0.394405
vt 0.543230 0.390853
vt 0.337876 0.312819
vt 0.509037 0.381100
vt 0.367451 0.330343
vt 0.479629 0.384594
vt 0.478363 0.383807
vt 0.478148 0.384118
vt 0.483659 0.384745
vt 0.385263 0.343362
vt 0.066130 0.520184
vt 0.065878 0.524644
vt 0.358545 0.323245
vt 0.410743 0.660915
vt 0.416905 0.652999
vt 0.427086 0.648819
vt 0.489855 0.736042
vt 0.485552 0.735805
vt 0.016443 0.562912
vt 0.016152 0.558896
vt 0.023299 0.557957
vt 0.037151 0.548860
vt 0.399099 0.353676
vt 0.064160 0.532380
vt 0.435369 0.402649
vt 0.437530 0.400096
vt 0.008443 0.545512
vt 0.439803 0.381585
vt 0.015213 0.525314
vt 0.418096 0.352380
vt 0.085643 0.549591
vt 0.084384 0.551446
vt 0.135894 0.518119
vt 0.137059 0.520518
vt 0.420328 0.353741
vt 0.082319 0.550817
vt 0.417877 0.352829
vt 0.418950 0.354077
vt 0.418909 0.349865
vt 0.421328 0.346272
vt 0.434347 0.356165
vt 0.010888 0.510070
vt 0.433140 0.357401
vt 0.040362 0.515898
vt 0.067207 0.516472
vt 0.413249 0.343306
vt 0.418078 0.345382
vt 0.418300 0.347995
vt 0.420272 0.346669
vt 0.084714 0.544656
vt 0.052041 0.512279
vt 0.435162 0.351615
vt 0.434492 0.350143
vt 0.007556 0.505995
vt 0.007971 0.507485
vt 0.434073 0.357312
vt 0.009694 0.508072
vt 0.044639 0.510222
vt 0.010627 0.501888
vt 0.011341 0.500375
vt 0.016156 0.499588
vt 0.024998 0.504323
vt 0.030334 0.508686
vt 0.443259 0.647834
vt 0.449049 0.652014
vt 0.469010 0.744290
vt 0.459113 0.664010
vt 0.459074 0.754258
vt 0.613547 0.817207
vt 0.305488 0.664149
vt 0.626461 0.839570
vt 0.287959 0.678266
vt 0.279182 0.686277
vt 0.627988 0.849989
vt 0.629242 0.861151
vt 0.590322 0.793336
vt 0.599375 0.801378
vt 0.339384 0.653609
vt 0.565424 0.779389
vt 0.400356 0.667137
vt 0.514546 0.943217
vt 0.512761 0.939973
vt 0.274908 0.837215
vt 0.479009 0.953669
vt 0.412280 0.720507
vt 0.428744 0.765694
vt 0.425352 0.764913
vt 0.422513 0.760748
vt 0.436767 0.776334
vt 0.514087 0.768760
vt 0.407895 0.670275
vt 0.511954 0.766776
vt 0.447272 0.770525
vt 0.443974 0.775212
vt 0.445835 0.781681
vt 0.440020 0.778179
vt 0.448870 0.765843
vt 0.455243 0.761755
vt 0.447065 0.785524
vt 0.447363 0.776756
vt 0.446741 0.787825
vt 0.329141 0.860097
vt 0.311268 0.855233
vt 0.342862 0.863443
vt 0.362198 0.861302
vt 0.096112 0.500191
vt 0.095189 0.499588
vt 0.098082 0.500201
vt 0.378013 0.853507
vt 0.095594 0.500033
vt 0.380817 0.852919
vt 0.379496 0.854415
vt 0.375670 0.860668
vt 0.082319 0.509028
vt 0.420959 0.889964
vt 0.417360 0.895045
vt 0.414654 0.897757
vt 0.411518 0.905946
vt 0.406692 0.907124
vt 0.377085 0.890621
vt 0.399107 0.897540
vt 0.395963 0.894427
vt 0.395335 0.891118
vt 0.471325 0.948139
vt 0.467391 0.944803
usemtl material_0
f 1/1/1 2/2/2 3/3/3
f 4/4/8 5/5/4 6/6/12
f 7/7/5 8/8/1849 9/9/1876
f 8/8/1849 7/7/5 10/10/6
f 10/10/6 7/7/5 11/11/7
f 12/12/1900 10/10/6 13/13/14
f 9/9/1876 4/4/8 6/6/12
f 7/7/5 9/9/1876 6/6/12
f 14/14/9 6/6/12 5/5/4
f 15/15/10 16/16/19 17/17/11
f 6/6/12 14/14/9 17/17/11
f 18/18/13 14/14/9 5/5/4
f 7/7/5 6/6/12 11/11/7
f 13/13/14 11/11/7 19/19/15
f 19/19/15 11/11/7 17/17/11
f 11/11/7 6/6/12 17/17/11
f 10/10/6 11/11/7 13/13/14
f 13/13/14 20/20/1903 12/12/1900
f 20/20/1903 13/13/14 21/21/16
f 21/21/16 22/22/17 20/20/1903
f 23/23/1894 20/3862/1903 22/3863/18
f 17/17/11 16/16/19 19/19/15
f 13/13/14 19/19/15 21/21/16
f 21/21/16 19/19/15 16/16/19
f 21/21/16 16/16/19 24/24/20
f 21/21/16 24/24/20 25/25/103
f 22/22/17 21/21/16 26/26/21
f 23/23/1894 22/3863/18 27/27/1907
f 22/3863/18 28/28/1909 27/27/1907
f 28/3864/105 22/22/17 26/26/21
f 26/26/21 21/21/16 25/25/103
f 25/25/103 28/3864/105 26/26/21
f 28/3864/105 25/25/103 29/29/120
f 4/4/8 30/30/22 5/5/4
f 31/31/23 30/30/22 4/4/8
f 32/32/24 33/33/25 34/34/26
f 34/34/26 35/35/28 36/36/27
f 35/35/28 33/33/25 37/37/29
f 34/34/26 33/33/25 35/35/28
f 36/36/27 31/31/23 38/38/30
f 30/30/22 31/31/23 36/36/27
f 36/36/27 38/38/30 34/34/26
f 39/39/122 5/5/4 30/30/22
f 30/30/22 40/40/33 39/39/122
f 35/35/28 37/37/29 41/41/31
f 37/37/29 42/42/64 41/41/31
f 41/41/31 42/42/64 43/43/32
f 40/40/33 41/41/31 43/43/32
f 30/30/22 44/44/34 40/40/33
f 35/35/28 41/41/31 44/44/34
f 36/36/27 35/35/28 44/44/34
f 36/36/27 44/44/34 30/30/22
f 40/40/33 44/44/34 41/41/31
f 45/45/35 46/46/36 47/47/37
f 45/45/35 48/48/38 46/46/36
f 49/49/112 48/48/38 45/45/35
f 50/50/48 51/51/41 52/52/40
f 51/51/41 53/53/53 54/54/58
f 53/53/53 51/51/41 55/55/39
f 52/52/40 51/51/41 54/54/58
f 54/54/58 56/56/78 52/52/40
f 57/57/276 55/55/39 51/51/41
f 58/58/279 55/55/39 57/57/276
f 59/59/44 56/56/78 60/60/50
f 61/61/1933 56/56/78 32/32/24
f 32/32/24 62/62/42 61/61/1933
f 60/60/50 56/56/78 61/61/1933
f 63/63/49 64/64/1937 65/65/43
f 66/66/263 65/65/43 64/64/1937
f 50/50/48 52/52/40 59/59/44
f 60/60/50 67/67/47 59/59/44
f 52/52/40 56/56/78 59/59/44
f 68/68/45 69/69/46 70/70/81
f 67/67/47 50/50/48 59/59/44
f 65/65/43 50/50/48 67/67/47
f 50/50/48 57/57/276 51/51/41
f 65/65/43 57/57/276 50/50/48
f 63/63/49 65/65/43 67/67/47
f 71/71/86 72/72/267 68/68/45
f 63/63/49 67/67/47 60/60/50
f 73/73/1942 69/69/46 68/68/45
f 74/74/51 69/69/46 73/73/1942
f 73/73/1942 72/72/267 75/75/269
f 68/68/45 72/72/267 73/73/1942
f 76/76/52 53/53/53 55/55/39
f 53/53/53 76/76/52 77/77/54
f 78/78/55 79/79/59 77/77/54
f 78/78/55 77/77/54 76/76/52
f 80/80/56 79/79/59 81/81/57
f 82/82/77 54/54/58 53/53/53
f 82/82/77 77/77/54 80/80/56
f 77/77/54 82/82/77 53/53/53
f 80/80/56 81/81/57 82/82/77
f 80/80/56 77/77/54 79/79/59
f 3/3/3 78/78/55 76/76/52
f 78/78/55 3/3/3 83/83/63
f 79/79/59 83/83/63 84/84/60
f 78/78/55 83/83/63 79/79/59
f 83/83/63 3/3/3 85/85/61
f 86/86/62 87/87/66 85/85/61
f 83/83/63 87/87/66 84/84/60
f 87/87/66 83/83/63 85/85/61
f 88/88/65 81/81/57 79/79/59
f 79/79/59 84/84/60 88/88/65
f 84/84/60 42/42/64 88/88/65
f 84/84/60 87/87/66 42/42/64
f 87/87/66 89/89/67 42/42/64
f 76/76/52 55/55/39 58/58/279
f 90/90/68 91/91/73 92/92/88
f 93/93/84 90/90/68 94/94/69
f 1/1/1 3/3/3 76/76/52
f 1/1/1 76/76/52 58/58/279
f 2/2/2 85/85/61 3/3/3
f 1/1/1 58/58/279 95/95/70
f 96/96/71 97/97/72 91/91/73
f 91/91/73 93/93/84 98/98/74
f 91/91/73 97/97/72 92/92/88
f 90/90/68 93/93/84 91/91/73
f 96/96/71 91/91/73 98/98/74
f 97/97/72 96/96/71 99/99/76
f 100/100/83 99/99/76 96/96/71
f 99/99/76 100/100/83 101/101/177
f 102/102/75 97/97/72 99/99/76
f 102/102/75 92/92/88 97/97/72
f 96/96/71 98/98/74 100/100/83
f 102/102/75 103/103/333 92/92/88
f 82/82/77 32/32/24 56/56/78
f 37/37/29 81/81/57 88/88/65
f 81/81/57 37/37/29 33/33/25
f 81/81/57 33/33/25 82/82/77
f 56/56/78 54/54/58 82/82/77
f 33/33/25 32/32/24 82/82/77
f 32/32/24 34/34/26 62/62/42
f 104/104/79 47/47/37 105/105/82
f 106/106/1966 107/107/80 70/70/81
f 106/106/1966 70/70/81 108/108/1936
f 105/105/82 94/94/69 107/107/80
f 107/107/80 106/106/1966 105/105/82
f 42/42/64 37/37/29 88/88/65
f 93/93/84 46/46/36 98/98/74
f 48/48/38 98/98/74 46/46/36
f 48/48/38 100/100/83 98/98/74
f 47/47/37 46/46/36 93/93/84
f 94/94/69 105/105/82 47/47/37
f 94/94/69 47/47/37 93/93/84
f 70/70/81 107/107/80 109/109/87
f 70/70/81 109/109/87 110/110/85
f 71/71/86 110/110/85 92/92/88
f 92/92/88 110/110/85 109/109/87
f 110/110/85 68/68/45 70/70/81
f 110/110/85 71/71/86 68/68/45
f 94/94/69 90/90/68 109/109/87
f 92/92/88 109/109/87 90/90/68
f 107/107/80 94/94/69 109/109/87
f 71/71/86 92/92/88 111/111/281
f 69/69/46 108/108/1936 70/70/81
f 112/112/89 2/2/2 1/1/1
f 1/1/1 95/95/70 112/112/89
f 113/113/90 2/2/2 112/112/89
f 114/114/91 113/113/90 112/112/89
f 95/95/70 115/115/92 112/112/89
f 115/115/92 114/114/91 112/112/89
f 115/115/92 116/116/180 114/114/91
f 117/117/93 118/118/99 119/119/121
f 120/120/118 117/117/93 121/121/94
f 122/122/95 117/117/93 119/119/121
f 122/122/95 121/121/94 117/117/93
f 123/123/206 121/121/94 122/122/95
f 18/18/13 124/124/96 14/14/9
f 124/124/96 15/15/10 14/14/9
f 124/124/96 125/125/97 15/15/10
f 14/14/9 15/15/10 17/17/11
f 16/16/19 15/15/10 126/126/98
f 125/125/97 126/126/98 15/15/10
f 124/124/96 127/127/107 125/125/97
f 118/118/99 124/124/96 18/18/13
f 124/124/96 118/118/99 127/127/107
f 125/125/97 127/127/107 128/128/101
f 126/126/98 125/125/97 129/129/100
f 24/24/20 126/126/98 129/129/100
f 128/128/101 129/129/100 125/125/97
f 129/129/100 128/128/101 130/130/104
f 126/126/98 24/24/20 16/16/19
f 28/28/1909 131/131/111 132/132/102
f 133/133/1910 28/28/1909 132/132/102
f 25/25/103 24/24/20 129/129/100
f 25/25/103 129/129/100 130/130/104
f 130/130/104 29/29/120 25/25/103
f 28/3864/105 29/29/120 134/134/106
f 128/128/101 127/127/107 135/135/113
f 39/39/122 18/18/13 5/5/4
f 18/18/13 119/119/121 118/118/99
f 18/18/13 39/39/122 119/119/121
f 42/42/64 89/89/67 43/43/32
f 43/43/32 89/89/67 136/136/108
f 136/136/108 137/137/110 43/43/32
f 40/40/33 43/43/32 137/137/110
f 40/40/33 137/137/110 39/39/122
f 136/136/108 138/138/109 137/137/110
f 134/3866/106 131/131/111 28/28/105
f 49/49/112 139/139/187 48/48/38
f 117/117/93 127/127/107 118/118/99
f 135/135/113 127/127/107 120/120/118
f 127/127/107 117/117/93 120/120/118
f 130/130/104 128/128/101 140/140/114
f 130/130/104 140/140/114 29/29/120
f 29/29/120 141/141/115 134/134/106
f 134/3866/106 141/3867/115 142/142/116
f 128/128/101 135/135/113 140/140/114
f 120/120/118 143/143/117 135/135/113
f 143/143/117 140/140/114 135/135/113
f 143/143/117 120/120/118 144/144/119
f 144/144/119 120/120/118 121/121/94
f 29/29/120 140/140/114 145/145/144
f 119/119/121 39/39/122 146/146/123
f 137/137/110 146/146/123 39/39/122
f 138/138/109 146/146/123 137/137/110
f 142/142/116 141/3867/115 147/147/125
f 145/145/144 141/141/115 29/29/120
f 142/142/116 131/131/111 134/3866/106
f 132/132/102 131/131/111 142/142/116
f 148/148/1969 132/132/102 149/149/126
f 150/150/1911 148/148/1969 151/151/124
f 148/148/1969 149/149/126 151/151/124
f 132/132/102 142/142/116 152/152/127
f 142/142/116 147/147/125 152/152/127
f 152/152/127 147/147/125 153/153/156
f 149/149/126 132/132/102 152/152/127
f 149/149/126 152/152/127 154/154/129
f 151/151/124 149/149/126 154/154/129
f 152/152/127 153/153/156 154/154/129
f 155/155/128 151/151/124 154/154/129
f 121/121/94 123/123/206 144/144/119
f 143/143/117 144/144/119 156/156/130
f 123/123/206 157/157/131 144/144/119
f 156/156/130 144/144/119 157/157/131
f 158/158/160 159/159/132 160/160/133
f 159/3870/132 158/3869/160 161/161/152
f 162/162/134 160/160/133 163/163/162
f 161/161/152 164/164/383 159/3870/132
f 159/3870/132 164/164/383 165/165/135
f 160/160/133 159/159/132 166/166/136
f 166/166/136 159/159/132 167/167/137
f 167/167/137 159/159/132 165/3873/135
f 163/163/162 160/160/133 166/166/136
f 168/168/138 166/166/136 167/167/137
f 168/168/138 167/167/137 169/169/139
f 143/143/117 145/145/144 140/140/114
f 170/170/140 171/171/153 172/172/141
f 170/170/140 172/172/141 173/173/161
f 174/174/142 143/143/117 156/156/130
f 174/174/142 145/145/144 143/143/117
f 175/175/143 145/145/144 174/174/142
f 176/176/150 175/3874/145 177/177/151
f 175/175/143 174/174/142 178/178/146
f 178/3876/147 177/177/151 175/3874/145
f 174/174/142 156/156/130 179/179/148
f 174/174/142 179/179/148 178/178/146
f 177/3875/151 178/178/147 179/179/149
f 147/3868/125 141/141/115 145/145/144
f 147/3868/125 145/145/144 175/175/143
f 175/3874/145 176/176/150 147/147/125
f 147/147/125 176/176/150 153/153/156
f 180/180/155 176/176/150 170/170/140
f 177/177/151 161/3871/152 171/171/153
f 176/176/150 177/177/151 171/171/153
f 161/3871/152 158/158/160 171/171/153
f 161/161/152 177/3875/151 181/181/154
f 171/171/153 170/170/140 176/176/150
f 153/153/156 182/182/159 154/154/129
f 180/180/155 153/153/156 176/176/150
f 180/180/155 183/183/157 153/153/156
f 182/182/159 153/153/156 183/183/157
f 182/182/159 184/184/158 154/154/129
f 173/173/161 184/184/158 182/182/159
f 154/154/129 184/184/158 155/155/128
f 183/183/157 180/180/155 170/170/140
f 183/183/157 170/170/140 173/173/161
f 182/182/159 183/183/157 173/173/161
f 158/158/160 162/162/134 172/172/141
f 185/185/163 172/172/141 162/162/134
f 171/171/153 158/158/160 172/172/141
f 162/162/134 158/158/160 160/160/133
f 162/162/134 163/163/162 185/185/163
f 172/172/141 185/185/163 173/173/161
f 185/185/163 184/184/158 173/173/161
f 163/163/162 166/166/136 168/168/138
f 185/185/163 163/163/162 168/168/138
f 185/185/163 168/168/138 186/186/164
f 184/184/158 185/185/163 186/186/164
f 2/2/2 86/86/62 85/85/61
f 86/86/62 187/187/166 188/188/165
f 187/187/166 86/86/62 189/189/167
f 87/87/66 188/188/165 89/89/67
f 89/89/67 188/188/165 136/136/108
f 187/187/166 190/190/168 188/188/165
f 87/87/66 86/86/62 188/188/165
f 187/187/166 189/189/167 191/191/188
f 192/192/169 193/193/170 189/189/167
f 193/193/170 192/192/169 194/194/172
f 193/193/170 191/191/188 189/189/167
f 193/193/170 195/195/171 191/191/188
f 194/194/172 196/196/173 193/193/170
f 196/196/173 195/195/171 193/193/170
f 189/189/167 86/86/62 2/2/2
f 189/189/167 2/2/2 113/113/90
f 189/189/167 113/113/90 192/192/169
f 114/114/91 192/192/169 113/113/90
f 197/197/174 198/198/322 102/102/75
f 198/198/322 197/197/174 199/199/175
f 198/198/322 199/199/175 200/200/179
f 201/201/176 198/198/322 200/200/179
f 99/99/76 101/101/177 197/197/174
f 102/102/75 99/99/76 197/197/174
f 202/202/178 199/199/175 197/197/174
f 197/197/174 101/101/177 202/202/178
f 200/200/179 203/203/184 201/201/176
f 204/204/182 192/192/169 114/114/91
f 204/204/182 114/114/91 116/116/180
f 116/116/180 205/205/181 204/204/182
f 204/204/182 194/194/172 192/192/169
f 194/194/172 204/204/182 206/206/183
f 206/206/183 204/204/182 205/205/181
f 207/207/204 203/203/184 200/200/179
f 203/203/184 207/207/204 208/208/236
f 136/136/108 188/188/165 190/190/168
f 138/138/109 136/136/108 190/190/168
f 101/101/177 100/100/83 209/209/186
f 202/202/178 101/101/177 209/209/186
f 210/210/185 199/199/175 202/202/178
f 199/199/175 210/210/185 211/211/197
f 212/212/191 210/210/185 209/209/186
f 209/209/186 210/210/185 202/202/178
f 48/48/38 139/139/187 100/100/83
f 139/139/187 209/209/186 100/100/83
f 209/209/186 139/139/187 213/213/190
f 214/214/192 213/213/190 139/139/187
f 187/187/166 138/138/109 190/190/168
f 138/138/109 187/187/166 191/191/188
f 191/191/188 146/146/123 138/138/109
f 146/146/123 191/191/188 215/215/189
f 212/212/191 211/211/197 210/210/185
f 195/195/171 215/215/189 191/191/188
f 209/209/186 213/213/190 212/212/191
f 214/214/192 212/212/191 213/213/190
f 216/216/193 212/212/191 214/214/192
f 217/217/198 212/212/191 216/216/193
f 216/216/193 214/214/192 218/218/194
f 216/216/193 219/219/195 217/217/198
f 220/220/196 216/216/193 218/218/194
f 219/219/195 216/216/193 220/220/196
f 211/211/197 212/212/191 217/217/198
f 219/219/195 221/221/199 217/217/198
f 211/211/197 217/217/198 221/221/199
f 222/222/201 211/211/197 221/221/199
f 219/219/195 223/223/202 221/221/199
f 224/224/200 222/222/201 223/223/202
f 223/223/202 222/222/201 221/221/199
f 199/199/175 225/225/203 200/200/179
f 200/200/179 225/225/203 207/207/204
f 199/199/175 211/211/197 225/225/203
f 222/222/201 225/225/203 211/211/197
f 222/222/201 207/207/204 225/225/203
f 207/207/204 222/222/201 226/226/241
f 119/119/121 227/227/205 122/122/95
f 227/227/205 123/123/206 122/122/95
f 227/227/205 119/119/121 146/146/123
f 215/215/189 227/227/205 146/146/123
f 123/123/206 227/227/205 228/228/207
f 123/123/206 228/228/207 157/157/131
f 156/156/130 157/157/131 229/229/226
f 229/229/226 157/157/131 230/230/208
f 230/230/208 157/157/131 228/228/207
f 229/229/226 230/230/208 231/231/216
f 215/215/189 232/232/209 227/227/205
f 228/228/207 227/227/205 233/233/210
f 233/233/210 230/230/208 228/228/207
f 234/234/217 230/230/208 233/233/210
f 231/231/216 230/230/208 234/234/217
f 229/229/226 231/231/216 235/235/211
f 236/236/212 233/233/210 227/227/205
f 164/164/383 237/237/605 165/165/135
f 233/233/210 238/238/218 234/234/217
f 196/196/173 239/239/213 195/195/171
f 239/239/213 215/215/189 195/195/171
f 196/196/173 194/194/172 206/206/183
f 206/206/183 240/240/214 196/196/173
f 196/196/173 240/240/214 241/241/215
f 196/196/173 241/241/215 239/239/213
f 227/227/205 232/232/209 236/236/212
f 240/240/214 206/206/183 205/205/181
f 241/241/215 240/240/214 242/242/350
f 240/240/214 205/205/181 242/242/350
f 232/232/209 215/215/189 243/243/355
f 236/236/212 238/238/218 233/233/210
f 231/231/216 234/234/217 244/244/233
f 245/245/221 234/234/217 238/238/218
f 244/244/233 234/234/217 246/246/220
f 247/247/219 238/238/218 236/236/212
f 247/247/219 245/245/221 238/238/218
f 234/234/217 245/245/221 246/246/220
f 246/246/220 245/245/221 248/248/222
f 248/248/222 245/245/221 247/247/219
f 249/249/223 247/247/219 236/236/212
f 249/249/223 236/236/212 250/250/352
f 247/247/219 251/251/224 248/248/222
f 156/156/130 252/252/225 179/179/148
f 252/252/225 156/156/130 229/229/226
f 181/181/154 177/3875/151 179/179/149
f 179/179/149 252/252/225 181/181/154
f 164/164/383 181/181/154 253/253/227
f 254/254/228 252/252/225 229/229/226
f 254/254/228 229/229/226 235/235/211
f 181/181/154 252/252/225 253/253/227
f 253/253/227 252/252/225 254/254/228
f 184/184/158 255/255/229 155/155/128
f 184/184/158 256/256/238 255/255/229
f 164/164/383 161/161/152 181/181/154
f 254/254/228 235/235/211 257/257/232
f 258/258/230 164/164/383 253/253/227
f 254/254/228 258/258/231 253/253/227
f 254/254/228 257/257/232 258/258/231
f 244/244/233 235/235/211 231/231/216
f 257/257/232 235/235/211 244/244/233
f 257/257/232 244/244/233 259/259/256
f 258/258/231 257/257/232 259/259/256
f 259/259/256 260/260/257 258/258/231
f 241/241/215 215/215/189 239/239/213
f 207/207/204 226/226/241 208/208/236
f 261/261/234 262/262/235 208/208/236
f 243/243/355 215/215/189 241/241/215
f 242/242/350 263/263/351 241/241/215
f 263/263/351 243/243/355 241/241/215
f 264/264/237 226/226/241 222/222/201
f 224/224/200 264/264/237 222/222/201
f 265/265/244 264/264/237 224/224/200
f 256/256/238 265/265/244 224/224/200
f 226/226/241 264/264/237 265/265/244
f 266/266/1974 267/267/252 265/265/244
f 256/256/238 184/184/158 268/268/239
f 226/226/241 261/261/234 208/208/236
f 269/269/240 261/261/234 226/226/241
f 269/269/240 270/270/242 261/261/234
f 271/271/243 261/261/234 270/270/242
f 271/271/243 262/262/235 261/261/234
f 265/265/244 269/269/240 226/226/241
f 269/269/240 265/265/244 267/267/252
f 272/272/250 273/273/245 274/274/246
f 269/269/240 272/272/250 270/270/242
f 270/270/242 272/272/250 271/271/243
f 271/271/243 272/272/250 274/274/246
f 272/272/250 275/275/247 273/273/245
f 276/276/248 275/275/249 272/272/250
f 276/276/248 272/272/250 277/277/251
f 269/269/240 267/267/252 277/277/251
f 277/277/251 267/267/252 268/268/239
f 277/277/251 272/272/250 269/269/240
f 276/276/248 277/277/251 278/278/253
f 277/277/251 268/268/239 278/278/253
f 278/278/253 268/268/239 184/184/158
f 259/259/256 244/244/233 246/246/220
f 260/260/257 164/164/383 258/258/230
f 184/184/158 279/279/621 280/280/254
f 259/259/256 246/246/220 281/281/368
f 281/281/368 246/246/220 248/248/222
f 248/248/222 251/251/224 281/281/368
f 281/281/368 282/282/255 259/259/256
f 281/281/368 283/283/367 282/282/255
f 259/259/256 284/284/258 260/260/257
f 284/284/258 259/259/256 282/282/255
f 285/285/259 260/260/257 284/284/258
f 285/285/259 284/284/258 282/282/255
f 282/282/255 283/283/367 285/285/259
f 260/260/257 285/285/259 164/164/383
f 276/276/248 286/286/260 275/275/249
f 287/287/390 276/276/248 278/278/253
f 287/287/390 278/278/253 184/184/158
f 184/184/158 280/280/254 287/287/390
f 288/288/261 57/57/276 65/65/43
f 66/66/263 288/288/261 65/65/43
f 288/288/261 289/289/262 57/57/276
f 66/66/263 290/290/264 289/289/262
f 289/289/262 288/288/261 66/66/263
f 289/289/262 291/291/274 57/57/276
f 292/292/265 289/289/262 290/290/264
f 293/293/266 72/72/267 294/294/268
f 75/75/269 72/72/267 293/293/266
f 75/3865/269 293/3879/266 295/295/270
f 294/294/268 296/296/272 293/3879/266
f 295/295/270 293/3879/266 296/296/272
f 72/72/267 71/71/86 294/294/268
f 294/294/268 297/297/271 296/296/272
f 296/296/272 297/297/271 298/298/2006
f 299/299/273 291/291/274 289/289/262
f 299/299/273 300/300/275 291/291/274
f 301/301/278 57/57/276 291/291/274
f 289/289/262 292/292/265 299/299/273
f 302/302/2002 300/300/275 299/299/273
f 291/291/274 300/300/275 301/301/278
f 303/303/277 304/304/283 301/301/278
f 303/303/277 301/301/278 300/300/275
f 305/305/2003 303/303/277 300/300/275
f 57/57/276 301/301/278 58/58/279
f 301/301/278 306/306/284 58/58/279
f 297/297/271 294/294/268 307/307/286
f 298/298/2006 297/297/271 308/308/280
f 308/308/280 297/297/271 307/307/286
f 111/111/281 307/307/286 294/294/268
f 308/308/280 307/307/286 309/309/2009
f 310/310/287 307/307/286 311/311/282
f 111/111/281 92/92/88 103/103/333
f 312/312/303 95/95/70 58/58/279
f 294/294/268 71/71/86 111/111/281
f 312/312/303 58/58/279 306/306/284
f 307/307/286 111/111/281 311/311/282
f 313/313/413 311/311/282 111/111/281
f 313/313/413 111/111/281 103/103/333
f 303/303/277 305/305/2003 314/314/2037
f 304/304/283 315/315/289 306/306/284
f 301/301/278 304/304/283 306/306/284
f 316/316/2036 304/304/283 303/303/277
f 310/310/287 317/317/285 307/307/286
f 310/310/287 318/318/293 317/317/285
f 318/318/293 310/310/287 319/319/288
f 316/316/2036 315/315/289 304/304/283
f 320/320/291 315/315/289 316/316/2036
f 321/321/2040 320/320/291 316/316/2036
f 315/315/289 322/322/290 306/306/284
f 315/315/289 320/3880/291 323/323/2042
f 324/324/2043 323/323/2042 320/3880/291
f 321/321/2040 324/3881/2043 320/320/291
f 323/323/2042 322/322/290 315/315/289
f 319/319/288 310/310/287 311/311/282
f 325/325/292 318/318/293 319/319/288
f 311/311/282 313/313/413 319/319/288
f 319/319/288 313/313/413 326/326/294
f 326/326/294 327/327/300 319/319/288
f 327/327/300 325/325/292 319/319/288
f 328/328/2063 325/325/292 327/327/300
f 326/326/294 313/313/413 329/329/295
f 312/312/303 330/330/297 331/331/296
f 330/330/297 332/332/298 331/331/296
f 312/312/303 306/306/284 322/322/290
f 333/333/299 322/322/290 323/323/2042
f 333/333/299 330/330/297 322/322/290
f 322/322/290 330/330/297 312/312/303
f 332/332/298 330/330/297 333/333/299
f 327/327/300 326/326/294 334/334/310
f 335/335/301 327/327/300 334/334/310
f 333/333/299 336/336/2068 332/332/298
f 337/337/304 338/338/302 312/312/303
f 331/331/296 337/337/304 312/312/303
f 337/337/304 339/339/305 338/338/302
f 340/340/306 339/339/305 337/337/304
f 331/331/296 332/332/298 341/341/307
f 341/341/307 337/337/304 331/331/296
f 337/337/304 341/341/307 340/340/306
f 340/340/306 341/341/307 342/342/308
f 343/343/309 340/340/306 344/344/317
f 334/334/310 326/326/294 329/329/295
f 334/334/310 345/345/313 346/346/311
f 329/329/295 345/345/313 334/334/310
f 313/313/413 347/347/312 329/329/295
f 345/345/313 329/329/295 347/347/312
f 347/347/312 348/348/315 345/345/313
f 347/347/312 313/313/413 349/349/314
f 347/347/312 349/349/314 348/348/315
f 350/350/2070 341/341/307 332/332/298
f 341/341/307 351/351/316 342/342/308
f 342/342/308 344/344/317 340/340/306
f 115/115/92 95/95/70 352/352/318
f 116/116/180 115/115/92 352/352/318
f 352/352/318 353/353/320 116/116/180
f 354/354/319 353/353/320 352/352/318
f 354/354/319 355/355/321 353/353/320
f 356/356/336 354/354/319 352/352/318
f 357/357/323 102/102/75 198/198/322
f 357/357/323 198/198/322 201/201/176
f 357/357/323 201/201/176 358/358/324
f 359/359/334 357/357/323 358/358/324
f 103/103/333 102/102/75 357/357/323
f 357/357/323 359/359/334 103/103/333
f 205/205/181 116/116/180 353/353/320
f 205/205/181 353/353/320 355/355/321
f 360/360/328 359/359/334 358/358/324
f 205/205/181 355/355/321 361/361/349
f 203/203/184 362/362/325 201/201/176
f 362/362/325 203/203/184 208/208/236
f 362/362/325 358/358/324 201/201/176
f 363/363/326 358/358/324 362/362/325
f 364/364/327 363/363/326 362/362/325
f 364/364/327 362/362/325 208/208/236
f 363/363/326 360/360/328 358/358/324
f 363/363/326 365/365/330 360/360/328
f 366/366/329 365/365/330 363/363/326
f 364/364/327 366/366/329 363/363/326
f 367/367/359 366/366/329 364/364/327
f 312/312/303 368/368/331 95/95/70
f 352/352/318 95/95/70 368/368/331
f 369/369/332 103/103/333 359/359/334
f 369/369/332 359/359/334 370/370/335
f 313/313/413 103/103/333 369/369/332
f 371/371/414 372/372/412 369/369/332
f 373/373/337 355/355/321 354/354/319
f 368/368/331 356/356/336 352/352/318
f 356/356/336 373/373/337 354/354/319
f 361/361/349 355/355/321 373/373/337
f 374/374/338 373/373/337 375/375/345
f 373/373/337 374/374/338 361/361/349
f 376/376/339 373/373/337 356/356/336
f 376/376/339 356/356/336 368/368/331
f 375/375/345 373/373/337 376/376/339
f 376/376/339 377/377/340 375/375/345
f 359/359/334 360/360/328 370/370/335
f 370/370/335 360/360/328 365/365/330
f 370/370/335 365/365/330 378/378/341
f 365/365/330 366/366/329 378/378/341
f 370/370/335 378/378/341 379/379/343
f 366/366/329 367/367/359 378/378/341
f 370/370/335 379/379/343 369/369/332
f 380/380/342 379/379/343 378/378/341
f 381/381/422 369/369/332 379/379/343
f 371/371/414 369/369/332 381/381/422
f 382/382/344 381/381/422 380/380/342
f 380/380/342 381/381/422 379/379/343
f 383/383/354 374/374/338 375/375/345
f 384/384/346 375/375/345 377/377/340
f 375/375/345 384/384/346 385/385/353
f 364/364/327 208/208/236 262/262/235
f 364/364/327 262/262/235 386/386/347
f 367/367/359 364/364/327 386/386/347
f 380/380/342 378/378/341 367/367/359
f 387/387/348 382/382/344 380/380/342
f 388/388/394 387/387/348 380/380/342
f 205/205/181 361/361/349 242/242/350
f 361/361/349 263/263/351 242/242/350
f 232/232/209 250/250/352 236/236/212
f 249/249/223 251/251/224 247/247/219
f 375/375/345 385/385/353 383/383/354
f 263/263/351 389/389/358 243/243/355
f 243/243/355 389/389/358 390/390/356
f 243/243/355 390/390/356 232/232/209
f 391/391/357 263/263/351 361/361/349
f 391/391/357 389/389/358 263/263/351
f 391/391/357 361/361/349 374/374/338
f 391/391/357 374/374/338 392/392/391
f 262/262/235 271/271/243 386/386/347
f 393/393/361 386/386/347 271/271/243
f 274/274/246 393/393/361 271/271/243
f 394/394/366 273/273/245 275/275/247
f 273/273/245 394/394/366 274/274/246
f 393/393/361 367/367/359 386/386/347
f 395/395/360 393/393/361 274/274/246
f 394/394/366 395/395/360 274/274/246
f 393/393/361 395/395/360 396/396/362
f 367/367/359 393/393/361 396/396/362
f 367/367/359 396/396/362 397/397/363
f 286/286/364 398/398/365 394/394/366
f 399/399/377 394/394/366 398/398/365
f 283/283/367 281/281/368 400/400/369
f 251/251/224 400/400/369 281/281/368
f 249/249/223 401/401/370 251/251/224
f 402/402/371 251/251/224 401/401/370
f 251/251/224 403/403/372 400/400/369
f 402/402/371 403/403/372 251/251/224
f 404/404/373 285/3878/374 283/3877/375
f 405/405/378 283/3877/367 400/3882/369
f 404/404/373 283/3877/375 405/405/379
f 406/406/381 285/3878/259 404/404/376
f 400/3882/369 399/399/377 405/405/378
f 407/407/382 404/404/373 405/405/379
f 407/407/382 405/405/379 398/398/389
f 407/407/382 406/406/381 404/404/373
f 408/408/380 406/406/381 407/407/382
f 399/399/377 398/398/365 405/405/378
f 406/406/381 164/3872/383 285/3878/259
f 408/408/380 409/409/384 406/406/381
f 399/399/377 400/3882/369 410/410/385
f 411/411/405 394/394/366 399/399/377
f 400/400/369 403/403/372 410/3883/385
f 232/232/209 390/390/356 250/250/352
f 250/250/352 412/412/386 249/249/223
f 401/401/370 249/249/223 412/412/386
f 399/399/377 410/410/385 411/411/405
f 403/403/372 402/402/371 413/413/387
f 394/394/366 275/275/247 286/286/364
f 414/414/388 286/286/260 276/276/248
f 414/414/388 398/398/389 286/286/260
f 398/398/389 414/414/388 407/407/382
f 287/287/390 414/414/388 276/276/248
f 408/408/380 407/407/382 414/414/388
f 414/414/388 287/287/390 408/408/380
f 287/287/390 280/280/254 408/408/380
f 408/408/380 280/280/254 409/409/384
f 411/411/405 395/395/360 394/394/366
f 392/392/391 374/374/338 383/383/354
f 389/389/358 391/391/357 392/392/391
f 415/415/397 389/389/358 392/392/391
f 389/389/358 416/416/392 390/390/356
f 415/415/397 416/416/392 389/389/358
f 416/416/392 250/250/352 390/390/356
f 385/385/353 417/417/393 383/383/354
f 417/417/393 392/392/391 383/383/354
f 417/417/393 415/415/397 392/392/391
f 367/367/359 397/397/363 380/380/342
f 388/388/394 380/380/342 397/397/363
f 418/418/396 388/388/394 397/397/363
f 396/396/362 418/418/396 397/397/363
f 419/419/2113 396/396/362 395/395/360
f 396/396/362 419/419/2113 418/418/396
f 419/419/2113 395/395/360 411/411/405
f 420/420/395 388/388/394 418/418/396
f 420/420/395 387/387/348 388/388/394
f 417/417/393 421/421/436 415/415/397
f 250/250/352 416/416/392 422/422/402
f 402/402/371 401/401/370 412/412/386
f 413/413/387 402/402/371 423/423/398
f 423/423/398 402/402/371 412/412/386
f 410/3883/385 403/403/372 424/424/399
f 424/424/399 403/403/372 413/413/387
f 410/3883/385 424/424/399 425/425/400
f 250/250/352 426/426/401 412/412/386
f 250/250/352 422/422/402 426/426/401
f 426/426/401 422/422/402 427/427/403
f 426/426/401 423/423/398 412/412/386
f 423/423/398 428/428/443 413/413/387
f 429/429/404 428/428/443 423/423/398
f 424/424/399 413/413/387 428/428/443
f 423/423/398 426/426/401 429/429/404
f 425/425/400 411/3884/405 410/3883/385
f 425/425/400 430/430/2144 411/3884/405
f 425/425/400 424/424/399 428/428/443
f 368/368/331 312/312/303 338/338/302
f 431/431/406 432/432/409 433/433/411
f 433/433/411 434/434/428 431/431/406
f 368/368/331 435/435/407 376/376/339
f 376/376/339 435/435/407 377/377/340
f 435/435/407 368/368/331 338/338/302
f 377/377/340 435/435/407 432/432/409
f 433/433/411 435/435/407 338/338/302
f 433/433/411 432/432/409 435/435/407
f 436/436/408 384/384/346 377/377/340
f 436/436/408 377/377/340 432/432/409
f 436/436/408 432/432/409 431/431/406
f 339/339/305 433/433/411 338/338/302
f 339/339/305 437/437/410 433/433/411
f 434/434/428 433/433/411 437/437/410
f 372/372/412 313/313/413 369/369/332
f 372/372/412 438/438/415 439/439/416
f 438/438/415 372/372/412 371/371/414
f 438/438/415 371/371/414 381/381/422
f 440/440/418 438/438/415 441/441/421
f 349/349/314 313/313/413 439/439/416
f 349/349/314 442/442/420 348/348/315
f 443/443/417 349/349/314 439/439/416
f 349/349/314 443/443/417 442/442/420
f 372/372/412 439/439/416 313/313/413
f 443/443/417 439/439/416 438/438/415
f 443/443/417 438/438/415 440/440/418
f 443/443/417 440/440/418 442/442/420
f 444/444/419 442/442/420 440/440/418
f 382/382/344 441/441/421 381/381/422
f 381/381/422 441/441/421 438/438/415
f 431/431/406 445/445/425 436/436/408
f 440/440/418 441/441/421 446/446/423
f 447/447/424 436/436/408 445/445/425
f 447/447/424 445/445/425 448/448/426
f 449/449/427 441/441/421 382/382/344
f 449/449/427 446/446/423 441/441/421
f 449/449/427 382/382/344 387/387/348
f 440/440/418 446/446/423 444/444/419
f 339/339/305 340/340/306 437/437/410
f 343/343/309 437/437/410 340/340/306
f 450/450/431 437/437/410 343/343/309
f 445/445/425 431/431/406 434/434/428
f 450/450/431 434/434/428 437/437/410
f 344/344/317 450/450/431 343/343/309
f 442/442/420 444/444/419 451/451/429
f 452/452/430 450/450/431 344/344/317
f 453/453/2117 344/344/317 342/342/308
f 453/453/2117 452/452/430 344/344/317
f 454/454/432 455/455/433 450/450/431
f 454/454/432 450/450/431 452/452/430
f 455/455/433 434/434/428 450/450/431
f 448/448/426 434/434/428 455/455/433
f 434/434/428 448/448/426 445/445/425
f 456/456/434 447/447/424 448/448/426
f 455/455/433 456/456/434 448/448/426
f 385/385/353 457/457/435 417/417/393
f 384/384/346 436/436/408 457/457/435
f 457/457/435 385/385/353 384/384/346
f 457/457/435 421/421/436 417/417/393
f 416/416/392 415/415/397 421/421/436
f 458/458/437 416/416/392 421/421/436
f 458/458/437 422/422/402 416/416/392
f 457/457/435 459/459/439 421/421/436
f 457/457/435 436/436/408 447/447/424
f 421/421/436 459/459/439 458/458/437
f 457/457/435 447/447/424 459/459/439
f 447/447/424 460/460/438 459/459/439
f 458/458/437 461/461/2127 422/422/402
f 427/427/403 422/422/402 462/462/440
f 426/426/401 427/427/403 463/463/441
f 426/426/401 463/463/441 429/429/404
f 464/464/444 465/465/447 430/430/2144
f 428/428/443 429/429/404 466/466/442
f 466/466/442 429/429/404 463/463/441
f 428/428/443 464/464/444 425/425/400
f 464/464/444 428/428/443 466/466/442
f 430/430/2144 425/425/400 464/464/444
f 467/467/445 463/463/441 427/427/403
f 466/466/442 463/463/441 467/467/445
f 462/462/440 467/467/445 427/427/403
f 467/467/445 468/468/446 466/466/442
f 464/464/444 466/466/442 469/469/2140
f 464/464/444 469/469/2140 465/465/447
f 470/470/448 467/467/445 462/462/440
f 468/468/446 467/467/445 470/470/448
f 466/466/442 468/468/446 469/469/2140
f 460/460/438 447/447/424 456/456/434
f 459/459/439 460/460/438 458/458/437
f 461/461/2127 462/462/440 422/422/402
f 462/462/440 461/461/2127 471/471/2146
f 470/470/448 462/462/440 472/472/2147
f 462/462/440 471/471/2146 472/472/2147
f 473/473/2142 468/468/446 470/470/448
f 474/474/461 475/475/449 476/476/450
f 477/477/451 475/475/449 474/474/461
f 478/478/464 479/479/479 475/475/449
f 479/479/479 476/3886/450 475/475/449
f 480/480/452 476/3886/450 479/479/479
f 479/479/479 481/481/453 480/480/452
f 482/482/454 474/474/461 476/476/450
f 482/482/454 483/483/455 474/474/461
f 483/3888/455 482/3887/454 484/484/456
f 476/3886/450 480/480/452 482/3887/454
f 480/480/452 484/484/456 482/3887/454
f 481/481/453 485/485/458 480/480/452
f 484/484/456 480/480/452 485/485/458
f 485/485/458 486/486/457 484/484/456
f 485/485/458 481/481/453 487/487/459
f 488/488/460 474/474/461 483/483/455
f 488/488/460 477/477/451 474/474/461
f 488/488/460 489/489/462 490/490/463
f 478/478/464 475/475/449 491/491/465
f 475/475/449 477/477/451 491/491/465
f 488/488/460 490/490/463 477/477/451
f 492/492/466 491/491/465 477/477/451
f 477/477/451 490/490/463 493/493/467
f 477/477/451 493/493/467 492/492/466
f 494/494/497 492/492/466 493/493/467
f 493/493/467 495/495/469 494/494/497
f 496/496/468 493/3893/467 490/3892/463
f 496/496/468 495/3895/469 493/3893/467
f 496/496/468 497/497/477 495/3895/469
f 489/3891/462 488/488/460 483/483/455
f 498/498/470 483/3888/455 484/484/456
f 498/498/470 484/484/456 486/486/457
f 489/3890/462 483/3888/455 498/498/470
f 489/3890/462 498/498/470 499/499/471
f 498/498/470 500/500/472 499/499/471
f 498/498/470 486/486/457 500/500/472
f 501/501/483 502/502/493 503/503/501
f 504/504/474 501/3899/483 503/3900/501
f 505/505/627 501/3899/483 504/504/474
f 506/506/473 505/505/627 504/504/474
f 504/504/474 507/507/475 506/506/473
f 508/508/476 507/507/475 504/504/474
f 499/3897/471 490/3892/463 489/3889/462
f 499/3897/471 496/496/468 490/3892/463
f 500/3898/472 496/496/468 499/3897/471
f 496/496/468 500/3898/472 497/497/477
f 500/3898/472 509/509/503 497/497/477
f 508/508/476 497/3896/477 509/3901/503
f 504/504/474 503/3900/501 508/508/476
f 487/487/459 486/486/457 485/485/458
f 509/3901/503 500/500/472 486/486/457
f 510/510/478 479/479/479 478/478/464
f 479/479/479 510/510/478 481/481/453
f 481/481/453 510/510/478 511/511/582
f 511/511/480 487/487/459 481/481/453
f 512/512/481 513/513/482 502/502/493
f 514/514/487 512/512/481 501/501/483
f 512/512/481 515/515/484 513/513/482
f 516/516/485 512/512/481 514/514/487
f 517/517/486 514/3902/487 501/3899/483
f 517/517/486 501/3899/483 505/505/627
f 516/516/485 515/515/484 512/512/481
f 518/518/488 515/515/484 516/516/485
f 514/514/487 518/518/488 516/516/485
f 519/519/646 518/518/488 514/514/487
f 520/520/511 521/521/509 522/522/489
f 523/523/637 524/524/490 522/3905/489
f 524/3909/490 525/525/491 522/522/489
f 520/520/511 522/522/489 525/525/491
f 526/526/492 520/520/511 525/525/491
f 515/515/484 527/527/505 513/513/482
f 528/528/496 513/513/482 527/527/505
f 502/502/493 513/513/482 528/528/496
f 529/529/494 530/530/495 527/527/505
f 527/527/505 530/530/495 528/528/496
f 529/529/494 491/491/465 492/492/466
f 494/494/497 529/529/494 492/492/466
f 530/530/495 529/529/494 494/494/497
f 528/528/496 530/530/495 531/531/498
f 531/531/498 532/532/499 528/528/496
f 531/531/500 494/494/497 495/495/469
f 531/531/500 530/530/495 494/494/497
f 497/3896/477 531/3912/500 495/3894/469
f 533/533/507 529/529/494 527/527/505
f 512/512/481 502/502/493 501/501/483
f 502/502/493 528/528/496 503/503/501
f 503/503/501 528/528/496 532/532/499
f 508/508/476 531/3912/500 497/3896/477
f 532/3913/499 531/3912/502 508/508/476
f 509/3901/503 534/534/508 508/508/476
f 508/508/476 503/3900/501 532/3913/499
f 508/508/476 534/534/508 507/507/475
f 535/535/504 506/506/473 507/507/475
f 535/535/504 507/507/475 534/534/508
f 536/536/510 515/515/484 518/518/488
f 536/536/510 527/527/505 515/515/484
f 527/527/505 536/536/510 533/533/507
f 537/537/506 536/536/510 518/518/488
f 519/519/646 537/537/506 518/518/488
f 533/533/507 491/491/465 529/529/494
f 486/486/457 534/534/508 509/3901/503
f 535/535/504 486/486/457 487/487/459
f 535/535/504 534/534/508 486/486/457
f 537/3915/506 521/3904/509 536/3914/510
f 521/521/509 520/520/511 536/536/510
f 520/520/511 533/533/507 536/536/510
f 526/526/492 538/538/532 520/520/511
f 539/539/512 540/540/516 541/541/513
f 539/539/512 541/541/513 542/542/514
f 543/543/517 544/544/526 540/540/516
f 545/545/515 540/540/516 539/539/512
f 540/540/516 545/545/515 543/543/517
f 539/539/512 542/542/514 546/546/518
f 542/542/514 547/547/519 546/546/518
f 547/547/519 542/542/514 548/548/520
f 539/539/512 546/546/518 545/545/515
f 549/549/699 550/550/654 551/551/542
f 541/541/513 552/552/525 553/553/522
f 554/554/528 555/555/521 556/556/561
f 552/552/525 554/554/528 556/556/561
f 553/553/522 552/552/525 556/556/561
f 553/553/522 556/556/561 557/557/523
f 558/558/536 553/553/522 559/559/524
f 553/553/522 557/557/523 559/559/524
f 554/554/528 552/552/525 544/544/526
f 544/544/526 560/560/527 554/554/528
f 541/541/513 540/540/516 552/552/525
f 552/552/525 540/540/516 544/544/526
f 560/560/527 555/555/521 554/554/528
f 561/561/539 541/541/513 553/553/522
f 553/553/522 562/562/534 561/561/539
f 562/562/534 553/553/522 558/558/536
f 561/561/539 562/562/534 563/563/529
f 533/533/507 520/520/511 538/538/532
f 533/533/507 538/538/532 564/564/530
f 565/565/531 564/564/530 538/538/532
f 566/566/533 562/562/534 558/558/536
f 562/562/534 566/566/533 567/567/540
f 558/558/536 568/568/535 566/566/533
f 568/568/535 558/558/536 569/569/537
f 569/569/537 570/570/538 568/568/535
f 542/542/514 541/541/513 561/561/539
f 542/542/514 561/561/539 563/563/529
f 567/567/540 563/563/529 562/562/534
f 567/567/540 571/571/541 563/563/529
f 542/542/514 551/3919/542 548/548/520
f 563/563/529 551/3919/542 542/542/514
f 547/547/519 548/548/520 551/3919/542
f 551/3919/542 563/563/529 572/572/543
f 551/551/542 572/3921/543 573/573/549
f 572/572/543 563/563/529 571/571/541
f 571/571/541 574/574/544 572/572/543
f 575/575/545 574/574/544 565/565/531
f 573/573/549 576/576/546 551/551/542
f 575/3922/547 573/573/549 572/3921/543
f 575/575/547 572/572/543 574/574/544
f 577/577/548 573/573/549 575/3922/547
f 577/577/551 575/3922/545 565/3920/531
f 578/578/550 577/577/551 565/3920/531
f 577/577/551 578/578/550 579/579/557
f 576/576/546 573/573/549 577/577/548
f 580/580/553 551/551/542 576/576/546
f 566/566/533 571/571/541 567/567/540
f 568/568/535 570/570/552 564/564/530
f 576/576/546 581/581/743 580/580/553
f 571/571/541 566/566/533 582/582/554
f 565/565/531 582/582/554 564/564/530
f 574/574/544 571/571/541 582/582/554
f 574/574/544 582/582/554 565/565/531
f 582/582/554 566/566/533 568/568/535
f 582/582/554 568/568/535 564/564/530
f 577/577/548 583/583/556 576/576/546
f 579/579/557 583/583/556 577/577/551
f 583/583/556 581/581/743 576/576/546
f 584/584/555 581/581/743 583/583/556
f 579/579/557 584/584/555 583/583/556
f 585/585/558 586/586/559 579/579/557
f 587/587/560 588/588/585 589/589/571
f 589/589/571 590/590/589 587/587/560
f 556/556/561 591/591/562 557/557/523
f 592/592/563 556/556/561 555/555/521
f 592/592/563 591/591/562 556/556/561
f 593/593/662 592/592/563 555/555/521
f 592/592/563 594/594/569 591/591/562
f 557/557/523 591/591/562 595/595/564
f 595/595/564 591/591/562 594/594/569
f 560/560/527 596/596/565 597/597/729
f 560/560/527 598/598/566 555/555/521
f 598/598/566 593/593/662 555/555/521
f 598/598/566 560/560/527 597/597/729
f 599/599/660 600/600/567 593/593/662
f 599/599/660 601/601/568 600/600/567
f 594/594/569 592/592/563 600/600/567
f 594/594/569 600/600/567 601/601/568
f 602/602/598 590/590/589 589/589/571
f 603/603/570 602/602/598 589/589/571
f 595/595/564 594/594/569 604/604/576
f 605/605/572 595/595/564 606/606/573
f 604/604/576 594/594/569 607/607/574
f 595/595/564 604/604/576 606/606/573
f 606/606/573 604/604/576 608/608/601
f 606/606/573 608/608/601 603/603/570
f 608/608/601 604/604/576 609/609/577
f 607/607/574 594/594/569 601/601/568
f 610/610/575 607/607/574 611/611/668
f 604/604/576 607/607/574 610/610/575
f 610/610/575 609/609/577 604/604/576
f 609/609/577 610/610/575 612/612/578
f 609/609/577 612/612/578 613/613/579
f 608/608/601 609/609/577 613/613/579
f 612/612/578 610/610/575 611/611/668
f 592/592/563 593/593/662 600/600/567
f 608/608/601 613/613/579 614/614/580
f 614/614/580 613/613/579 615/615/669
f 615/615/669 613/613/579 612/612/578
f 533/533/507 478/478/464 491/491/465
f 510/510/478 478/478/464 616/616/581
f 510/510/478 616/616/581 511/511/582
f 616/616/581 478/478/464 589/589/571
f 589/589/571 588/588/585 616/616/581
f 511/511/582 616/616/581 588/588/585
f 478/478/464 533/533/507 589/589/571
f 617/617/583 618/618/584 487/487/459
f 618/618/584 535/535/504 487/487/459
f 619/619/586 511/511/582 588/588/585
f 511/511/480 619/619/586 617/617/583
f 511/511/480 617/617/583 487/487/459
f 620/620/588 587/587/560 590/590/589
f 588/588/585 587/587/560 621/621/587
f 588/588/585 621/621/587 619/619/586
f 621/621/587 587/587/560 620/620/588
f 590/590/589 622/622/590 620/620/588
f 619/619/586 621/621/587 620/620/588
f 620/620/588 617/617/583 619/619/586
f 617/617/583 620/620/588 622/622/590
f 623/623/594 558/558/536 559/559/524
f 569/569/537 558/558/536 623/623/594
f 623/623/594 570/570/538 569/569/537
f 559/559/524 557/557/523 595/595/564
f 624/624/591 559/559/524 595/595/564
f 624/624/591 605/605/572 625/625/592
f 624/624/591 595/595/564 605/605/572
f 626/626/593 533/533/507 625/625/592
f 605/605/572 626/626/593 625/625/592
f 624/624/591 623/623/594 559/559/524
f 624/624/591 625/625/592 623/623/594
f 564/564/530 625/625/592 533/533/507
f 570/570/552 623/623/594 564/564/530
f 623/623/594 625/625/592 564/564/530
f 627/627/750 628/628/657 618/618/584
f 533/533/507 626/626/593 589/589/571
f 589/589/571 626/626/593 603/603/570
f 590/590/589 602/602/598 622/622/590
f 605/605/572 603/603/570 626/626/593
f 606/606/573 603/603/570 605/605/572
f 608/608/601 602/602/598 603/603/570
f 629/629/595 618/618/584 617/617/583
f 617/617/583 622/622/590 629/629/595
f 622/622/590 602/602/598 630/630/596
f 631/631/597 602/602/598 608/608/601
f 630/630/596 602/602/598 631/631/597
f 630/630/596 631/631/597 632/632/599
f 630/630/596 629/629/595 622/622/590
f 629/629/595 630/630/596 633/633/600
f 633/633/600 618/618/584 629/629/595
f 633/633/600 630/630/596 632/632/599
f 631/631/597 608/608/601 634/634/671
f 634/634/671 608/608/601 614/614/580
f 631/631/597 635/635/602 632/632/599
f 634/634/671 635/635/602 631/631/597
f 633/633/600 632/632/599 635/635/602
f 636/636/772 618/618/584 633/633/600
f 167/167/137 165/3873/135 637/637/603
f 167/167/137 637/637/603 169/169/139
f 637/637/603 638/638/604 169/169/139
f 186/186/164 169/169/139 638/638/604
f 168/168/138 169/169/139 186/186/164
f 637/3923/603 165/165/135 237/237/605
f 237/237/605 639/639/606 637/3923/603
f 638/638/604 637/637/603 639/3924/606
f 640/640/607 638/638/604 639/3924/606
f 186/186/164 638/638/604 641/641/608
f 639/3924/606 642/642/609 640/640/607
f 640/640/607 641/641/608 638/638/604
f 643/643/612 237/237/605 164/164/383
f 237/237/605 642/3925/609 639/639/606
f 640/640/607 642/642/609 644/644/610
f 644/644/610 641/641/608 640/640/607
f 642/3925/609 237/237/605 645/645/611
f 237/237/605 643/643/612 645/645/611
f 646/646/613 644/644/610 642/642/609
f 642/3925/609 645/645/611 646/3926/613
f 647/647/614 645/645/611 643/643/612
f 648/648/619 647/3927/614 649/649/616
f 646/3926/613 645/645/611 647/647/614
f 646/646/613 647/3927/614 648/648/619
f 648/648/619 649/649/616 650/650/615
f 649/3928/616 647/647/614 643/643/612
f 649/3928/616 643/643/612 651/651/617
f 279/279/621 184/184/158 186/186/164
f 279/279/621 186/186/164 641/641/608
f 279/279/621 641/641/608 652/652/618
f 644/644/610 652/652/618 641/641/608
f 646/646/613 652/652/618 644/644/610
f 652/652/618 646/646/613 648/648/619
f 652/652/618 648/648/619 650/650/615
f 650/650/615 649/649/616 653/653/626
f 652/652/618 650/650/615 279/279/621
f 654/654/620 279/279/621 653/653/626
f 279/279/621 650/650/615 653/653/626
f 655/655/622 656/656/623 651/3929/617
f 651/3929/617 164/3872/383 657/657/624
f 655/655/622 651/3929/617 657/657/624
f 654/654/620 280/280/254 279/279/621
f 406/406/381 409/409/384 657/657/624
f 657/657/624 409/409/384 658/658/625
f 409/409/384 280/280/254 658/658/625
f 655/655/622 654/654/620 656/656/623
f 658/658/625 655/655/622 657/657/624
f 658/658/625 654/654/620 655/655/622
f 280/280/254 654/654/620 658/658/625
f 164/164/383 651/651/617 643/643/612
f 656/656/623 653/653/626 651/3929/617
f 653/653/626 649/649/616 651/3929/617
f 654/654/620 653/653/626 656/656/623
f 505/505/627 659/659/628 517/517/486
f 660/660/629 517/517/486 659/659/628
f 660/660/629 514/3902/487 517/517/486
f 514/514/487 660/3930/629 519/519/646
f 661/661/630 526/526/492 662/662/631
f 663/663/644 662/3933/632 664/664/633
f 663/663/644 661/3932/634 662/3933/632
f 665/665/635 525/525/491 524/3909/490
f 666/666/639 665/3934/635 524/3910/490
f 662/662/631 525/525/491 665/665/635
f 664/664/633 665/3934/635 666/666/639
f 664/664/633 662/3933/632 665/3934/635
f 523/523/637 667/667/636 524/524/490
f 668/668/648 667/667/636 523/523/637
f 523/3908/637 522/3906/489 521/3904/509
f 666/666/639 524/3911/490 667/3935/636
f 669/669/640 670/670/638 666/666/639
f 666/666/639 667/3935/636 668/3936/648
f 666/666/639 668/3936/648 669/669/640
f 662/662/631 526/526/492 525/525/491
f 671/671/641 664/664/633 666/666/639
f 671/671/641 666/666/639 670/670/638
f 669/669/640 671/671/641 670/670/638
f 671/671/641 672/672/642 673/673/643
f 671/671/641 673/673/643 664/664/633
f 664/664/633 673/673/643 663/663/644
f 672/672/642 671/671/641 669/669/640
f 659/659/628 505/505/627 506/506/473
f 506/506/473 535/535/504 659/659/628
f 674/674/645 660/660/629 659/659/628
f 535/535/504 674/674/645 659/659/628
f 674/674/645 519/3903/646 660/660/629
f 519/3903/646 674/674/645 537/3916/506
f 523/3908/637 521/3904/509 537/3915/506
f 523/3907/637 675/675/647 668/3936/648
f 675/675/647 523/3907/637 537/3916/506
f 675/675/647 669/669/640 668/3936/648
f 674/674/645 675/675/647 537/3916/506
f 675/675/647 674/674/645 535/535/504
f 535/535/504 669/669/640 675/675/647
f 669/669/640 535/535/504 618/618/584
f 618/618/584 672/672/642 669/669/640
f 526/526/492 661/661/630 676/676/649
f 676/676/649 538/538/532 526/526/492
f 676/3937/649 677/677/650 538/3917/532
f 678/678/651 677/677/650 676/3937/649
f 663/663/644 676/3937/649 661/3931/630
f 678/678/651 676/3937/649 663/663/644
f 663/663/644 673/673/643 678/678/651
f 672/672/642 678/678/651 673/673/643
f 679/679/652 545/545/515 546/546/518
f 680/680/653 679/679/652 546/546/518
f 680/680/653 546/546/518 547/547/519
f 680/3938/653 547/3918/519 550/550/654
f 550/550/654 547/3918/519 551/551/542
f 681/681/655 677/677/650 678/678/651
f 672/672/642 681/681/655 678/678/651
f 538/3917/532 677/677/650 565/3920/531
f 578/578/550 565/3920/531 677/677/650
f 681/681/655 579/579/557 578/578/550
f 681/681/655 585/585/558 579/579/557
f 681/681/655 578/578/550 677/677/650
f 681/681/655 672/672/642 682/682/656
f 682/682/656 672/672/642 618/618/584
f 682/682/656 585/585/558 681/681/655
f 682/682/656 618/618/584 628/628/657
f 628/628/657 586/586/559 585/585/558
f 585/585/558 682/682/656 628/628/657
f 683/683/658 684/684/659 601/601/568
f 683/683/658 601/601/568 599/599/660
f 685/685/661 599/599/660 593/593/662
f 593/593/662 598/598/566 686/686/663
f 599/599/660 685/685/661 683/683/658
f 683/683/658 685/685/661 687/687/664
f 686/686/663 685/685/661 593/593/662
f 683/683/658 688/688/673 684/684/659
f 689/689/665 683/683/658 687/687/664
f 690/690/666 689/689/665 691/691/667
f 688/688/673 683/683/658 690/690/666
f 690/690/666 683/683/658 689/689/665
f 684/684/659 607/607/574 601/601/568
f 611/611/668 607/607/574 684/684/659
f 611/611/668 684/684/659 692/692/672
f 612/612/578 611/611/668 692/692/672
f 615/615/669 612/612/578 692/692/672
f 693/693/670 634/634/671 615/615/669
f 615/615/669 692/692/672 694/694/1195
f 695/695/1187 615/615/669 694/694/1195
f 692/692/672 684/684/659 688/688/673
f 688/688/673 694/694/1195 692/692/672
f 694/694/1195 688/688/673 690/690/666
f 634/634/671 614/614/580 615/615/669
f 696/696/674 635/635/602 634/634/671
f 634/634/671 693/693/670 696/696/674
f 633/633/600 635/635/602 697/697/675
f 697/697/675 635/635/602 696/696/674
f 698/698/682 699/699/676 700/700/677
f 701/701/805 702/702/678 703/703/679
f 704/704/801 701/701/805 703/703/679
f 705/705/680 706/706/720 707/707/718
f 708/708/681 706/706/720 705/705/680
f 709/709/700 710/710/721 708/708/681
f 560/560/527 544/544/526 698/698/682
f 711/711/691 712/712/688 713/713/683
f 714/714/684 708/708/681 715/715/685
f 715/715/685 716/716/703 714/714/684
f 715/715/685 712/712/688 716/716/703
f 717/717/686 543/543/517 545/545/515
f 699/699/676 543/543/517 717/717/686
f 699/699/676 698/698/682 543/543/517
f 698/698/682 544/544/526 543/543/517
f 560/560/527 698/698/682 718/718/687
f 718/718/687 698/698/682 700/700/677
f 718/718/687 719/719/800 720/720/689
f 718/718/687 720/720/689 711/711/691
f 721/721/704 712/712/688 711/711/691
f 721/721/704 716/716/703 712/712/688
f 711/711/691 720/720/689 721/721/704
f 596/596/565 560/560/527 718/718/687
f 596/596/565 718/718/687 711/711/691
f 722/722/690 596/596/565 711/711/691
f 713/713/683 722/722/690 711/711/691
f 723/723/693 722/722/690 724/724/692
f 705/705/680 724/724/692 713/713/683
f 722/722/690 713/713/683 724/724/692
f 596/596/565 722/722/690 723/723/693
f 709/709/700 708/708/681 714/714/684
f 712/712/688 715/715/685 713/713/683
f 715/715/685 708/708/681 705/705/680
f 715/715/685 705/705/680 713/713/683
f 549/549/699 551/551/542 580/580/553
f 580/580/553 725/725/744 726/726/694
f 727/727/697 728/728/739 729/729/709
f 727/727/697 730/730/695 728/728/739
f 580/580/553 726/726/694 549/549/699
f 731/731/696 727/727/697 732/732/698
f 731/731/696 549/549/699 726/726/694
f 731/731/696 726/726/694 733/733/754
f 733/733/754 727/727/697 731/731/696
f 726/726/694 734/734/753 733/733/754
f 702/702/678 709/709/700 714/714/684
f 714/714/684 716/716/703 735/735/701
f 736/736/702 716/716/703 721/721/704
f 716/716/703 736/736/702 735/735/701
f 735/735/701 703/703/679 702/702/678
f 735/735/701 702/702/678 714/714/684
f 719/719/800 736/736/702 720/720/689
f 736/736/702 721/721/704 720/720/689
f 736/736/702 703/703/679 735/735/701
f 737/737/713 738/738/868 739/739/705
f 740/740/708 729/729/709 741/741/707
f 731/731/696 732/732/698 742/742/706
f 741/741/707 743/743/711 739/739/705
f 740/740/708 741/741/707 742/742/706
f 744/744/774 743/743/711 745/745/710
f 732/732/698 729/729/709 740/740/708
f 732/732/698 727/727/697 729/729/709
f 741/741/707 729/729/709 745/745/710
f 741/741/707 745/745/710 743/743/711
f 728/728/739 745/745/710 729/729/709
f 743/743/711 744/744/774 737/737/713
f 746/746/712 737/737/713 744/744/774
f 739/739/705 743/743/711 737/737/713
f 747/747/778 737/737/713 748/748/714
f 746/746/712 748/748/714 737/737/713
f 597/597/729 596/596/565 723/723/693
f 724/724/692 705/705/680 707/707/718
f 724/724/692 707/707/718 749/749/715
f 724/724/692 749/749/715 750/750/716
f 724/724/692 750/750/716 723/723/693
f 751/751/717 750/750/716 749/749/715
f 749/749/715 752/752/719 751/751/717
f 750/750/716 597/597/729 723/723/693
f 749/749/715 707/707/718 752/752/719
f 752/752/719 707/707/718 706/706/720
f 752/752/719 706/706/720 710/710/721
f 710/710/721 706/706/720 708/708/681
f 753/753/723 752/752/719 710/710/721
f 754/754/722 753/753/723 710/710/721
f 755/755/727 752/752/719 753/753/723
f 755/755/727 753/753/723 756/756/724
f 757/757/725 756/756/724 753/753/723
f 756/756/724 758/758/726 755/755/727
f 756/756/724 759/759/728 758/758/726
f 754/754/722 757/757/725 753/753/723
f 597/597/729 750/750/716 760/760/730
f 758/758/726 750/750/716 751/751/717
f 751/751/717 755/755/727 758/758/726
f 750/750/716 758/758/726 760/760/730
f 760/760/730 598/598/566 597/597/729
f 760/760/730 758/758/726 759/759/728
f 751/751/717 752/752/719 755/755/727
f 761/761/731 762/762/732 763/763/776
f 762/762/732 761/761/731 764/764/1214
f 765/765/761 766/766/733 763/763/776
f 767/767/764 766/766/733 765/765/761
f 768/768/734 754/754/722 710/710/721
f 769/769/748 770/770/735 771/771/736
f 772/772/737 773/773/738 728/728/739
f 772/772/737 730/730/695 774/774/740
f 775/775/741 776/776/777 773/773/738
f 777/777/762 778/778/742 779/779/752
f 773/773/738 772/772/737 775/775/741
f 774/774/740 775/775/741 772/772/737
f 778/778/742 775/775/741 774/774/740
f 774/774/740 779/779/752 778/778/742
f 581/581/743 725/725/744 580/580/553
f 725/725/744 581/581/743 780/780/745
f 584/584/555 780/780/745 581/581/743
f 781/781/746 725/725/744 780/780/745
f 782/782/747 781/781/746 780/780/745
f 725/725/744 781/781/746 771/771/736
f 725/725/744 771/771/736 726/726/694
f 579/579/557 780/780/745 584/584/555
f 586/586/559 780/780/745 579/579/557
f 783/783/749 782/782/747 780/780/745
f 780/780/745 586/586/559 783/783/749
f 782/782/747 769/769/748 781/781/746
f 784/784/768 769/769/748 782/782/747
f 784/784/768 782/782/747 785/785/751
f 781/781/746 769/769/748 771/771/736
f 782/782/747 783/783/749 785/785/751
f 627/627/750 785/785/751 786/786/864
f 783/783/749 786/786/864 785/785/751
f 627/627/750 787/787/769 785/785/751
f 785/785/751 787/787/769 784/784/768
f 779/779/752 774/774/740 734/734/753
f 726/726/694 779/779/752 734/734/753
f 728/728/739 730/730/695 772/772/737
f 734/734/753 730/730/695 733/733/754
f 733/733/754 730/730/695 727/727/697
f 734/734/753 774/774/740 730/730/695
f 788/788/755 770/770/735 789/789/767
f 771/771/736 770/770/735 788/788/755
f 789/789/767 770/770/735 790/790/756
f 790/790/756 791/791/757 789/789/767
f 792/792/758 776/776/777 775/775/741
f 793/793/759 792/792/758 775/775/741
f 794/794/760 765/765/761 792/792/758
f 792/792/758 793/793/759 794/794/760
f 779/779/752 726/726/694 777/777/762
f 726/726/694 771/771/736 788/788/755
f 777/777/762 726/726/694 788/788/755
f 793/793/759 775/775/741 778/778/742
f 777/777/762 793/793/759 778/778/742
f 795/795/766 796/796/765 788/788/755
f 794/794/760 767/767/764 765/765/761
f 793/793/759 797/797/763 794/794/760
f 797/797/763 767/767/764 794/794/760
f 793/793/759 796/796/765 797/797/763
f 797/797/763 796/796/765 795/795/766
f 789/789/767 795/795/766 788/788/755
f 795/795/766 789/789/767 791/791/757
f 791/791/757 798/798/1225 795/795/766
f 793/793/759 777/777/762 796/796/765
f 788/788/755 796/796/765 777/777/762
f 784/784/768 770/770/735 769/769/748
f 784/784/768 790/790/756 770/770/735
f 787/787/769 790/790/756 784/784/768
f 787/787/769 799/799/770 790/790/756
f 799/799/770 787/787/769 627/627/750
f 636/636/772 627/627/750 618/618/584
f 799/799/770 791/791/757 790/790/756
f 799/799/770 800/800/771 791/791/757
f 799/799/770 627/627/750 636/636/772
f 799/799/770 636/636/772 800/800/771
f 800/800/771 636/636/772 801/801/773
f 800/800/771 798/798/1225 791/791/757
f 728/728/739 773/773/738 745/745/710
f 802/802/775 744/744/774 745/745/710
f 744/744/774 802/802/775 746/746/712
f 802/802/775 745/745/710 773/773/738
f 802/802/775 762/762/732 746/746/712
f 773/773/738 762/762/732 802/802/775
f 773/773/738 776/776/777 762/762/732
f 764/764/1214 746/746/712 762/762/732
f 709/709/700 768/768/734 710/710/721
f 764/764/1214 748/748/714 746/746/712
f 763/763/776 762/762/732 776/776/777
f 763/763/776 776/776/777 792/792/758
f 763/763/776 792/792/758 765/765/761
f 768/768/734 709/709/700 702/702/678
f 747/747/778 748/748/714 803/803/779
f 804/804/780 768/768/734 702/702/678
f 805/805/1283 803/803/779 748/748/714
f 806/806/881 768/768/734 804/804/780
f 803/803/779 807/807/781 747/747/778
f 805/805/1283 808/808/1380 803/803/779
f 806/806/881 809/809/1439 768/768/734
f 810/810/1124 809/809/1439 806/806/881
f 811/811/784 545/545/515 679/679/652
f 811/811/784 717/717/686 545/545/515
f 812/812/782 811/811/784 679/679/652
f 813/813/783 812/3939/782 680/3938/653
f 814/814/789 812/3939/782 813/813/783
f 717/717/686 811/811/784 815/815/785
f 815/815/785 699/699/676 717/717/686
f 811/811/784 816/816/788 815/815/785
f 817/817/792 818/818/786 815/815/785
f 699/699/676 815/815/785 818/818/786
f 699/699/676 818/818/786 700/700/677
f 816/816/788 811/811/784 812/812/782
f 819/819/787 816/3940/788 812/3939/782
f 820/820/794 816/3940/788 819/819/787
f 820/820/794 819/819/787 814/814/789
f 821/821/806 820/820/794 814/814/789
f 812/3939/782 814/814/789 819/819/787
f 822/822/790 814/814/789 813/813/783
f 822/822/790 813/813/783 823/823/791
f 816/816/788 824/824/797 817/817/792
f 825/825/793 824/3941/797 816/3940/788
f 820/820/794 825/825/793 816/3940/788
f 821/821/806 825/825/793 820/820/794
f 825/825/793 826/826/795 824/3941/797
f 827/827/796 825/825/793 821/821/806
f 825/825/793 827/827/796 826/826/795
f 824/824/797 828/828/799 817/817/792
f 828/828/799 829/829/798 817/817/792
f 829/829/798 830/830/809 818/818/786
f 829/829/798 818/818/786 817/817/792
f 826/826/795 828/3942/799 824/3941/797
f 831/831/811 829/829/798 828/828/799
f 831/3943/811 828/3942/799 826/826/795
f 816/816/788 817/817/792 815/815/785
f 818/818/786 830/830/809 700/700/677
f 718/718/687 832/832/803 719/719/800
f 736/736/702 719/719/800 704/704/801
f 833/833/815 718/718/687 700/700/677
f 833/833/815 834/834/802 832/832/803
f 704/704/801 719/719/800 832/832/803
f 704/704/801 703/703/679 736/736/702
f 835/835/812 701/701/805 704/704/801
f 836/836/804 701/701/805 835/835/812
f 718/718/687 833/833/815 832/832/803
f 832/832/803 835/835/812 704/704/801
f 821/821/806 814/814/789 837/837/807
f 837/837/807 814/814/789 822/822/790
f 700/700/677 830/830/809 833/833/815
f 827/827/796 821/821/806 837/837/807
f 838/838/832 826/826/795 827/827/796
f 827/827/796 837/837/807 839/839/835
f 839/839/835 838/838/832 827/827/796
f 839/839/835 837/837/807 840/840/839
f 822/822/790 840/840/839 837/837/807
f 829/829/798 831/831/811 841/841/808
f 841/841/808 830/830/809 829/829/798
f 842/842/810 841/841/808 831/831/811
f 841/841/808 843/843/822 830/830/809
f 843/843/822 833/833/815 830/830/809
f 834/834/802 835/835/812 832/832/803
f 835/835/812 844/844/813 836/836/804
f 844/844/813 845/845/814 836/836/804
f 836/836/804 702/702/678 701/701/805
f 702/702/678 836/836/804 845/845/814
f 804/804/780 702/702/678 845/845/814
f 844/844/813 846/846/819 845/845/814
f 847/847/817 834/834/802 833/833/815
f 844/844/813 835/835/812 834/834/802
f 833/833/815 848/848/816 847/847/817
f 834/834/802 847/847/817 844/844/813
f 849/849/818 846/846/819 844/844/813
f 847/847/817 849/849/818 844/844/813
f 850/850/820 851/851/826 852/852/821
f 851/851/826 853/853/844 854/854/872
f 855/855/884 833/833/815 843/843/822
f 849/849/818 847/847/817 848/848/816
f 848/848/816 856/856/824 849/849/818
f 855/855/884 848/848/816 833/833/815
f 846/846/819 804/804/780 845/845/814
f 857/857/823 804/804/780 846/846/819
f 846/846/819 849/849/818 857/857/823
f 856/856/824 857/857/823 849/849/818
f 858/858/867 859/859/825 850/850/820
f 860/860/829 850/850/820 859/859/825
f 851/851/826 861/861/827 853/853/844
f 851/851/826 850/850/820 861/861/827
f 861/861/827 850/850/820 860/860/829
f 862/862/854 853/853/844 861/861/827
f 804/804/780 857/857/823 863/863/875
f 864/864/876 857/857/823 856/856/824
f 864/864/876 863/863/875 857/857/823
f 861/861/827 860/860/829 865/865/828
f 866/866/873 860/860/829 859/859/825
f 860/860/829 866/866/873 867/867/830
f 826/826/795 868/868/831 831/3943/811
f 838/838/832 868/868/831 826/826/795
f 868/868/831 842/3944/810 831/3943/811
f 838/838/832 869/869/833 868/868/831
f 870/870/834 869/869/833 838/838/832
f 870/870/834 838/838/832 839/839/835
f 870/870/834 839/839/835 840/840/839
f 871/871/836 842/3944/810 868/868/831
f 869/869/833 871/871/836 868/868/831
f 869/869/833 870/870/834 872/872/837
f 840/840/839 872/872/837 870/870/834
f 872/872/837 873/873/838 869/869/833
f 872/872/837 840/840/839 873/873/838
f 874/874/840 840/840/839 822/822/790
f 840/840/839 874/874/840 875/875/841
f 876/876/842 877/877/843 853/853/844
f 874/874/840 877/877/843 876/876/842
f 842/842/810 878/878/845 841/841/808
f 841/841/808 878/878/845 843/843/822
f 879/879/846 842/3944/810 871/871/836
f 871/871/836 880/880/847 879/879/846
f 879/3945/846 878/878/845 842/842/810
f 856/856/824 848/848/816 881/881/848
f 880/880/847 871/871/836 873/873/838
f 869/869/833 873/873/838 871/871/836
f 882/882/849 873/873/838 840/840/839
f 882/882/849 880/880/847 873/873/838
f 883/883/893 882/882/849 840/840/839
f 880/880/847 884/884/850 879/879/846
f 882/882/849 885/885/851 880/880/847
f 885/885/851 884/884/850 880/880/847
f 885/885/851 882/882/849 886/886/852
f 887/887/891 885/885/851 886/886/852
f 883/883/893 886/886/852 882/882/849
f 888/888/905 840/840/839 875/875/841
f 874/874/840 876/876/842 875/875/841
f 876/876/842 853/853/844 862/862/854
f 875/875/841 876/876/842 862/862/854
f 862/862/854 861/861/827 889/889/853
f 861/861/827 865/865/828 889/889/853
f 875/875/841 862/862/854 890/890/855
f 875/875/841 890/890/855 888/888/905
f 889/889/853 890/890/855 862/862/854
f 883/883/893 840/840/839 888/888/905
f 164/3872/383 406/406/381 657/657/624
f 812/812/782 679/679/652 680/680/653
f 813/813/783 680/3938/653 550/550/654
f 823/823/791 550/550/654 549/549/699
f 550/550/654 823/823/791 813/813/783
f 742/742/706 891/891/856 892/892/857
f 742/742/706 893/893/860 894/894/863
f 823/823/791 549/549/699 894/894/863
f 893/893/860 823/823/791 894/894/863
f 892/892/857 893/893/860 742/742/706
f 742/742/706 741/741/707 891/891/856
f 739/739/705 891/891/856 741/741/707
f 891/891/856 739/739/705 895/895/858
f 895/895/858 739/739/705 738/738/868
f 896/896/859 891/891/856 895/895/858
f 892/892/857 891/891/856 896/896/859
f 897/897/861 892/892/857 896/896/859
f 893/893/860 898/898/862 823/823/791
f 893/893/860 892/892/857 897/897/861
f 897/897/861 898/898/862 893/893/860
f 897/897/861 896/896/859 899/899/866
f 898/898/862 822/822/790 823/823/791
f 900/900/870 822/822/790 898/898/862
f 549/549/699 731/731/696 894/894/863
f 894/894/863 731/731/696 742/742/706
f 742/742/706 732/732/698 740/740/708
f 628/628/657 783/783/749 586/586/559
f 786/786/864 783/783/749 628/628/657
f 786/786/864 628/628/657 627/627/750
f 895/895/858 738/738/868 901/901/865
f 899/899/866 896/896/859 895/895/858
f 899/899/866 895/895/858 901/901/865
f 897/897/861 899/899/866 902/902/871
f 899/899/866 901/901/865 852/852/821
f 738/738/868 858/858/867 901/901/865
f 852/852/821 901/901/865 858/858/867
f 858/858/867 738/738/868 903/903/869
f 903/903/869 859/859/825 858/858/867
f 737/737/713 903/903/869 738/738/868
f 903/903/869 737/737/713 747/747/778
f 900/900/870 902/902/871 854/854/872
f 898/898/862 897/897/861 902/902/871
f 902/902/871 900/900/870 898/898/862
f 902/902/871 899/899/866 854/854/872
f 854/854/872 899/899/866 852/852/821
f 822/822/790 900/900/870 874/874/840
f 874/874/840 900/900/870 877/877/843
f 858/858/867 850/850/820 852/852/821
f 877/877/843 900/900/870 854/854/872
f 854/854/872 852/852/821 851/851/826
f 853/853/844 877/877/843 854/854/872
f 903/903/869 747/747/778 807/807/781
f 903/903/869 866/866/873 859/859/825
f 804/804/780 863/863/875 904/904/874
f 863/863/875 864/864/876 905/905/877
f 906/906/887 905/905/877 864/864/876
f 905/905/877 904/904/874 863/863/875
f 865/865/828 860/860/829 867/867/830
f 867/867/830 907/907/897 865/865/828
f 908/908/898 904/904/874 905/905/877
f 909/909/878 867/867/830 866/866/873
f 910/910/1051 908/908/898 911/911/911
f 904/904/874 908/908/898 910/910/1051
f 912/912/879 910/910/1051 911/911/911
f 910/910/1051 912/912/879 913/913/880
f 806/806/881 904/904/874 910/910/1051
f 914/914/882 843/843/822 878/878/845
f 878/878/845 879/3945/846 915/915/883
f 914/914/882 878/878/845 915/915/883
f 881/881/848 864/864/876 856/856/824
f 864/864/876 881/881/848 906/906/887
f 881/881/848 848/848/816 855/855/884
f 855/855/884 916/916/885 881/881/848
f 916/916/885 906/906/887 881/881/848
f 917/917/886 906/906/887 916/916/885
f 918/918/888 855/855/884 843/843/822
f 917/917/886 916/916/885 919/919/912
f 884/3946/850 915/915/883 879/3945/846
f 887/887/891 884/884/850 885/885/851
f 914/914/882 915/915/883 920/920/890
f 884/3946/850 921/921/889 915/915/883
f 921/921/889 920/920/890 915/915/883
f 887/3947/891 921/921/889 884/3946/850
f 922/922/895 920/920/890 921/921/889
f 843/843/822 914/914/882 918/918/888
f 887/3947/891 922/922/895 921/921/889
f 923/923/892 887/887/891 886/886/852
f 923/923/892 886/886/852 883/883/893
f 922/922/895 924/924/894 920/920/890
f 923/3948/892 922/922/895 887/3947/891
f 923/3948/892 925/925/896 922/922/895
f 865/865/828 907/907/897 889/889/853
f 889/889/853 907/907/897 926/926/900
f 890/890/855 889/889/853 926/926/900
f 905/905/877 906/906/887 917/917/886
f 908/908/898 905/905/877 917/917/886
f 907/907/897 867/867/830 909/909/878
f 927/927/901 907/907/897 909/909/878
f 907/907/897 927/927/901 926/926/900
f 928/928/899 927/927/901 909/909/878
f 926/926/900 927/927/901 929/929/902
f 930/930/903 890/890/855 926/926/900
f 930/930/903 926/926/900 929/929/902
f 929/929/902 927/927/901 928/928/899
f 929/929/902 931/931/904 930/930/903
f 888/888/905 932/932/906 883/883/893
f 888/888/905 890/890/855 932/932/906
f 930/930/903 932/932/906 890/890/855
f 932/932/906 930/930/903 931/931/904
f 855/855/884 919/919/912 916/916/885
f 924/924/894 914/914/882 920/920/890
f 933/933/909 918/918/888 914/914/882
f 924/924/894 933/933/909 914/914/882
f 934/934/907 924/924/894 922/922/895
f 925/925/896 934/934/907 922/922/895
f 934/934/907 935/935/908 924/924/894
f 935/935/908 933/933/909 924/924/894
f 936/936/931 934/934/907 925/925/896
f 936/936/931 935/935/908 934/934/907
f 937/937/910 933/933/909 935/935/908
f 917/917/886 911/911/911 908/908/898
f 938/938/913 911/911/911 917/917/886
f 919/919/912 938/938/913 917/917/886
f 938/938/913 912/912/879 911/911/911
f 938/938/913 939/939/915 912/912/879
f 855/855/884 940/940/914 919/919/912
f 939/939/915 938/938/913 919/919/912
f 940/940/914 941/941/922 919/919/912
f 912/912/879 939/939/915 942/942/916
f 942/942/916 913/913/880 912/912/879
f 918/918/888 940/940/914 855/855/884
f 943/943/917 932/932/906 944/944/918
f 945/945/1068 944/944/918 932/932/906
f 913/913/880 946/946/919 910/910/1051
f 937/937/910 918/918/888 933/933/909
f 937/937/910 935/935/908 947/947/921
f 936/936/931 947/947/921 935/935/908
f 948/948/920 937/937/910 947/947/921
f 947/947/921 936/936/931 949/949/961
f 949/949/961 950/950/924 947/947/921
f 919/919/912 941/941/922 939/939/915
f 942/942/916 939/939/915 951/951/923
f 913/913/880 942/942/916 946/946/919
f 941/941/922 951/951/923 939/939/915
f 952/952/1066 942/942/916 951/951/923
f 953/953/1106 951/951/923 941/941/922
f 941/941/922 940/940/914 953/953/1106
f 954/954/984 944/944/918 955/955/1017
f 937/937/910 956/956/926 918/918/888
f 948/948/920 956/956/926 937/937/910
f 948/948/920 947/947/921 950/950/924
f 950/950/924 949/949/961 957/957/1019
f 958/958/925 948/948/920 950/950/924
f 957/957/1019 958/958/925 950/950/924
f 940/940/914 918/918/888 956/956/926
f 940/940/914 956/956/926 953/953/1106
f 958/958/925 959/959/927 948/948/920
f 956/956/926 948/948/920 959/959/927
f 959/959/927 960/960/1109 956/956/926
f 961/961/928 959/959/927 958/958/925
f 962/962/1031 961/961/928 958/958/925
f 959/959/927 961/961/928 960/960/1109
f 963/963/929 961/961/928 962/962/1031
f 964/964/930 963/963/929 962/962/1031
f 883/883/893 965/965/932 923/923/892
f 965/3950/932 925/925/896 923/3948/892
f 943/943/917 965/965/932 883/883/893
f 966/966/933 936/936/931 925/925/896
f 925/925/896 965/3950/932 966/966/933
f 966/966/933 965/3950/932 943/3949/917
f 966/966/933 967/967/959 936/936/931
f 883/883/893 932/932/906 943/943/917
f 968/968/934 969/969/937 970/970/935
f 971/971/936 969/969/937 968/968/934
f 972/972/946 969/969/937 971/971/936
f 973/973/938 974/974/943 972/972/946
f 974/974/943 970/970/935 969/969/937
f 969/969/937 972/972/946 974/974/943
f 975/975/939 976/976/940 977/977/941
f 978/978/942 976/976/940 975/975/939
f 973/973/938 977/977/941 974/974/943
f 977/977/941 976/976/940 974/974/943
f 976/976/940 970/970/935 974/974/943
f 978/978/942 979/979/944 976/976/940
f 980/980/958 976/976/940 979/979/944
f 981/981/945 973/3953/938 972/3952/946
f 972/3952/946 982/982/982 981/981/945
f 983/983/950 975/975/939 984/984/947
f 973/973/938 984/984/947 977/977/941
f 977/977/941 984/984/947 975/975/939
f 973/3953/938 981/981/945 984/3955/947
f 981/981/945 985/985/955 984/3955/947
f 985/985/955 981/981/945 986/986/1176
f 987/987/951 978/978/942 975/975/939
f 988/988/948 978/978/942 987/987/951
f 988/988/948 979/979/944 978/978/942
f 989/989/952 979/979/944 988/988/948
f 990/990/949 988/988/948 987/987/951
f 990/3956/949 989/989/952 988/988/948
f 975/975/939 983/983/950 987/987/951
f 990/990/949 987/987/951 983/983/950
f 989/989/952 991/991/957 979/979/944
f 983/3954/950 984/3955/947 985/985/955
f 983/3954/950 985/985/955 990/3956/949
f 992/992/953 991/991/957 989/989/952
f 992/992/953 989/989/952 990/3956/949
f 991/991/957 992/992/953 993/993/954
f 990/3956/949 985/985/955 992/992/953
f 994/994/956 985/985/955 986/986/1176
f 985/985/955 994/994/956 992/992/953
f 994/994/956 993/993/954 992/992/953
f 994/994/956 986/986/1176 993/993/954
f 979/979/944 991/991/957 980/980/958
f 967/967/959 949/949/961 936/936/931
f 995/995/960 949/949/961 967/967/959
f 967/967/959 966/966/933 995/995/960
f 966/966/933 943/3949/917 995/995/960
f 995/995/960 943/3949/917 996/996/983
f 995/995/960 997/997/962 949/949/961
f 997/997/962 995/995/960 998/998/963
f 999/999/973 998/998/963 1000/1000/964
f 998/998/963 995/995/960 1000/1000/964
f 995/995/960 996/996/983 1000/1000/965
f 996/3957/983 1001/1001/967 1000/3963/965
f 1001/3964/967 1002/1002/966 1000/3962/965
f 1002/1002/971 999/3961/973 1000/3962/964
f 1003/1003/970 1002/1002/966 1001/3964/967
f 1004/1004/968 1005/1005/969 1003/3965/970
f 1005/3969/969 1002/1002/971 1003/1003/970
f 1003/3966/970 1006/1006/980 1004/3968/968
f 1002/1002/971 1007/1007/972 999/3961/973
f 1005/3969/969 1007/1007/972 1002/1002/971
f 1005/1005/969 1008/1008/1011 1007/3970/972
f 1009/1009/1029 1008/1008/1011 1005/1005/969
f 1010/1010/974 1004/3967/968 1011/1011/975
f 1009/1009/1029 1005/1005/969 1004/1004/968
f 1009/3971/1029 1004/3967/968 1010/1010/974
f 1009/3971/1029 1010/1010/974 1012/1012/1552
f 1011/1011/975 1013/1013/978 968/968/934
f 1010/1010/974 1011/1011/975 970/970/935
f 970/970/935 1011/1011/975 968/968/934
f 1014/1014/977 1013/1013/978 1011/1011/975
f 1015/1015/976 1013/3972/978 1014/3973/977
f 971/971/936 968/968/934 1013/1013/978
f 971/3951/936 1013/3972/978 1016/1016/979
f 1013/3972/978 1015/1015/976 1016/1016/979
f 1014/3973/977 1006/1006/980 1015/1015/976
f 1006/1006/980 1016/1016/979 1015/1015/976
f 1006/1006/980 1017/1017/981 1016/1016/979
f 1014/1014/977 1011/1011/975 1004/3967/968
f 1004/3968/968 1006/1006/980 1014/3973/977
f 1016/1016/979 1018/1018/1172 982/982/982
f 1018/1018/1172 986/986/1176 982/982/982
f 976/976/940 1010/1010/974 970/970/935
f 976/976/940 980/980/958 1010/1010/974
f 1019/1019/985 1020/1020/1001 954/954/984
f 954/954/984 1020/1020/1001 996/3958/983
f 943/943/917 954/954/984 996/3958/983
f 1019/1019/985 954/954/984 1021/1021/986
f 1019/3976/985 1021/3978/986 998/998/963
f 997/997/962 998/998/963 1021/3978/986
f 1022/1022/988 997/997/962 1021/3978/986
f 1022/1022/988 1021/3978/986 1023/1023/995
f 1024/1024/987 1022/1022/988 1023/1023/995
f 1024/1024/987 1023/1023/995 1025/1025/989
f 1025/3982/989 1023/3979/995 1026/1026/994
f 1021/1021/986 954/954/984 1023/3979/995
f 1027/1027/1004 1028/1028/1009 1029/1029/990
f 1030/1030/1014 1029/1029/990 1028/1028/1009
f 1031/1031/991 1030/1030/1014 1028/1028/1009
f 1026/3983/993 1031/1031/991 1025/3981/992
f 1031/1031/991 1026/3983/993 1030/1030/1014
f 1026/1026/994 1023/3979/995 1032/1032/996
f 1032/1032/996 1023/3979/995 954/954/984
f 1032/1032/996 1033/1033/997 1026/1026/994
f 1033/3984/997 1030/1030/1014 1026/3983/993
f 1001/1001/967 996/3957/983 1020/3977/1001
f 1034/1034/998 1035/1035/999 1019/3974/1000
f 1019/3974/1000 1035/1035/999 1020/3977/1001
f 1020/3977/1001 1035/1035/999 1001/1001/967
f 1001/1001/967 1035/1035/999 1036/1036/1002
f 1034/1034/998 1036/1036/1003 1035/1035/999
f 1003/3966/970 1001/1001/967 1037/1037/1005
f 1036/1036/1002 1037/1037/1005 1001/1001/967
f 1028/1028/1009 1027/1027/1004 1036/1036/1002
f 1006/1006/980 1003/3966/970 1037/1037/1005
f 1027/1027/1004 1037/1037/1005 1036/1036/1002
f 1037/1037/1005 1027/1027/1004 1038/1038/1089
f 1029/1029/990 1038/1038/1089 1027/1027/1004
f 1017/1017/981 1037/1037/1005 1038/1038/1089
f 1034/3986/1006 998/3959/1007 999/3960/973
f 1034/3986/1006 1019/3975/1008 998/3959/1007
f 1007/1007/972 1034/3985/1006 999/3961/973
f 1028/1028/1009 1034/1034/1006 1007/3970/972
f 1007/3970/972 1008/1008/1011 1028/1028/1009
f 1028/1028/1009 1036/1036/1002 1034/1034/1010
f 1008/1008/1011 1031/1031/991 1028/1028/1009
f 1008/1008/1011 1009/1009/1029 1039/1039/1012
f 1039/1039/1012 1024/3980/1013 1031/1031/991
f 1031/1031/991 1008/1008/1011 1039/1039/1012
f 1031/1031/991 1024/3980/1013 1025/3981/992
f 944/944/918 954/954/984 943/943/917
f 1030/1030/1014 1040/1040/1171 1041/1041/1015
f 1030/1030/1014 1033/3984/997 1040/1040/1171
f 1041/1041/1015 1042/1042/1016 1029/1029/990
f 1041/1041/1015 1029/1029/990 1030/1030/1014
f 1042/1042/1016 1041/1041/1015 1043/1043/1070
f 1042/1042/1016 1043/1043/1070 1038/1038/1089
f 1032/1032/996 954/954/984 955/955/1017
f 955/955/1017 1044/1044/1073 1032/1032/996
f 1040/1040/1171 1043/1043/1070 1041/1041/1015
f 1038/1038/1089 1029/1029/990 1042/1042/1016
f 957/957/1019 949/949/961 997/997/962
f 1045/1045/1018 957/957/1019 997/997/962
f 997/997/962 1022/1022/988 1045/1045/1018
f 1046/1046/1028 1045/1045/1018 1022/1022/988
f 1047/1047/1020 957/957/1019 1045/1045/1018
f 1046/1046/1028 1047/1047/1020 1045/1045/1018
f 1047/1047/1020 1046/1046/1028 1048/1048/1021
f 1049/1049/1022 957/957/1019 1047/1047/1020
f 1048/1048/1021 1049/1049/1023 1047/1047/1020
f 1039/1039/1012 1050/1050/1026 1024/3980/1024
f 1024/1024/987 1050/3988/1025 1022/1022/988
f 1039/1039/1012 1009/1009/1029 1050/1050/1026
f 1022/1022/988 1050/3988/1027 1046/1046/1028
f 1050/3988/1026 1009/3971/1029 1046/1046/1028
f 1048/1048/1021 1046/1046/1028 1009/3971/1029
f 1048/1048/1021 1009/3971/1029 1012/1012/1552
f 1033/1033/997 1032/1032/996 1044/1044/1073
f 1044/3987/1073 1040/1040/1171 1033/3984/997
f 1051/1051/1030 1044/3987/1073 1052/1052/1075
f 1051/1051/1030 1040/1040/1171 1044/3987/1073
f 1017/1017/981 1006/1006/980 1037/1037/1005
f 1017/1017/981 1018/1018/1172 1016/1016/979
f 1012/1012/1552 1010/1010/974 980/980/958
f 991/991/957 1053/1053/1559 980/980/958
f 1054/1054/1560 1053/1053/1559 993/993/954
f 957/957/1019 1055/1055/1034 958/958/925
f 1055/1055/1034 962/962/1031 958/958/925
f 957/957/1019 1049/1049/1022 1055/1055/1034
f 1049/1049/1023 1048/1048/1021 1056/1056/1032
f 1056/1056/1033 1055/1055/1034 1049/1049/1022
f 1057/1057/1035 1055/1055/1034 1056/1056/1033
f 1056/1056/1032 1048/1048/1021 1058/1058/1036
f 1055/1055/1034 964/964/930 962/962/1031
f 1057/1057/1035 964/964/930 1055/1055/1034
f 1056/1056/1032 1058/1058/1036 1057/1057/1037
f 1048/1048/1021 1012/1012/1552 1058/1058/1036
f 972/3952/946 971/3951/936 1016/1016/979
f 1016/1016/979 982/982/982 972/3952/946
f 982/982/982 986/986/1176 981/981/945
f 1053/1053/1559 991/991/957 993/993/954
f 1054/1054/1560 993/993/954 986/986/1176
f 804/804/780 904/904/874 806/806/881
f 866/866/873 903/903/869 807/807/781
f 1059/1059/1038 866/866/873 807/807/781
f 1060/1060/1043 1059/1059/1038 1061/1061/1039
f 807/807/781 1061/1061/1039 1059/1059/1038
f 807/807/781 808/808/1380 1061/1061/1039
f 909/909/878 866/866/873 1062/1062/1040
f 866/866/873 1059/1059/1038 1062/1062/1040
f 928/928/899 909/909/878 1062/1062/1040
f 1063/1063/1041 928/928/899 1064/1064/1042
f 1064/1064/1042 928/928/899 1062/1062/1040
f 1060/1060/1043 1062/1062/1040 1059/1059/1038
f 931/931/904 929/929/902 1065/1065/1046
f 1065/1065/1046 929/929/902 928/928/899
f 1063/1063/1041 1065/1065/1046 928/928/899
f 1064/1064/1042 1062/1062/1040 1060/1060/1043
f 1064/1064/1042 1060/1060/1043 1066/1066/1045
f 1063/1063/1041 1064/1064/1042 1067/1067/1047
f 1067/1067/1047 1064/1064/1042 1066/1066/1045
f 1060/1060/1043 1068/1068/1044 1066/1066/1045
f 1065/1065/1046 1063/1063/1041 1067/1067/1047
f 1065/1065/1046 1067/1067/1047 1069/1069/1050
f 1061/1061/1039 1068/1068/1044 1060/1060/1043
f 1069/1069/1050 1067/1067/1047 1070/1070/1061
f 931/931/904 945/945/1068 932/932/906
f 1065/1065/1046 1071/1071/1048 931/931/904
f 945/945/1068 931/931/904 1071/1071/1048
f 1071/1071/1048 1065/1065/1046 1069/1069/1050
f 1072/1072/1049 1071/1071/1048 1069/1069/1050
f 807/807/781 803/803/779 808/808/1380
f 910/910/1051 1073/1073/1052 806/806/881
f 910/910/1051 946/946/919 1073/1073/1052
f 808/808/1380 1074/1074/1053 1061/1061/1039
f 1074/1074/1053 1075/1075/1062 1061/1061/1039
f 1073/1073/1052 1076/1076/1058 806/806/881
f 1074/1074/1053 1077/1077/1123 1075/1075/1062
f 1078/1078/1054 1075/1075/1062 1077/1077/1123
f 1079/1079/1105 1080/1080/1055 1073/1073/1052
f 1080/1080/1055 1076/1076/1058 1073/1073/1052
f 1078/1078/1054 1077/1077/1123 1081/1081/1126
f 1082/1082/1115 1080/1080/1055 1083/1083/1056
f 1080/1080/1055 1084/1084/1059 1076/1076/1058
f 1082/1082/1115 1084/1084/1059 1080/1080/1055
f 1085/1085/1057 806/806/881 1076/1076/1058
f 1084/1084/1059 1086/1086/1516 1076/1076/1058
f 1082/1082/1115 1087/1087/1060 1084/1084/1059
f 1087/1087/1060 1086/1086/1516 1084/1084/1059
f 1066/1066/1045 1070/1070/1061 1067/1067/1047
f 1070/1070/1061 1066/1066/1045 1068/1068/1044
f 1068/1068/1044 1075/1075/1062 1088/1088/1091
f 1070/1070/1061 1068/1068/1044 1088/1088/1091
f 1089/1089/1063 1070/1070/1061 1088/1088/1091
f 1069/1069/1050 1070/1070/1061 1090/1090/1064
f 1090/1090/1064 1070/1070/1061 1089/1089/1063
f 1089/1089/1063 1091/1091/1065 1090/1090/1064
f 952/952/1066 946/946/919 942/942/916
f 1079/1079/1105 946/946/919 952/952/1066
f 1092/1092/1067 952/952/1066 951/951/923
f 946/946/919 1079/1079/1105 1073/1073/1052
f 1092/1092/1067 1079/1079/1105 952/952/1066
f 953/953/1106 1092/1092/1067 951/951/923
f 1093/1093/1084 944/944/918 945/945/1068
f 1094/1094/1069 1043/1043/1070 1095/1095/1071
f 1093/1093/1084 955/955/1017 944/944/918
f 1071/1071/1048 1072/1072/1049 945/945/1068
f 1090/1090/1064 1072/1072/1049 1069/1069/1050
f 1093/1093/1084 945/945/1068 1096/1096/1072
f 945/945/1068 1072/1072/1049 1096/1096/1072
f 1072/1072/1049 1090/1090/1064 1096/1096/1072
f 1044/1044/1073 955/955/1017 1097/1097/1074
f 1044/3987/1073 1097/3989/1074 1052/1052/1075
f 1094/1094/1069 1095/1095/1071 1098/1098/1076
f 1052/1052/1075 1097/3989/1074 1099/1099/1079
f 1099/1099/1079 1095/1095/1071 1052/1052/1075
f 1098/1098/1076 1100/1100/1087 1094/1094/1069
f 1100/1100/1087 1098/1098/1076 1101/1101/1077
f 1095/1095/1071 1101/1101/1077 1098/1098/1076
f 1102/1102/1078 1095/1095/1071 1099/1099/1079
f 1102/1102/1078 1099/1099/1079 1097/3989/1074
f 1102/1102/1078 1101/1101/1077 1095/1095/1071
f 1093/1093/1084 1096/1096/1072 1103/1103/1094
f 1104/1104/1080 1093/1093/1084 1105/1105/1081
f 1106/1106/1082 1104/3990/1086 1105/3991/1083
f 955/955/1017 1093/1093/1084 1097/1097/1074
f 1101/1101/1077 1107/1107/1085 1100/1100/1087
f 1097/1097/1074 1093/1093/1084 1104/1104/1080
f 1104/3990/1086 1102/1102/1078 1097/3989/1074
f 1107/1107/1085 1101/1101/1077 1102/1102/1078
f 1100/1100/1087 1108/1108/1088 1038/1038/1089
f 1109/1109/1101 1107/1107/1085 1110/1110/1098
f 1102/1102/1078 1106/1106/1090 1107/1107/1085
f 1106/1106/1090 1110/1110/1098 1107/1107/1085
f 1108/1108/1088 1100/1100/1087 1107/1107/1085
f 1108/1108/1088 1107/1107/1085 1109/1109/1101
f 1106/1106/1082 1102/1102/1078 1104/3990/1086
f 1061/1061/1039 1075/1075/1062 1068/1068/1044
f 1089/1089/1063 1088/1088/1091 1111/1111/1111
f 1088/1088/1091 1078/1078/1054 1111/1111/1111
f 1088/1088/1091 1075/1075/1062 1078/1078/1054
f 1089/1089/1063 1112/1112/1092 1091/1091/1065
f 1112/1112/1092 1089/1089/1063 1111/1111/1111
f 1091/1091/1065 1112/1112/1092 1113/1113/1093
f 1096/1096/1072 1090/1090/1064 1091/1091/1065
f 1103/1103/1094 1096/1096/1072 1091/1091/1065
f 1103/1103/1094 1091/1091/1065 1113/1113/1093
f 1109/1109/1101 1110/1110/1098 1114/1114/1095
f 1115/1115/1096 1093/1093/1084 1103/1103/1094
f 1105/1105/1081 1093/1093/1084 1115/1115/1096
f 1105/3991/1083 1115/3993/1097 1116/1116/1099
f 1116/1116/1099 1110/1110/1098 1106/1106/1090
f 1106/1106/1082 1105/3991/1083 1116/1116/1099
f 1115/1115/1096 1103/1103/1094 1113/1113/1093
f 1117/1117/1100 1115/3993/1097 1113/3992/1093
f 1110/1110/1098 1116/1116/1099 1114/1114/1095
f 1116/1116/1099 1115/3993/1097 1117/1117/1100
f 1108/1108/1088 1118/1118/1104 1017/1017/981
f 1117/1117/1100 1119/1119/1103 1116/1116/1099
f 1114/1114/1095 1116/1116/1099 1119/1119/1103
f 1109/1109/1101 1114/1114/1095 1120/1120/1102
f 1121/1121/1114 1119/1119/1103 1117/1117/1100
f 1119/1119/1103 1121/1121/1114 1122/1122/1119
f 1114/1114/1095 1119/1119/1103 1120/1120/1102
f 1120/1120/1102 1119/1119/1103 1122/1122/1119
f 1120/1120/1102 1122/1122/1119 1118/1118/1104
f 1108/1108/1088 1109/1109/1101 1118/1118/1104
f 1118/1118/1104 1109/1109/1101 1120/1120/1102
f 1092/1092/1067 1083/1083/1056 1079/1079/1105
f 953/953/1106 1123/1123/1117 1092/1092/1067
f 1092/1092/1067 1123/1123/1117 1083/1083/1056
f 1124/1124/1108 953/953/1106 956/956/926
f 1124/1124/1108 1123/1123/1117 953/953/1106
f 1083/1083/1056 1080/1080/1055 1079/1079/1105
f 956/956/926 1125/1125/1107 1124/1124/1108
f 1124/1124/1108 1125/1125/1107 1126/1126/1116
f 956/956/926 960/960/1109 1125/1125/1107
f 960/960/1109 961/961/928 1127/1127/1502
f 963/963/929 1128/1128/1110 961/961/928
f 963/963/929 1129/1129/1555 1128/1128/1110
f 1111/1111/1111 1078/1078/1054 1130/1130/1112
f 1130/1130/1112 1078/1078/1054 1081/1081/1126
f 1111/1111/1111 1130/1130/1112 1131/1131/1145
f 1112/1112/1092 1111/1111/1111 1131/1131/1145
f 1113/1113/1093 1112/1112/1092 1131/1131/1145
f 1113/3992/1093 1131/3994/1145 1132/1132/1113
f 1113/3992/1093 1132/1132/1113 1121/1121/1114
f 1132/1132/1113 1133/1133/1146 1121/1121/1114
f 1133/1133/1146 1132/1132/1113 1131/3994/1145
f 1083/1083/1056 1123/1123/1117 1082/1082/1115
f 1124/1124/1108 1126/1126/1116 1123/1123/1117
f 1134/1134/1118 1082/1082/1115 1123/1123/1117
f 1134/1134/1118 1087/1087/1060 1082/1082/1115
f 1113/3992/1093 1121/1121/1114 1117/1117/1100
f 1121/1121/1114 1133/1133/1146 1122/1122/1119
f 1135/1135/1120 1122/1122/1119 1133/1133/1146
f 1074/1074/1053 808/808/1380 1136/1136/1121
f 1137/1137/1122 1077/1077/1123 1074/1074/1053
f 1085/1085/1057 810/810/1124 806/806/881
f 1136/1136/1121 1137/1137/1122 1074/1074/1053
f 1077/1077/1123 1137/1137/1122 1138/1138/1125
f 1081/1081/1126 1077/1077/1123 1138/1138/1125
f 1139/1139/1142 1081/1081/1126 1140/1140/1127
f 1138/1138/1125 1137/1137/1122 1141/1141/1128
f 1141/1141/1128 1142/1142/1129 1138/1138/1125
f 1140/1140/1127 1081/1081/1126 1138/1138/1125
f 1140/1140/1127 1138/1138/1125 1142/1142/1129
f 1143/1143/1150 1140/1140/1127 1142/1142/1129
f 1086/1086/1516 1085/1085/1057 1076/1076/1058
f 1136/1136/1121 1144/1144/1130 1137/1137/1122
f 1144/1144/1130 1136/1136/1121 1145/1145/1131
f 1146/1146/1133 1144/1144/1130 1145/1145/1131
f 1147/1147/1138 1146/1146/1133 1145/1145/1131
f 1147/1147/1138 1145/1145/1131 1148/1148/1132
f 810/810/1124 1085/1085/1057 1149/1149/1521
f 1141/1141/1128 1137/1137/1122 1144/1144/1130
f 1144/1144/1130 1146/1146/1133 1141/1141/1128
f 1146/1146/1133 1142/1142/1129 1141/1141/1128
f 1146/1146/1133 1150/1150/1135 1142/1142/1129
f 1143/1143/1150 1142/1142/1129 1151/1151/1134
f 1151/1151/1134 1152/1152/1137 1143/1143/1150
f 1151/1151/1134 1142/1142/1129 1150/1150/1135
f 1151/1151/1134 1150/1150/1135 1153/1153/1136
f 1151/1151/1134 1153/1153/1136 1152/1152/1137
f 1154/1154/1169 1152/1152/1137 1153/1153/1136
f 1150/1150/1135 1146/1146/1133 1147/1147/1138
f 1147/1147/1138 1155/1155/1139 1153/1153/1136
f 1150/1150/1135 1147/1147/1138 1153/1153/1136
f 1154/1154/1169 1155/1155/1139 1156/1156/1140
f 1153/1153/1136 1155/1155/1139 1154/1154/1169
f 1122/1122/1119 1157/1157/1155 1118/1118/1104
f 1130/1130/1112 1081/1081/1126 1139/1139/1142
f 1158/1158/1141 1130/1130/1112 1139/1139/1142
f 1131/1131/1145 1130/1130/1112 1158/1158/1141
f 1159/1159/1149 1158/1158/1141 1139/1139/1142
f 1159/1159/1149 1139/1139/1142 1140/1140/1127
f 1160/1160/1143 1158/1158/1141 1159/1159/1149
f 1131/1131/1145 1158/1158/1141 1160/1160/1143
f 1161/1161/1144 1131/3994/1145 1160/3995/1143
f 1133/1133/1146 1131/3994/1145 1161/1161/1144
f 1133/1133/1146 1161/1161/1144 1162/1162/1147
f 1163/1163/1148 1162/1162/1147 1161/1161/1144
f 1160/3995/1143 1163/1163/1148 1161/1161/1144
f 1159/1159/1149 1140/1140/1127 1143/1143/1150
f 1159/1159/1149 1143/1143/1150 1160/1160/1143
f 1160/1160/1143 1143/1143/1150 1152/1152/1137
f 1152/1152/1137 1163/3996/1148 1160/1160/1143
f 1164/1164/1160 1162/1162/1147 1165/1165/1151
f 1165/1165/1151 1162/1162/1147 1163/1163/1148
f 1166/1166/1152 1165/1165/1151 1163/1163/1148
f 1167/1167/1153 1165/1165/1151 1168/1168/1154
f 1166/1166/1152 1168/1168/1154 1165/1165/1151
f 1168/1168/1154 1166/1166/1152 1169/1169/1170
f 1122/1122/1119 1135/1135/1120 1157/1157/1155
f 1157/1157/1155 1135/1135/1120 1170/1170/1156
f 1135/1135/1120 1133/1133/1146 1171/1171/1159
f 1133/1133/1146 1162/1162/1147 1171/1171/1159
f 1170/1170/1156 1135/1135/1120 1171/1171/1159
f 1157/1157/1155 1172/1172/1157 1118/1118/1104
f 1157/1157/1155 1170/1170/1156 1172/1172/1157
f 1172/1172/1157 1170/1170/1156 1173/1173/1158
f 1172/1172/1157 1173/1173/1158 1174/1174/1162
f 1171/1171/1159 1162/1162/1147 1164/1164/1160
f 1171/1171/1159 1164/1164/1160 1170/1170/1156
f 1170/1170/1156 1164/1164/1160 1175/1175/1161
f 1176/1176/1168 1175/1175/1161 1164/1164/1160
f 1167/1167/1153 1164/1164/1160 1165/1165/1151
f 1176/1176/1168 1164/1164/1160 1167/1167/1153
f 1176/1176/1168 1177/1177/1165 1175/1175/1161
f 1173/1173/1158 1170/1170/1156 1175/1175/1161
f 1177/1177/1165 1173/1173/1158 1175/1175/1161
f 1174/1174/1162 1173/1173/1158 1177/1177/1165
f 1178/1178/1163 1179/1179/1164 1177/1177/1165
f 1177/1177/1165 1179/1179/1164 1174/1174/1162
f 1180/1180/1166 1167/1167/1153 1168/1168/1154
f 1176/1176/1168 1167/1167/1153 1180/1180/1166
f 1180/1180/1166 1168/1168/1154 1181/1181/1167
f 1181/1181/1167 1168/1168/1154 1169/1169/1170
f 1177/1177/1165 1176/1176/1168 1178/1178/1163
f 1178/1178/1163 1176/1176/1168 1180/1180/1166
f 1181/1181/1167 1178/1178/1163 1180/1180/1166
f 1178/1178/1163 1181/1181/1167 1179/1179/1164
f 1181/1181/1167 1182/1182/1543 1179/1179/1164
f 1163/3996/1148 1152/1152/1137 1154/1154/1169
f 1183/1183/1501 1163/3996/1148 1154/1154/1169
f 1163/3996/1148 1183/1183/1501 1166/3997/1152
f 1181/1181/1167 1169/1169/1170 1184/1184/1544
f 1038/1038/1089 1043/1043/1070 1094/1094/1069
f 1100/1100/1087 1038/1038/1089 1094/1094/1069
f 1017/1017/981 1038/1038/1089 1108/1108/1088
f 1095/1095/1071 1043/1043/1070 1040/1040/1171
f 1051/1051/1030 1095/1095/1071 1040/1040/1171
f 1052/1052/1075 1095/1095/1071 1051/1051/1030
f 1172/1172/1157 1018/1018/1172 1017/1017/981
f 1017/1017/981 1118/1118/1104 1172/1172/1157
f 1185/1185/1173 964/964/930 1057/1057/1035
f 1129/1129/1555 963/963/929 964/964/930
f 1058/1058/1036 1185/1185/1174 1057/1057/1037
f 1185/1185/1174 1058/1058/1036 1186/1186/1175
f 1185/1185/1173 1129/1129/1555 964/964/930
f 1012/1012/1552 1186/1186/1175 1058/1058/1036
f 1187/1187/1177 1018/1018/1172 1172/1172/1157
f 986/986/1176 1018/1018/1172 1187/1187/1177
f 1172/1172/1157 1174/1174/1162 1187/1187/1177
f 1187/1187/1177 1174/1174/1162 1179/1179/1164
f 1188/1188/1181 1189/1189/1178 1190/1190/1180
f 1188/1188/1181 1191/1191/1230 1189/1189/1178
f 1192/1192/1179 1188/1188/1181 1190/1190/1180
f 1193/1193/1292 1192/1192/1179 1190/1190/1180
f 1192/1192/1179 1194/1194/1235 1188/1188/1181
f 1192/1192/1179 1195/1195/1182 1194/1194/1235
f 1193/1193/1292 1195/1195/1182 1192/1192/1179
f 1195/1195/1182 1196/1196/1183 1197/1197/1245
f 1195/1195/1182 1193/1193/1292 1196/1196/1183
f 1198/1198/1184 1196/1196/1183 1193/1193/1292
f 686/686/663 598/598/566 760/760/730
f 686/686/663 687/687/664 685/685/661
f 1199/1199/1204 756/756/724 757/757/725
f 1199/1199/1204 759/759/728 756/756/724
f 1200/1200/1185 686/686/663 760/760/730
f 1201/1201/1186 760/760/730 759/759/728
f 1199/1199/1204 1201/1201/1186 759/759/728
f 1201/1201/1186 1200/1200/1185 760/760/730
f 1202/1202/1198 695/695/1187 694/694/1195
f 695/695/1187 1202/1202/1198 1203/1203/1188
f 615/615/669 695/695/1187 1203/1203/1188
f 1203/1203/1188 693/693/670 615/615/669
f 1203/1203/1188 1204/1204/1189 693/693/670
f 693/693/670 1204/1204/1189 1205/1205/1190
f 1206/1206/1191 689/689/665 687/687/664
f 1189/1189/1178 687/687/664 686/686/663
f 1189/1189/1178 1206/1206/1191 687/687/664
f 689/689/665 1206/1206/1191 691/691/667
f 1207/1207/1192 694/694/1195 691/691/667
f 691/691/667 1206/1206/1191 1207/1207/1192
f 1206/1206/1191 1208/1208/1193 1207/1207/1192
f 1209/1209/1194 694/694/1195 1207/1207/1192
f 1200/1200/1185 1190/1190/1180 686/686/663
f 1189/1189/1178 686/686/663 1190/1190/1180
f 1206/1206/1191 1189/1189/1178 1191/1191/1230
f 1208/1208/1193 1206/1206/1191 1191/1191/1230
f 1207/1207/1192 1208/1208/1193 1210/1210/1232
f 1207/1207/1192 1210/1210/1232 1209/1209/1194
f 694/694/1195 1211/1211/1196 1202/1202/1198
f 1209/1209/1194 1211/1211/1196 694/694/1195
f 1202/1202/1198 1211/1211/1196 1212/1212/1237
f 694/694/1195 690/690/666 691/691/667
f 1204/1204/1189 1203/1203/1188 1202/1202/1198
f 1213/1213/1199 1214/1214/1197 1204/1204/1189
f 1202/1202/1198 1213/1213/1199 1204/1204/1189
f 1202/1202/1198 1212/1212/1237 1215/1215/1251
f 1202/1202/1198 1215/1215/1251 1213/1213/1199
f 1214/1214/1197 1213/1213/1199 1216/1216/1253
f 1216/1216/1253 1217/1217/1200 1214/1214/1197
f 1218/1218/1201 1214/1214/1197 1217/1217/1200
f 1219/1219/1202 757/757/725 754/754/722
f 1220/1220/1203 757/757/725 1219/1219/1202
f 757/757/725 1220/1220/1203 1199/1199/1204
f 1199/1199/1204 1221/1221/1205 1201/1201/1186
f 1221/1221/1205 1199/1199/1204 1220/1220/1203
f 1222/1222/1206 1221/1221/1205 1220/1220/1203
f 1220/1220/1203 1219/1219/1202 1222/1222/1206
f 1222/1222/1206 1219/1219/1202 1223/1223/1207
f 1219/1219/1202 754/754/722 1223/1223/1207
f 767/767/764 1224/1224/1211 766/766/733
f 761/761/731 763/763/776 1225/1225/1208
f 1225/1225/1208 763/763/776 766/766/733
f 1226/1226/1213 761/761/731 1225/1225/1208
f 1227/1227/1209 1225/1225/1208 766/766/733
f 1227/1227/1209 766/766/733 1224/1224/1211
f 1227/1227/1209 1224/1224/1211 1228/1228/1210
f 1224/1224/1211 1229/1229/1212 1228/1228/1210
f 1230/1230/1261 1226/1226/1213 1225/1225/1208
f 761/761/731 1226/1226/1213 764/764/1214
f 1231/1231/1215 1225/1225/1208 1227/1227/1209
f 1230/1230/1261 1225/1225/1208 1231/1231/1215
f 1232/1232/1269 1233/1233/1263 1231/1231/1215
f 1230/1230/1261 1231/1231/1215 1233/1233/1263
f 1228/1228/1210 1231/1231/1215 1227/1227/1209
f 1234/1234/1219 1231/1231/1215 1228/1228/1210
f 1235/1235/1218 1228/1228/1210 1229/1229/1212
f 1234/1234/1219 1228/1228/1210 1235/1235/1218
f 1200/1200/1185 1201/1201/1186 1236/1236/1216
f 1221/1221/1205 1236/1236/1216 1201/1201/1186
f 1221/1221/1205 1237/1237/1217 1236/1236/1216
f 1238/1238/1242 1190/1190/1180 1200/1200/1185
f 1238/1238/1242 1200/1200/1185 1236/1236/1216
f 1222/1222/1206 1237/1237/1217 1221/1221/1205
f 1238/1238/1242 1236/1236/1216 1237/1237/1217
f 1222/1222/1206 1239/1239/1264 1237/1237/1217
f 1234/1234/1219 1232/1232/1269 1231/1231/1215
f 1234/1234/1219 1235/1235/1218 1240/1240/1271
f 1234/1234/1219 1240/1240/1271 1241/1241/1220
f 636/636/772 633/633/600 697/697/675
f 636/636/772 697/697/675 801/801/773
f 696/696/674 693/693/670 1205/1205/1190
f 697/697/675 696/696/674 1242/1242/1221
f 696/696/674 1205/1205/1190 1242/1242/1221
f 1243/1243/1222 697/697/675 1242/1242/1221
f 797/797/763 795/795/766 1244/1244/1223
f 798/798/1225 1244/1244/1223 795/795/766
f 1245/1245/1224 801/801/773 697/697/675
f 1245/1245/1224 798/798/1225 1246/1246/1226
f 697/697/675 1243/1243/1222 1245/1245/1224
f 798/798/1225 800/800/771 1246/1246/1226
f 801/801/773 1246/1246/1226 800/800/771
f 1245/1245/1224 1246/1246/1226 801/801/773
f 1204/1204/1189 1247/1247/1227 1205/1205/1190
f 1242/1242/1221 1205/1205/1190 1247/1247/1227
f 1247/1247/1227 1204/1204/1189 1214/1214/1197
f 1247/1247/1227 1243/1243/1222 1242/1242/1221
f 1247/1247/1227 1214/1214/1197 1218/1218/1201
f 1243/1243/1222 1247/1247/1227 1218/1218/1201
f 797/797/763 1244/1244/1223 767/767/764
f 1224/1224/1211 767/767/764 1244/1244/1223
f 1229/1229/1212 1224/1224/1211 1244/1244/1223
f 1229/1229/1212 1244/1244/1223 1248/1248/1228
f 1235/1235/1218 1229/1229/1212 1248/1248/1228
f 1248/1248/1228 1244/1244/1223 798/798/1225
f 1249/1249/1229 1248/1248/1228 798/798/1225
f 798/798/1225 1245/1245/1224 1249/1249/1229
f 1245/1245/1224 1243/1243/1222 1250/1250/1260
f 1249/1249/1229 1245/1245/1224 1250/1250/1260
f 1250/1250/1260 1243/1243/1222 1218/1218/1201
f 1251/1251/1290 1235/1235/1218 1248/1248/1228
f 1248/1248/1228 1249/1249/1229 1251/1251/1290
f 1250/1250/1260 1251/1251/1290 1249/1249/1229
f 1208/1208/1193 1191/1191/1230 1252/1252/1231
f 1191/1191/1230 1188/1188/1181 1252/1252/1231
f 1210/1210/1232 1208/1208/1193 1252/1252/1231
f 1210/1210/1232 1252/1252/1231 1253/1253/1233
f 1210/1210/1232 1211/1211/1196 1209/1209/1194
f 1211/1211/1196 1210/1210/1232 1253/1253/1233
f 1194/1194/1235 1252/1252/1231 1188/1188/1181
f 1254/1254/1234 1252/1252/1231 1194/1194/1235
f 1253/1253/1233 1252/1252/1231 1254/1254/1234
f 1211/1211/1196 1253/1253/1233 1255/1255/1236
f 1256/1256/1238 1211/1211/1196 1255/1255/1236
f 1212/1212/1237 1211/1211/1196 1256/1256/1238
f 1212/1212/1237 1256/1256/1238 1257/1257/1252
f 1258/1258/1239 1254/1254/1234 1194/1194/1235
f 1259/1259/1244 1254/1254/1234 1258/1258/1239
f 1255/1255/1236 1253/1253/1233 1254/1254/1234
f 1256/1256/1238 1255/1255/1236 1257/1257/1252
f 1255/1255/1236 1254/1254/1234 1259/1259/1244
f 1259/1259/1244 1260/1260/1240 1255/1255/1236
f 1257/1257/1252 1255/1255/1236 1260/1260/1240
f 1261/1261/1241 1190/1190/1180 1238/1238/1242
f 1261/1261/1241 1193/1193/1292 1190/1190/1180
f 1238/1238/1242 1193/1193/1292 1261/1261/1241
f 1258/1258/1239 1194/1194/1235 1195/1195/1182
f 1258/1258/1239 1262/1262/1243 1259/1259/1244
f 1262/1262/1243 1258/1258/1239 1197/1197/1245
f 1260/1260/1240 1259/1259/1244 1263/1263/1246
f 1263/1263/1246 1259/1259/1244 1264/1264/1249
f 1265/1265/1250 1266/1266/1247 1263/1263/1248
f 1266/1266/1247 1260/1260/1240 1263/1263/1248
f 1264/1264/1249 1259/1259/1244 1262/1262/1243
f 1264/1264/1249 1265/1265/1250 1263/1263/1246
f 1215/1215/1251 1212/1212/1237 1257/1257/1252
f 1213/1213/1199 1215/1215/1251 1257/1257/1252
f 1213/1213/1199 1257/1257/1252 1216/1216/1253
f 1217/1217/1200 1216/1216/1253 1267/1267/1254
f 1218/1218/1201 1217/1217/1200 1267/1267/1254
f 1216/1216/1253 1257/1257/1252 1260/1260/1240
f 1268/1268/1255 1216/1216/1253 1260/1260/1240
f 1267/1267/1254 1216/1216/1253 1268/1268/1255
f 1218/1218/1201 1267/1267/1254 1269/1269/1256
f 1267/1267/1254 1268/1268/1255 1269/1269/1256
f 1270/1270/1259 1218/1218/1201 1269/1269/1256
f 1260/1260/1240 1266/1266/1247 1271/1271/1257
f 1271/1271/1257 1268/1268/1255 1260/1260/1240
f 1271/1271/1257 1266/1266/1247 1272/1272/1258
f 1266/1266/1247 1265/1265/1250 1272/1272/1258
f 1265/1265/1250 1273/1273/1300 1272/1272/1258
f 1270/1270/1259 1250/1250/1260 1218/1218/1201
f 754/754/722 768/768/734 1223/1223/1207
f 1274/1274/1282 764/764/1214 1226/1226/1213
f 748/748/714 764/764/1214 1274/1274/1282
f 1230/1230/1261 1275/1275/1262 1226/1226/1213
f 1275/1275/1262 1230/1230/1261 1233/1233/1263
f 1274/1274/1282 1226/1226/1213 1275/1275/1262
f 1239/1239/1264 1222/1222/1206 1223/1223/1207
f 1239/1239/1264 1276/1276/1265 1237/1237/1217
f 1276/1276/1265 1238/1238/1242 1237/1237/1217
f 1223/1223/1207 1277/1277/1314 1278/1278/1266
f 1278/1278/1266 1239/1239/1264 1223/1223/1207
f 1233/1233/1263 1279/1279/1268 1275/1275/1262
f 1280/1280/1267 1275/1275/1262 1279/1279/1268
f 1274/1274/1282 1275/1275/1262 1280/1280/1267
f 1279/1279/1268 1233/1233/1263 1232/1232/1269
f 1281/1281/1270 1279/1279/1268 1232/1232/1269
f 1234/1234/1219 1241/1241/1220 1232/1232/1269
f 1241/1241/1220 1281/1281/1270 1232/1232/1269
f 1240/1240/1271 1235/1235/1218 1282/1282/1273
f 1283/1283/1275 1240/1240/1271 1282/1282/1273
f 1251/1251/1290 1282/1282/1273 1235/1235/1218
f 1283/1283/1275 1241/1241/1220 1240/1240/1271
f 1284/1284/1291 1285/1285/1272 1282/1282/1273
f 1286/1286/1274 1281/1281/1270 1241/1241/1220
f 1283/1283/1275 1286/1286/1274 1241/1241/1220
f 1283/1283/1275 1282/1282/1273 1287/1287/1276
f 1287/1287/1276 1282/1282/1273 1285/1285/1272
f 1287/1287/1276 1285/1285/1272 1288/1288/1277
f 1279/1279/1268 1289/1289/1284 1280/1280/1267
f 1289/1289/1284 1279/1279/1268 1281/1281/1270
f 1290/1290/1278 1289/1289/1284 1281/1281/1270
f 1291/1291/1286 1280/1280/1267 1289/1289/1284
f 1286/1286/1274 1290/1290/1278 1281/1281/1270
f 1292/1292/1280 1290/1290/1278 1286/1286/1274
f 1286/1286/1274 1283/1283/1275 1293/1293/1279
f 1293/1293/1279 1283/1283/1275 1287/1287/1276
f 1286/1286/1274 1293/1293/1279 1292/1292/1280
f 1290/1290/1278 1292/1292/1280 1294/1294/1287
f 1295/1295/1281 1223/1223/1207 768/768/734
f 1295/1295/1281 1277/1277/1314 1223/1223/1207
f 1274/1274/1282 1280/1280/1267 1291/1291/1286
f 748/748/714 1274/1274/1282 805/805/1283
f 1289/1289/1284 1296/1296/1285 1291/1291/1286
f 1296/1296/1285 1289/1289/1284 1290/1290/1278
f 1296/1296/1285 1290/1290/1278 1294/1294/1287
f 1297/1297/1319 1294/1294/1287 1292/1292/1280
f 1298/1298/1288 1274/1274/1282 1291/1291/1286
f 1299/1299/1289 1291/1291/1286 1296/1296/1285
f 1296/1296/1285 1294/1294/1287 1300/1300/1322
f 1299/1299/1289 1298/1298/1288 1291/1291/1286
f 1251/1251/1290 1284/1284/1291 1282/1282/1273
f 1251/1251/1290 1250/1250/1260 1301/1301/1352
f 1302/1302/1294 1238/1238/1242 1276/1276/1265
f 1193/1193/1292 1238/1238/1242 1303/1303/1293
f 1258/1258/1239 1195/1195/1182 1197/1197/1245
f 1276/1276/1265 1239/1239/1264 1278/1278/1266
f 1278/1278/1266 1302/1302/1294 1276/1276/1265
f 1302/1302/1294 1303/1303/1293 1238/1238/1242
f 1193/1193/1292 1303/1303/1293 1304/1304/1316
f 1285/1285/1272 1284/1284/1291 1288/1288/1277
f 1305/1305/1296 1287/1287/1276 1288/1288/1277
f 1306/1306/1295 1287/1287/1276 1305/1305/1296
f 1288/1288/1277 1307/1307/1297 1305/1305/1296
f 1308/1308/1354 1307/1307/1330 1288/1288/1277
f 1309/1309/1321 1306/1306/1295 1305/1305/1296
f 1293/1293/1279 1287/1287/1276 1306/1306/1295
f 1309/1309/1321 1305/1305/1296 1307/1307/1297
f 1310/1310/1298 1197/1197/1245 1311/1311/1306
f 1262/1262/1243 1197/1197/1245 1310/1310/1298
f 1264/1264/1249 1262/1262/1243 1312/1312/1299
f 1265/1265/1250 1264/1264/1249 1312/1312/1299
f 1312/1312/1299 1273/1273/1300 1265/1265/1250
f 1312/1312/1299 1262/1262/1243 1313/1313/1301
f 1313/1313/1301 1262/1262/1243 1310/1310/1298
f 1313/1313/1307 1273/1273/1300 1312/1312/1299
f 1271/1271/1257 1272/1272/1258 1314/1314/1302
f 1314/1314/1302 1272/1272/1258 1315/1315/1360
f 1273/1273/1300 1316/1316/1303 1272/1272/1258
f 1272/1272/1258 1316/1316/1303 1315/1315/1360
f 1268/1268/1255 1271/1271/1257 1314/1314/1302
f 1314/1314/1302 1317/1317/1304 1268/1268/1255
f 1197/1197/1245 1196/1196/1183 1311/1311/1306
f 1196/1196/1183 1198/1198/1184 1318/1318/1305
f 1318/1318/1305 1311/1311/1306 1196/1196/1183
f 1310/1310/1298 1311/1311/1306 1319/1319/1308
f 1320/1320/1334 1273/1273/1300 1313/1313/1307
f 1310/1310/1298 1319/1319/1308 1313/1313/1301
f 1313/1313/1307 1321/1321/1335 1320/1320/1334
f 1273/1273/1300 1320/1320/1334 1316/1316/1303
f 1270/1270/1259 1269/1269/1256 1322/1322/1309
f 1323/1323/1310 1268/1268/1255 1317/1317/1304
f 1269/1269/1256 1268/1268/1255 1323/1323/1310
f 1323/1323/1310 1324/1324/1311 1269/1269/1256
f 1322/1322/1309 1269/1269/1256 1324/1324/1311
f 1324/1324/1311 1325/1325/1371 1322/1322/1309
f 1302/1302/1294 1278/1278/1266 1326/1326/1313
f 1302/1302/1294 1326/1326/1313 1327/1327/1315
f 1328/1328/1312 1303/1303/1293 1302/1302/1294
f 1326/1326/1313 1278/1278/1266 1277/1277/1314
f 1327/1327/1315 1328/1328/1312 1302/1302/1294
f 1193/1193/1292 1304/1304/1316 1198/1198/1184
f 1303/1303/1293 1328/1328/1312 1304/1304/1316
f 1277/1277/1314 1329/1329/1391 1326/1326/1313
f 1329/1329/1391 1327/1327/1315 1326/1326/1313
f 1327/1327/1315 1329/1329/1391 1330/1330/1317
f 1328/1328/1312 1327/1327/1315 1330/1330/1317
f 1331/1331/1318 1304/1304/1316 1328/1328/1312
f 1331/1331/1318 1328/1328/1312 1330/1330/1317
f 1297/1297/1319 1292/1292/1280 1293/1293/1279
f 1332/1332/1356 1293/1293/1279 1306/1306/1295
f 1297/1297/1319 1293/1293/1279 1332/1332/1356
f 1333/1333/1320 1309/1309/1321 1307/1307/1297
f 1297/1297/1319 1334/1334/1323 1294/1294/1287
f 1334/1334/1323 1300/1300/1322 1294/1294/1287
f 1300/1300/1322 1299/1299/1289 1296/1296/1285
f 1300/1300/1322 1334/1334/1323 1335/1335/1324
f 1335/1335/1324 1336/1336/1395 1300/1300/1322
f 1337/1337/1328 1311/1311/1306 1318/1318/1305
f 1337/1337/1328 1319/1319/1308 1311/1311/1306
f 1338/1338/1325 1318/1318/1305 1198/1198/1184
f 1337/1337/1328 1318/1318/1305 1339/1339/1329
f 1319/1319/1308 1321/1321/1326 1313/1313/1301
f 1340/1340/1327 1321/1321/1326 1319/1319/1308
f 1320/1320/1334 1341/1341/1339 1316/1316/1303
f 1340/1340/1327 1319/1319/1308 1337/1337/1328
f 1338/1338/1325 1339/1339/1329 1318/1318/1305
f 1342/1342/1399 1339/1339/1329 1338/1338/1325
f 1343/1343/1401 1337/1337/1328 1339/1339/1329
f 1340/1340/1327 1337/1337/1328 1343/1343/1401
f 1340/1340/1327 1343/1343/1401 1344/1344/1403
f 1345/1345/1338 1309/1309/1321 1333/1333/1320
f 1307/1307/1330 1346/1346/1353 1333/1333/1331
f 1346/1346/1353 1345/1345/1338 1333/1333/1331
f 1346/1346/1353 1347/1347/1332 1345/1345/1338
f 1348/1348/1333 1320/1320/1334 1321/1321/1335
f 1321/1321/1335 1349/1349/1336 1348/1348/1333
f 1349/1349/1337 1321/1321/1326 1340/1340/1327
f 1350/1350/1345 1351/1351/1341 1345/1345/1338
f 1320/1320/1334 1348/1348/1333 1341/1341/1339
f 1349/1349/1340 1340/1340/1327 1351/4003/1341
f 1351/4004/1341 1350/4002/1342 1349/4001/1340
f 1350/1350/1345 1348/3999/1333 1349/4000/1343
f 1350/1350/1345 1352/1352/1344 1348/3999/1333
f 1352/4005/1344 1341/1341/1339 1348/1348/1333
f 1341/1341/1339 1352/4005/1344 1353/1353/1373
f 1347/1347/1332 1350/1350/1345 1345/1345/1338
f 1347/1347/1332 1352/1352/1344 1350/1350/1345
f 1352/1352/1344 1347/1347/1332 1354/1354/1347
f 1355/1355/1348 1353/1353/1373 1352/4005/1344
f 1355/4006/1348 1325/1325/1371 1356/1356/1346
f 1352/1352/1344 1354/1354/1347 1355/4006/1348
f 1325/1325/1371 1355/4006/1348 1354/1354/1347
f 1309/1309/1321 1345/1345/1338 1351/1351/1341
f 1357/1357/1349 1306/1306/1295 1309/1309/1321
f 1340/1340/1327 1358/1358/1350 1351/4003/1341
f 1309/1309/1321 1351/1351/1341 1359/1359/1351
f 1284/1284/1291 1251/1251/1290 1308/1308/1354
f 1301/1301/1352 1308/1308/1354 1251/1251/1290
f 1308/1308/1354 1288/1288/1277 1284/1284/1291
f 1308/1308/1354 1301/1301/1352 1270/1270/1259
f 1270/1270/1259 1322/1322/1309 1308/1308/1354
f 1301/1301/1352 1250/1250/1260 1270/1270/1259
f 1346/1346/1353 1307/1307/1330 1308/1308/1354
f 1308/1308/1354 1322/1322/1309 1360/1360/1355
f 1297/1297/1319 1332/1332/1356 1334/1334/1323
f 1334/1334/1323 1332/1332/1356 1335/1335/1324
f 1335/1335/1324 1332/1332/1356 1361/1361/1357
f 1361/1361/1357 1332/1332/1356 1306/1306/1295
f 1362/1362/1432 1361/1361/1357 1306/1306/1295
f 1360/1360/1355 1346/1346/1353 1308/1308/1354
f 1322/1322/1309 1325/1325/1371 1360/1360/1355
f 1354/1354/1347 1347/1347/1332 1346/1346/1353
f 1346/1346/1353 1360/1360/1355 1354/1354/1347
f 1354/1354/1347 1360/1360/1355 1325/1325/1371
f 1363/1363/1358 1364/1364/1359 1315/1315/1360
f 1314/1314/1302 1315/1315/1360 1364/1364/1359
f 1365/1365/1361 1314/1314/1302 1364/1364/1359
f 1314/1314/1302 1365/1365/1361 1317/1317/1304
f 1365/1365/1361 1364/1364/1359 1366/1366/1367
f 1315/1315/1360 1316/1316/1303 1363/1363/1358
f 1364/1364/1359 1363/1363/1358 1367/1367/1363
f 1363/1363/1358 1368/1368/1362 1367/4009/1363
f 1368/1368/1362 1363/1363/1358 1316/1316/1303
f 1366/1366/1367 1364/1364/1359 1367/1367/1363
f 1369/1369/1364 1367/4009/1363 1368/1368/1362
f 1366/1366/1367 1367/1367/1363 1369/4010/1364
f 1369/1369/1364 1368/1368/1362 1370/1370/1366
f 1316/1316/1303 1370/1370/1366 1368/1368/1362
f 1371/1371/1365 1370/1370/1366 1316/1316/1303
f 1365/1365/1361 1323/1323/1310 1317/1317/1304
f 1365/1365/1361 1324/1324/1311 1323/1323/1310
f 1366/1366/1367 1324/1324/1311 1365/1365/1361
f 1324/1324/1311 1366/1366/1367 1369/4010/1364
f 1372/1372/1369 1369/1369/1364 1370/1370/1366
f 1324/1324/1311 1369/4010/1364 1373/1373/1368
f 1374/1374/1370 1324/1324/1311 1373/1373/1368
f 1373/4011/1368 1369/1369/1364 1372/1372/1369
f 1374/1374/1370 1325/1325/1371 1324/1324/1311
f 1375/1375/1372 1316/1316/1303 1341/1341/1339
f 1316/1316/1303 1375/1375/1372 1376/1376/1374
f 1371/1371/1365 1316/1316/1303 1376/1376/1374
f 1371/1371/1365 1372/1372/1369 1370/1370/1366
f 1377/1377/1376 1376/1376/1374 1375/1375/1372
f 1341/1341/1339 1353/1353/1373 1375/1375/1372
f 1378/1378/1375 1372/1372/1369 1371/1371/1365
f 1378/1378/1375 1371/1371/1365 1376/1376/1374
f 1372/1372/1369 1378/1378/1375 1373/4011/1368
f 1373/4011/1368 1378/1378/1375 1374/4012/1370
f 1377/1377/1376 1374/4012/1370 1378/1378/1375
f 1377/1377/1376 1375/1375/1372 1353/1353/1373
f 1377/1377/1376 1378/1378/1375 1376/1376/1374
f 1325/1325/1371 1374/1374/1370 1356/1356/1346
f 1355/1355/1348 1356/4007/1346 1377/1377/1376
f 1355/1355/1348 1377/1377/1376 1353/1353/1373
f 1374/4012/1370 1377/1377/1376 1356/4007/1346
f 805/805/1283 1274/1274/1282 1298/1298/1288
f 1379/1379/1378 1298/1298/1288 1299/1299/1289
f 1380/1380/1397 1379/1379/1378 1299/1299/1289
f 1380/1380/1397 1381/1381/1377 1379/1379/1378
f 1298/1298/1288 1379/1379/1378 1382/1382/1379
f 1382/1382/1379 805/805/1283 1298/1298/1288
f 1382/1382/1379 808/808/1380 805/805/1283
f 1383/1383/1396 1384/1384/1383 1381/1381/1377
f 1384/1384/1383 1379/1379/1378 1381/1381/1377
f 1385/1385/1386 1382/1382/1379 1379/1379/1378
f 1385/1385/1386 1386/1386/1388 1382/1382/1379
f 1385/1385/1386 1379/1379/1378 1384/1384/1383
f 1387/1387/1381 1388/1388/1382 1384/1384/1383
f 768/768/734 809/809/1439 1389/1389/1412
f 1388/1388/1382 1385/1385/1386 1384/1384/1383
f 1390/1390/1384 1388/1388/1382 1387/1387/1381
f 1390/1390/1384 1391/1391/1385 1388/1388/1382
f 1385/1385/1386 1392/1392/1387 1386/1386/1388
f 1388/1388/1382 1392/1392/1387 1385/1385/1386
f 1388/1388/1382 1393/1393/1389 1392/1392/1387
f 1388/1388/1382 1394/1394/1390 1393/1393/1389
f 1388/1388/1382 1391/1391/1385 1394/1394/1390
f 1395/1395/1451 1394/1394/1390 1391/1391/1385
f 1396/1396/1435 1395/1395/1451 1391/1391/1385
f 1295/1295/1281 1329/1329/1391 1277/1277/1314
f 1329/1329/1391 1295/1295/1281 1397/1397/1392
f 1397/1397/1392 1330/1330/1317 1329/1329/1391
f 1330/1330/1317 1398/1398/1410 1331/1331/1318
f 1331/1331/1318 1398/1398/1410 1304/1304/1316
f 1399/1399/1394 1397/1397/1392 1295/1295/1281
f 1397/1397/1392 1400/1400/1393 1330/1330/1317
f 1398/1398/1410 1330/1330/1317 1400/1400/1393
f 1399/1399/1394 1400/1400/1393 1397/1397/1392
f 1400/1400/1393 1399/1399/1394 1401/1401/1411
f 1336/1336/1395 1299/1299/1289 1300/1300/1322
f 1336/1336/1395 1380/1380/1397 1299/1299/1289
f 1383/1383/1396 1380/1380/1397 1336/1336/1395
f 1381/1381/1377 1380/1380/1397 1383/1383/1396
f 1398/1398/1410 1400/1400/1393 1401/1401/1411
f 1402/1402/1398 1338/1338/1325 1198/1198/1184
f 1403/1403/1400 1338/1338/1325 1402/1402/1398
f 1402/1402/1398 1198/1198/1184 1304/1304/1316
f 1342/1342/1399 1338/1338/1325 1403/1403/1400
f 1343/1343/1401 1339/1339/1329 1404/1404/1402
f 1343/1343/1401 1404/1404/1402 1344/1344/1403
f 1404/1404/1402 1339/1339/1329 1342/1342/1399
f 1404/1404/1402 1342/1342/1399 1405/1405/1418
f 1344/1344/1403 1404/1404/1402 1406/1406/1407
f 1407/1407/1404 1404/1404/1402 1405/1405/1418
f 1406/1406/1407 1404/1404/1402 1407/1407/1404
f 1403/1403/1400 1405/1405/1418 1342/1342/1399
f 1407/1407/1404 1405/1405/1418 1408/1408/1421
f 1309/1309/1321 1359/1359/1351 1357/1357/1349
f 1358/1358/1350 1340/1340/1327 1344/1344/1403
f 1409/1409/1405 1344/1344/1403 1406/1406/1407
f 1358/1358/1350 1344/1344/1403 1409/1409/1405
f 1358/1358/1350 1359/4008/1351 1351/4003/1341
f 1409/1409/1405 1359/4008/1351 1358/1358/1350
f 1359/4008/1351 1409/1409/1405 1410/1410/1406
f 1359/1359/1351 1411/1411/1437 1357/1357/1349
f 1410/1410/1406 1409/1409/1405 1406/1406/1407
f 1406/1406/1407 1407/1407/1404 1408/1408/1421
f 1410/1410/1406 1411/4013/1437 1359/4008/1351
f 1412/1412/1408 1399/1399/1394 1295/1295/1281
f 1399/1399/1394 1412/1412/1408 1401/1401/1411
f 1389/1389/1412 1295/1295/1281 768/768/734
f 1295/1295/1281 1389/1389/1412 1412/1412/1408
f 1413/1413/1419 1304/1304/1316 1398/1398/1410
f 1414/1414/1409 1398/1398/1410 1401/1401/1411
f 1414/1414/1409 1413/1413/1419 1398/1398/1410
f 1389/1389/1412 1415/1415/1413 1412/1412/1408
f 1412/1412/1408 1416/1416/1414 1401/1401/1411
f 1415/1415/1413 1416/1416/1414 1412/1412/1408
f 1415/1415/1413 1389/1389/1412 1417/1417/1415
f 1418/1418/1470 1415/1415/1413 1417/1417/1415
f 1415/1415/1413 1418/1418/1470 1416/1416/1414
f 1419/1419/1416 1416/1416/1414 1418/1418/1470
f 1414/1414/1409 1401/1401/1411 1416/1416/1414
f 1419/1419/1416 1414/1414/1409 1416/1416/1414
f 1414/1414/1409 1419/1419/1416 1413/1413/1419
f 1420/1420/1417 1413/1413/1419 1419/1419/1416
f 1402/1402/1398 1421/1421/1420 1403/1403/1400
f 1408/1408/1421 1405/1405/1418 1422/1422/1423
f 1403/1403/1400 1423/1423/1422 1405/1405/1418
f 1402/1402/1398 1304/1304/1316 1413/1413/1419
f 1421/1421/1420 1402/1402/1398 1413/1413/1419
f 1421/1421/1420 1423/1423/1422 1403/1403/1400
f 1406/1406/1407 1408/1408/1421 1424/1424/1425
f 1408/1408/1421 1425/1425/1424 1424/1424/1425
f 1423/1423/1422 1422/1422/1423 1405/1405/1418
f 1408/1408/1421 1422/1422/1423 1425/1425/1424
f 1410/1410/1406 1406/1406/1407 1424/1424/1425
f 1411/4013/1437 1410/1410/1406 1424/1424/1425
f 1426/1426/1426 1423/1423/1422 1421/1421/1420
f 1427/1427/1471 1423/1423/1422 1426/1426/1426
f 1422/1422/1423 1423/1423/1422 1427/1427/1471
f 1427/1427/1471 1425/1425/1424 1422/1422/1423
f 1428/1428/1427 1425/1425/1424 1427/1427/1471
f 1424/1424/1425 1425/1425/1424 1429/1429/1436
f 1429/1429/1436 1425/1425/1424 1428/1428/1427
f 1430/1430/1428 1429/1429/1436 1428/1428/1427
f 1336/1336/1395 1335/1335/1324 1431/1431/1430
f 1361/1361/1357 1432/1432/1429 1335/1335/1324
f 1432/1432/1429 1361/1361/1357 1362/1362/1432
f 1357/1357/1349 1362/1362/1432 1306/1306/1295
f 1336/1336/1395 1431/1431/1430 1383/1383/1396
f 1432/1432/1429 1431/1431/1430 1335/1335/1324
f 1433/1433/1431 1432/1432/1429 1362/1362/1432
f 1434/1434/1433 1383/1383/1396 1431/1431/1430
f 1434/1434/1433 1387/1387/1381 1383/1383/1396
f 1433/1433/1431 1431/1431/1430 1432/1432/1429
f 1431/1431/1430 1433/1433/1431 1434/1434/1433
f 1387/1387/1381 1384/1384/1383 1383/1383/1396
f 1434/1434/1433 1433/1433/1431 1435/1435/1434
f 1390/1390/1384 1387/1387/1381 1434/1434/1433
f 1435/1435/1434 1390/1390/1384 1434/1434/1433
f 1433/1433/1431 1362/1362/1432 1435/1435/1434
f 1435/1435/1434 1391/1391/1385 1390/1390/1384
f 1435/1435/1434 1396/1396/1435 1391/1391/1385
f 1396/1396/1435 1435/1435/1434 1362/1362/1432
f 1396/1396/1435 1362/1362/1432 1357/1357/1349
f 1429/1429/1436 1411/4013/1437 1424/1424/1425
f 1436/1436/1438 1411/1411/1437 1429/4014/1436
f 1436/4015/1438 1429/1429/1436 1430/1430/1428
f 1389/1389/1412 809/809/1439 1417/1417/1415
f 1437/1437/1446 1417/1417/1415 809/809/1439
f 1438/1438/1440 808/808/1380 1382/1382/1379
f 1136/1136/1121 808/808/1380 1438/1438/1440
f 1438/1438/1440 1439/1439/1441 1136/1136/1121
f 1438/1438/1440 1386/1386/1388 1440/1440/1442
f 1439/1439/1441 1438/1438/1440 1440/1440/1442
f 1439/1439/1441 1440/1440/1442 1441/1441/1445
f 1441/1441/1445 1442/1442/1444 1439/1439/1441
f 1443/1443/1443 1442/1442/1444 1441/1441/1445
f 1444/1444/1448 1386/1386/1388 1392/1392/1387
f 1445/1445/1461 1437/1437/1446 809/809/1439
f 1445/1445/1461 1446/1446/1459 1437/1437/1446
f 1447/1447/1447 1444/1444/1448 1392/1392/1387
f 1438/1438/1440 1382/1382/1379 1386/1386/1388
f 1448/1448/1450 1449/1449/1449 1447/1447/1447
f 1447/1447/1447 1392/1392/1387 1393/1393/1389
f 1448/1448/1450 1447/1447/1447 1393/1393/1389
f 1448/1448/1450 1393/1393/1389 1394/1394/1390
f 1395/1395/1451 1448/1448/1450 1394/1394/1390
f 1450/1450/1453 1395/1395/1451 1396/1396/1435
f 1395/1395/1451 1451/1451/1452 1448/1448/1450
f 1450/1450/1453 1451/1451/1452 1395/1395/1451
f 1450/1450/1453 1396/1396/1435 1452/1452/1486
f 1386/1386/1388 1444/1444/1448 1440/1440/1442
f 1441/1441/1445 1440/1440/1442 1444/1444/1448
f 1441/1441/1445 1444/1444/1448 1447/1447/1447
f 1443/1443/1443 1441/1441/1445 1447/1447/1447
f 1447/1447/1447 1449/1449/1449 1443/1443/1443
f 1453/1453/1493 1443/1443/1443 1449/1449/1449
f 809/809/1439 810/810/1124 1454/1454/1454
f 810/810/1124 1455/1455/1522 1456/1456/1455
f 1457/1457/1457 1456/1456/1455 1455/1455/1522
f 1458/1458/1458 810/810/1124 1456/1456/1455
f 1454/1454/1454 810/810/1124 1458/1458/1458
f 1459/1459/1456 1460/1460/1462 1458/1458/1458
f 1458/1458/1458 1456/1456/1455 1459/1459/1456
f 1461/1461/1465 1459/1459/1456 1457/1457/1457
f 1461/1461/1465 1460/1460/1462 1459/1459/1456
f 809/809/1439 1454/1454/1454 1445/1445/1461
f 1454/1454/1454 1458/1458/1458 1445/1445/1461
f 1446/1446/1459 1445/1445/1461 1462/1462/1463
f 1462/1462/1463 1463/1463/1464 1446/1446/1459
f 1463/1463/1464 1464/1464/1474 1446/1446/1459
f 1465/1465/1466 1464/1464/1474 1463/1463/1464
f 1465/1465/1466 1466/1466/1478 1464/1464/1474
f 1467/1467/1460 1466/1466/1478 1465/1465/1466
f 1458/1458/1458 1460/1460/1462 1445/1445/1461
f 1460/1460/1462 1462/1462/1463 1445/1445/1461
f 1462/1462/1463 1460/1460/1462 1463/1463/1464
f 1461/1461/1465 1463/1463/1464 1460/1460/1462
f 1463/1463/1464 1461/1461/1465 1465/1465/1466
f 1461/1461/1465 1468/1468/1467 1465/1465/1466
f 1468/1468/1467 1467/1467/1460 1465/1465/1466
f 1469/1469/1714 1470/1470/1468 1471/1471/1469
f 1418/1418/1470 1417/1417/1415 1437/1437/1446
f 1421/1421/1420 1413/1413/1419 1420/1420/1417
f 1421/1421/1420 1420/1420/1417 1466/1466/1478
f 1472/1472/1473 1426/1426/1426 1466/1466/1478
f 1473/1473/1475 1427/1427/1471 1426/1426/1426
f 1427/1427/1471 1473/1473/1475 1428/1428/1427
f 1428/1428/1427 1474/1474/1472 1430/1430/1428
f 1474/1474/1472 1428/1428/1427 1473/1473/1475
f 1421/1421/1420 1466/1466/1478 1426/1426/1426
f 1473/1473/1475 1426/1426/1426 1472/1472/1473
f 1446/1446/1459 1418/1418/1470 1437/1437/1446
f 1420/1420/1417 1419/1419/1416 1418/1418/1470
f 1464/1464/1474 1418/1418/1470 1446/1446/1459
f 1420/1420/1417 1418/1418/1470 1464/1464/1474
f 1420/1420/1417 1464/1464/1474 1466/1466/1478
f 1475/1475/1476 1472/1472/1473 1476/1476/1479
f 1357/1357/1349 1452/1452/1486 1396/1396/1435
f 1411/1411/1437 1452/1452/1486 1357/1357/1349
f 1452/1452/1486 1411/1411/1437 1436/1436/1438
f 1474/1474/1472 1473/1473/1475 1475/1475/1476
f 1475/1475/1476 1473/1473/1475 1472/1472/1473
f 1477/1477/1477 1430/1430/1428 1474/1474/1472
f 1474/1474/1472 1475/1475/1476 1477/1477/1477
f 1436/4015/1438 1430/1430/1428 1477/1477/1477
f 1452/4016/1486 1436/4015/1438 1477/1477/1477
f 1478/1478/1488 1452/4016/1486 1477/1477/1477
f 1471/1471/1469 1479/1479/1480 1466/1466/1478
f 1466/1466/1478 1479/1479/1480 1472/1472/1473
f 1476/1476/1479 1472/1472/1473 1479/1479/1480
f 1470/1470/1468 1476/1476/1479 1479/1479/1480
f 1480/1480/1481 1476/1476/1479 1470/1470/1468
f 1475/1475/1476 1476/1476/1479 1480/1480/1481
f 1475/1475/1476 1480/1480/1481 1481/1481/1483
f 1471/1471/1469 1466/1466/1478 1467/1467/1460
f 1470/1470/1468 1479/1479/1480 1471/1471/1469
f 1482/1482/1482 1480/1480/1481 1470/1470/1468
f 1481/1481/1483 1483/1483/1484 1484/1484/1490
f 1480/1480/1481 1483/1483/1484 1481/1481/1483
f 1485/1485/1485 1452/4016/1486 1486/1486/1487
f 1486/1486/1487 1452/4016/1486 1478/1478/1488
f 1481/1481/1483 1486/1486/1487 1478/1478/1488
f 1469/1469/1714 1487/1487/1489 1470/1470/1468
f 1487/1487/1489 1482/1482/1482 1470/1470/1468
f 1488/1488/1492 1482/1482/1482 1487/1487/1489
f 1489/1489/1491 1486/1486/1487 1484/1484/1490
f 1489/1489/1491 1484/1484/1490 1483/1483/1484
f 1485/1485/1485 1486/1486/1487 1489/1489/1491
f 1489/1489/1491 1483/1483/1484 1488/1488/1492
f 1488/1488/1492 1483/1483/1484 1482/1482/1482
f 1483/1483/1484 1480/1480/1481 1482/1482/1482
f 1486/1486/1487 1481/1481/1483 1484/1484/1490
f 1475/1475/1476 1481/1481/1483 1477/1477/1477
f 1478/1478/1488 1477/1477/1477 1481/1481/1483
f 1442/1442/1444 1443/1443/1443 1490/1490/1494
f 1453/1453/1493 1490/1490/1494 1443/1443/1443
f 1453/1453/1493 1491/1491/1495 1492/1492/1498
f 1448/1448/1450 1451/1451/1452 1449/1449/1449
f 1451/1451/1452 1491/1491/1495 1449/1449/1449
f 1449/1449/1449 1491/1491/1495 1453/1453/1493
f 1450/1450/1453 1491/1491/1495 1451/1451/1452
f 1492/1492/1498 1491/1491/1495 1450/1450/1453
f 1485/4017/1485 1450/1450/1453 1452/1452/1486
f 1145/1145/1131 1136/1136/1121 1439/1439/1441
f 1148/1148/1132 1145/1145/1131 1439/1439/1441
f 1148/1148/1132 1439/1439/1441 1442/1442/1444
f 1442/1442/1444 1493/1493/1496 1148/1148/1132
f 1493/1493/1496 1442/1442/1444 1490/1490/1494
f 1494/1494/1497 1493/1493/1496 1490/1490/1494
f 1155/1155/1139 1494/1494/1497 1156/1156/1140
f 1156/1156/1140 1494/1494/1497 1492/1492/1498
f 1147/1147/1138 1148/1148/1132 1493/1493/1496
f 1147/1147/1138 1493/1493/1496 1155/1155/1139
f 1493/1493/1496 1494/1494/1497 1155/1155/1139
f 1453/1453/1493 1494/1494/1497 1490/1490/1494
f 1494/1494/1497 1453/1453/1493 1492/1492/1498
f 1492/1492/1498 1450/1450/1453 1495/1495/1500
f 1496/1496/1499 1495/1495/1500 1450/1450/1453
f 1459/1459/1456 1456/1456/1455 1457/1457/1457
f 1492/1492/1498 1495/1495/1500 1156/1156/1140
f 1156/1156/1140 1183/1183/1501 1154/1154/1169
f 1183/1183/1501 1156/1156/1140 1495/1495/1500
f 1495/1495/1500 1496/1496/1499 1183/1183/1501
f 1496/1496/1499 1166/3997/1152 1183/1183/1501
f 1496/1496/1499 1450/1450/1453 1485/4017/1485
f 1053/1053/1559 1012/1012/1552 980/980/958
f 1134/1134/1118 1497/1497/1519 1087/1087/1060
f 960/960/1109 1127/1127/1502 1125/1125/1107
f 1128/1128/1110 1127/1127/1502 961/961/928
f 1498/1498/1503 1127/1127/1502 1128/1128/1110
f 1498/1498/1503 1125/1125/1107 1127/1127/1502
f 1129/1129/1555 1499/1499/1504 1128/1128/1110
f 1498/1498/1503 1128/1128/1110 1499/1499/1504
f 1500/1500/1505 1498/1498/1503 1499/1499/1504
f 1501/1501/1556 1500/1500/1505 1499/1499/1504
f 1502/1502/1507 1126/1126/1116 1125/1125/1107
f 1134/1134/1118 1123/1123/1117 1126/1126/1116
f 1497/1497/1519 1134/1134/1118 1126/1126/1116
f 1503/1503/1506 1502/1502/1507 1125/1125/1107
f 1504/1504/1512 1502/1502/1507 1503/1503/1506
f 1505/1505/1508 1506/1506/1534 1504/1504/1512
f 1503/1503/1506 1125/1125/1107 1498/1498/1503
f 1501/1501/1556 1507/1507/1510 1500/1500/1505
f 1508/1508/1509 1503/1503/1506 1498/1498/1503
f 1508/1508/1509 1498/1498/1503 1500/1500/1505
f 1509/1509/1511 1508/1508/1509 1500/1500/1505
f 1507/1507/1510 1509/1509/1511 1500/1500/1505
f 1508/1508/1509 1504/1504/1512 1503/1503/1506
f 1509/1509/1511 1505/1505/1508 1508/1508/1509
f 1504/1504/1512 1508/1508/1509 1505/1505/1508
f 1509/1509/1511 1510/1510/1513 1505/1505/1508
f 1509/1509/1511 1507/1507/1510 1511/1511/1514
f 1512/1512/1557 1511/1511/1514 1507/1507/1510
f 1513/1513/1515 1149/1149/1521 1085/1085/1057
f 1085/1085/1057 1086/1086/1516 1513/1513/1515
f 1087/1087/1060 1514/1514/1518 1086/1086/1516
f 1087/1087/1060 1497/1497/1519 1514/1514/1518
f 1514/1514/1518 1513/1513/1515 1086/1086/1516
f 1514/1514/1518 1515/1515/1517 1513/1513/1515
f 1514/1514/1518 1497/1497/1519 1516/1516/1525
f 1516/1516/1525 1497/1497/1519 1126/1126/1116
f 1516/1516/1525 1126/1126/1116 1517/1517/1526
f 1126/1126/1116 1502/1502/1507 1517/1517/1526
f 1517/1517/1526 1502/1502/1507 1518/1518/1520
f 1515/1515/1517 1149/1149/1521 1513/1513/1515
f 1519/1519/1523 1149/1149/1521 1515/1515/1517
f 1149/1149/1521 1455/1455/1522 810/810/1124
f 1519/1519/1523 1455/1455/1522 1149/1149/1521
f 1519/1519/1523 1457/1457/1457 1455/1455/1522
f 1457/1457/1457 1519/1519/1523 1520/1520/1524
f 1519/1519/1523 1515/1515/1517 1520/1520/1524
f 1515/1515/1517 1516/1516/1525 1520/1520/1524
f 1468/1468/1467 1516/1516/1525 1517/1517/1526
f 1517/1517/1526 1467/1467/1460 1468/1468/1467
f 1516/1516/1525 1515/1515/1517 1514/1514/1518
f 1521/1521/1716 1517/1517/1526 1518/1518/1520
f 1518/1518/1520 1522/1522/1528 1523/1523/1527
f 1523/1523/1527 1521/1521/1716 1518/1518/1520
f 1523/1523/1527 1522/1522/1528 1524/1524/1529
f 1525/1525/1530 1526/1526/1723 1524/1524/1529
f 1525/1525/1530 1527/1527/1531 1526/1526/1723
f 1522/1522/1528 1518/1518/1520 1528/1528/1532
f 1522/1522/1528 1529/1529/1538 1525/1525/1530
f 1525/1525/1530 1524/1524/1529 1522/1522/1528
f 1530/1530/1533 1506/1506/1534 1528/1528/1532
f 1504/1504/1512 1530/1530/1533 1502/1502/1507
f 1504/1504/1512 1506/1506/1534 1530/1530/1533
f 1506/1506/1534 1505/1505/1508 1531/1531/1547
f 1528/1528/1532 1506/1506/1534 1531/1531/1547
f 1531/1531/1547 1505/1505/1508 1510/1510/1513
f 1502/1502/1507 1530/1530/1533 1518/1518/1520
f 1530/1530/1533 1528/1528/1532 1518/1518/1520
f 1511/1511/1514 1510/1510/1513 1509/1509/1511
f 1532/1532/1535 1531/1531/1547 1510/1510/1513
f 1511/1511/1514 1533/1533/1536 1510/1510/1513
f 1533/1533/1536 1532/1532/1535 1510/1510/1513
f 1532/1532/1535 1533/1533/1536 1534/1534/1537
f 1534/1534/1537 1533/1533/1536 1535/1535/1546
f 1536/1536/1561 1537/1537/1545 1533/1533/1536
f 1534/1534/1537 1529/1529/1538 1532/1532/1535
f 1534/1534/1537 1527/1527/1531 1529/1529/1538
f 1538/1538/1539 1526/1526/1723 1527/1527/1531
f 1539/1539/1548 1538/1538/1542 1527/1527/1540
f 1539/1539/1548 1540/1540/1541 1538/1538/1542
f 1182/1182/1543 1541/1541/1562 1179/1179/1164
f 1182/1182/1543 1181/1181/1167 1184/1184/1544
f 1542/1542/1550 1534/1534/1537 1535/1535/1546
f 1533/1533/1536 1537/1537/1545 1535/1535/1546
f 1528/1528/1532 1531/1531/1547 1529/1529/1538
f 1529/1529/1538 1531/1531/1547 1532/1532/1535
f 1529/1529/1538 1522/1522/1528 1528/1528/1532
f 1527/1527/1531 1525/1525/1530 1529/1529/1538
f 1542/1542/1550 1527/1527/1540 1534/1534/1537
f 1539/1539/1548 1543/1543/1549 1540/1540/1541
f 1539/1539/1548 1542/1542/1550 1543/1543/1549
f 1542/1542/1550 1539/1539/1548 1527/1527/1540
f 1544/1544/1765 1542/1542/1550 1535/1535/1546
f 1535/1535/1546 1537/1537/1545 1544/1544/1765
f 1053/1053/1559 1545/1545/1551 1012/1012/1552
f 1186/1186/1175 1546/1546/1553 1185/1185/1174
f 1546/1546/1554 1129/1129/1555 1185/1185/1173
f 1186/1186/1175 1012/1012/1552 1545/1545/1551
f 1546/1546/1553 1186/1186/1175 1545/1545/1551
f 1546/1546/1554 1499/1499/1504 1129/1129/1555
f 1053/1053/1559 1547/1547/1558 1545/1545/1551
f 1546/1546/1554 1501/1501/1556 1499/1499/1504
f 1547/1547/1558 1501/1501/1556 1546/1546/1553
f 1546/1546/1553 1545/1545/1551 1547/1547/1558
f 1512/1512/1557 1547/1547/1558 1053/1053/1559
f 1054/1054/1560 1512/1512/1557 1053/1053/1559
f 1054/1054/1560 986/986/1176 1187/1187/1177
f 1536/1536/1561 1054/1054/1560 1187/1187/1177
f 1547/1547/1558 1512/1512/1557 1501/1501/1556
f 1501/1501/1556 1512/1512/1557 1507/1507/1510
f 1536/1536/1561 1512/1512/1557 1054/1054/1560
f 1536/1536/1561 1511/1511/1514 1512/1512/1557
f 1541/1541/1562 1187/1187/1177 1179/1179/1164
f 1511/1511/1514 1536/1536/1561 1533/1533/1536
f 1541/1541/1562 1536/1536/1561 1187/1187/1177
f 1541/1541/1562 1537/1537/1545 1536/1536/1561
f 1548/1548/1565 1549/1549/1563 1550/1550/3348
f 1549/1549/1563 1548/1548/1565 1551/1551/1564
f 1548/1548/1565 1550/1550/3348 1552/1552/3351
f 1551/1551/1564 1548/1548/1565 1553/1553/1566
f 1552/1552/3351 1554/1554/1567 1548/1548/1565
f 1551/1551/1564 1553/1553/1566 1555/1555/1568
f 1554/1554/1567 1553/1553/1566 1548/1548/1565
f 1554/1554/1567 1555/1555/1568 1553/1553/1566
f 1556/1556/1570 1551/4019/1564 1555/4020/1568
f 1557/1557/1569 1555/4020/1568 1558/1558/1629
f 1557/1557/1569 1556/1556/1570 1555/4020/1568
f 1557/1557/1569 1559/1559/1571 1556/1556/1570
f 1560/1560/1584 1561/1561/1572 1562/1562/1583
f 1560/1560/1584 1563/1563/1607 1561/1561/1572
f 1564/1564/1573 1565/1565/1574 1566/1566/1575
f 1564/1564/1573 1567/1567/1597 1565/1565/1574
f 1565/1565/1574 1568/1568/1577 1566/1566/1575
f 1569/1569/1576 1568/1568/1577 1570/1570/1578
f 1566/1566/1575 1568/1568/1577 1569/1569/1576
f 1571/1571/1585 1568/1568/1577 1565/1565/1574
f 1572/1572/1579 1573/1573/1580 1566/1566/1575
f 1566/1566/1575 1569/1569/1576 1572/1572/1579
f 1573/1573/1580 1564/1564/1573 1566/1566/1575
f 1564/1564/1573 1573/1573/1580 1574/1574/3373
f 1575/1575/1602 1576/1576/1581 1577/1577/1582
f 1578/1578/1590 1570/1570/1578 1562/1562/1583
f 1561/1561/1572 1579/1579/1608 1562/1562/1583
f 1578/1578/1590 1562/1562/1583 1580/1580/3412
f 1579/1579/1608 1580/1580/3412 1562/1562/1583
f 1570/1570/1578 1568/1568/1577 1562/1562/1583
f 1562/1562/1583 1568/1568/1577 1571/1571/1585
f 1560/1560/1584 1562/1562/1583 1571/1571/1585
f 1571/1571/1585 1565/1565/1574 1567/1567/1597
f 1570/1570/1578 1581/1581/1589 1569/1569/1576
f 1582/1582/1586 1583/1583/1587 1584/1584/1588
f 1582/1582/1586 1584/1584/1588 1585/1585/1605
f 1581/1581/1589 1570/1570/1578 1578/1578/1590
f 1586/1586/1591 1576/1576/1581 1582/1582/1586
f 1585/1585/1605 1586/1586/1591 1582/1582/1586
f 1587/1587/1595 1582/1582/1586 1576/1576/1581
f 1588/1588/1592 1587/1587/1595 1576/1576/1581
f 1589/1589/1593 1588/1588/1592 1575/1575/1602
f 1576/1576/1581 1575/1575/1602 1588/1588/1592
f 1590/1590/1594 1583/1583/1587 1587/1587/1595
f 1583/1583/1587 1582/1582/1586 1587/1587/1595
f 1588/1588/1592 1590/1590/1594 1587/1587/1595
f 1564/1564/1573 1591/1591/3436 1592/1592/1596
f 1564/1564/1573 1592/1592/1596 1567/1567/1597
f 1593/1593/1598 1567/1567/1597 1594/1594/3444
f 1567/1567/1597 1592/1592/1596 1594/1594/3444
f 1593/1593/1598 1595/1595/3563 1596/1596/3587
f 1597/1597/1601 1577/1577/1582 1598/1598/1599
f 1577/1577/1582 1599/1599/1600 1598/1598/1599
f 1586/1586/1591 1599/1599/1600 1577/1577/1582
f 1577/1577/1582 1597/1597/1601 1575/1575/1602
f 1571/1571/1585 1567/1567/1597 1600/1600/1604
f 1601/1601/1603 1585/1585/1605 1584/1584/1588
f 1600/1600/1604 1567/1567/1597 1596/1596/3587
f 1585/1585/1605 1601/1601/1603 1602/1602/1666
f 1586/1586/1591 1577/1577/1582 1576/1576/1581
f 1599/1599/1600 1586/1586/1591 1585/1585/1605
f 1567/1567/1597 1593/1593/1598 1596/1596/3587
f 1600/1600/1604 1596/1596/3587 1603/1603/1659
f 1599/1599/1600 1585/1585/1605 1602/1602/1666
f 1599/1599/1600 1602/1602/1666 1604/1604/3482
f 1600/1600/1604 1563/1563/1607 1560/1560/1584
f 1605/1605/1606 1563/1563/1607 1600/1600/1604
f 1579/1579/1608 1563/1563/1607 1605/1605/1606
f 1560/1560/1584 1571/1571/1585 1600/1600/1604
f 1606/1606/3528 1607/1607/1610 1608/1608/3365
f 1609/1609/1609 1606/1606/3528 1580/1580/3412
f 1609/1609/1609 1580/1580/3412 1579/1579/1608
f 1610/1610/1611 1609/1609/1609 1579/1579/1608
f 1610/1610/1611 1606/1606/3528 1609/1609/1609
f 1607/1607/1610 1606/1606/3528 1610/1610/1611
f 1552/1552/3351 1608/1608/3365 1611/1611/1624
f 1554/1554/1567 1552/1552/3351 1611/1611/1624
f 1607/1607/1610 1612/1612/1613 1608/1608/3365
f 1612/1612/1613 1607/1607/1610 1613/1613/1622
f 1613/1613/1622 1607/1607/1610 1610/1610/1611
f 1608/1608/3365 1614/1614/1614 1611/1611/1624
f 1612/1612/1613 1613/1613/1622 1615/1615/1612
f 1612/1612/1613 1614/1614/1614 1608/1608/3365
f 1579/1579/1608 1561/1561/1572 1563/1563/1607
f 1605/1605/1606 1610/1610/1611 1579/1579/1608
f 1616/1616/1615 1617/1617/1652 1610/1610/1611
f 1616/1616/1615 1610/1610/1611 1605/1605/1606
f 1616/1616/1615 1605/1605/1606 1617/1617/1652
f 1584/1584/1588 1583/1583/1587 1618/1618/1616
f 1583/1583/1587 1590/1590/1594 1618/1618/1616
f 1619/1619/3530 1618/1618/1616 1590/1590/1594
f 1620/1620/3538 1621/1621/1617 1618/1618/1616
f 1620/1620/3538 1622/1622/1618 1621/1621/1617
f 1623/1623/1619 1610/1610/1611 1617/1617/1652
f 1617/1617/1652 1624/1624/1620 1623/1623/1619
f 1625/1625/1621 1623/1623/1619 1624/1624/1620
f 1624/1624/1620 1626/1626/1682 1625/1625/1621
f 1610/1610/1611 1623/1623/1619 1613/1613/1622
f 1623/1623/1619 1625/1625/1621 1627/1627/1623
f 1613/1613/1622 1623/1623/1619 1627/1627/1623
f 1627/1627/1623 1615/1615/1612 1613/1613/1622
f 1611/1611/1624 1628/1628/1627 1554/1554/1567
f 1628/1628/1627 1629/1629/1625 1554/1554/1567
f 1630/1630/1626 1629/1629/1625 1628/1628/1627
f 1630/1630/1626 1631/1631/1634 1629/1629/1625
f 1611/1611/1624 1632/1632/1643 1628/1628/1627
f 1628/1628/1627 1632/1632/1643 1633/1633/1640
f 1633/1633/1640 1630/1630/1626 1628/1628/1627
f 1634/1634/1628 1555/1555/1568 1554/1554/1567
f 1555/4020/1568 1634/4021/1628 1558/1558/1629
f 1558/1558/1629 1634/4021/1628 1635/1635/1631
f 1558/1558/1629 1635/1635/1631 1636/1636/1630
f 1634/1634/1628 1554/1554/1567 1629/1629/1625
f 1557/1557/1569 1558/1558/1629 1636/1636/1630
f 1559/1559/1571 1557/1557/1569 1636/1636/1630
f 1559/1559/1571 1636/1636/1630 1637/1637/3369
f 1634/1634/1628 1629/1629/1625 1635/4022/1631
f 1635/1635/1631 1638/1638/1632 1636/1636/1630
f 1637/1637/3369 1636/1636/1630 1638/1638/1632
f 1611/1611/1624 1614/1614/1614 1632/1632/1643
f 1629/1629/1625 1631/1631/1634 1635/4022/1631
f 1639/1639/1633 1635/4022/1631 1631/1631/1634
f 1638/1638/1632 1635/1635/1631 1639/4023/1633
f 1639/1639/1633 1631/1631/1634 1640/1640/1635
f 1638/1638/1632 1639/4023/1633 1641/1641/1636
f 1641/1641/1636 1637/1637/3369 1638/1638/1632
f 1637/1637/3369 1641/1641/1636 1642/1642/1647
f 1641/1641/1636 1639/4023/1633 1640/4024/1635
f 1643/1643/1646 1641/1641/1636 1640/4024/1635
f 1626/1626/1682 1624/1624/1620 1644/1644/1683
f 1612/1612/1613 1615/1615/1612 1614/1614/1614
f 1645/1645/1637 1632/1632/1643 1614/1614/1614
f 1627/1627/1623 1625/1625/1621 1626/1626/1682
f 1646/1646/1638 1615/1615/1612 1627/1627/1623
f 1646/1646/1638 1647/1647/1639 1615/1615/1612
f 1647/1647/1639 1614/1614/1614 1615/1615/1612
f 1647/1647/1639 1645/1645/1637 1614/1614/1614
f 1627/1627/1623 1626/1626/1682 1646/1646/1638
f 1647/1647/1639 1648/1648/1687 1645/1645/1637
f 1648/1648/1687 1647/1647/1639 1646/1646/1638
f 1631/1631/1634 1630/1630/1626 1649/1649/1642
f 1649/1649/1642 1630/1630/1626 1633/1633/1640
f 1650/1650/1645 1651/1651/1641 1649/1649/1642
f 1649/1649/1642 1633/1633/1640 1650/1650/1645
f 1632/1632/1643 1652/1652/1644 1633/1633/1640
f 1633/1633/1640 1652/1652/1644 1650/1650/1645
f 1649/1649/1642 1651/1651/1641 1631/1631/1634
f 1640/1640/1635 1631/1631/1634 1651/1651/1641
f 1640/1640/1635 1651/1651/1641 1643/4027/1646
f 1641/1641/1636 1643/1643/1646 1642/1642/1647
f 1653/1653/1803 1632/1632/1643 1645/1645/1637
f 1651/1651/1641 1650/1650/1645 1654/1654/1690
f 1643/4027/1646 1651/1651/1641 1655/1655/1651
f 1651/1651/1641 1654/1654/1690 1655/1655/1651
f 1656/1656/1694 1655/1655/1651 1654/1654/1690
f 1655/1655/1651 1642/4026/1647 1643/4027/1646
f 1642/4026/1647 1655/1655/1651 1657/1657/1650
f 1658/1658/3542 1642/4025/1647 1659/1659/1648
f 1659/4029/1648 1642/4026/1647 1657/1657/1650
f 1660/1660/1649 1657/1657/1650 1655/1655/1651
f 1617/1617/1652 1605/1605/1606 1661/1661/1653
f 1600/1600/1604 1661/1661/1653 1605/1605/1606
f 1617/1617/1652 1661/1661/1653 1662/1662/1654
f 1617/1617/1652 1662/1662/1654 1624/1624/1620
f 1663/1663/1655 1624/1624/1620 1662/1662/1654
f 1644/1644/1683 1624/1624/1620 1663/1663/1655
f 1664/1664/1656 1661/1661/1653 1600/1600/1604
f 1663/1663/1655 1661/1661/1653 1664/1664/1656
f 1663/1663/1655 1662/1662/1654 1661/1661/1653
f 1665/1665/1658 1663/1663/1655 1664/1664/1656
f 1664/1664/1656 1603/1603/1659 1666/1666/1661
f 1664/1664/1656 1666/1666/1661 1665/1665/1658
f 1663/1663/1655 1665/1665/1658 1644/1644/1683
f 1603/1603/1659 1664/1664/1656 1600/1600/1604
f 1667/1667/1657 1665/1665/1658 1666/1666/1661
f 1667/1667/1657 1668/1668/1689 1665/1665/1658
f 1603/1603/1659 1669/1669/1660 1666/1666/1661
f 1669/1669/1660 1667/1667/1657 1666/1666/1661
f 1668/1668/1689 1667/1667/1657 1670/1670/1700
f 1669/1669/1660 1670/1670/1700 1667/1667/1657
f 1603/1603/1659 1671/1671/1662 1669/1669/1660
f 1672/1672/1663 1584/1584/1588 1618/1618/1616
f 1601/1601/1603 1584/1584/1588 1672/1672/1663
f 1672/1672/1663 1673/1673/1664 1601/1601/1603
f 1673/1673/1664 1672/1672/1663 1674/1674/1665
f 1672/1672/1663 1618/1618/1616 1621/1621/1617
f 1672/1672/1663 1621/1621/1617 1674/1674/1665
f 1622/1622/1618 1674/1674/1665 1621/1621/1617
f 1602/1602/1666 1601/1601/1603 1673/1673/1664
f 1675/1675/1670 1673/1673/1664 1674/1674/1665
f 1674/1674/1665 1622/1622/1618 1676/1676/1667
f 1674/1674/1665 1676/1676/1667 1675/1675/1670
f 1673/1673/1664 1675/1675/1670 1677/1677/1668
f 1602/1602/1666 1673/1673/1664 1677/1677/1668
f 1678/1678/1669 1677/1677/1668 1675/1675/1670
f 1678/1678/1669 1679/1679/1672 1677/1677/1668
f 1676/1676/1667 1680/1680/1676 1675/1675/1670
f 1675/1675/1670 1680/1680/1676 1678/1678/1669
f 1665/1665/1658 1681/1681/1671 1644/1644/1683
f 1680/1680/1676 1676/1676/1667 1682/1682/3550
f 1622/1622/1618 1683/1683/3544 1676/1676/1667
f 1604/1604/3482 1602/1602/1666 1684/1684/1674
f 1679/1679/1672 1602/1602/1666 1677/1677/1668
f 1679/1679/1672 1678/1678/1669 1685/1685/1673
f 1684/1684/1674 1602/1602/1666 1679/1679/1672
f 1684/1684/1674 1679/1679/1672 1686/1686/1675
f 1678/1678/1669 1680/1680/1676 1685/1685/1673
f 1685/1685/1673 1686/1686/1675 1679/1679/1672
f 1687/1687/1703 1686/1686/1675 1685/1685/1673
f 1685/1685/1673 1688/1688/1677 1687/1687/1703
f 1689/1689/1778 1684/1684/1674 1686/1686/1675
f 1686/1686/1675 1687/4030/1703 1690/1690/1678
f 1686/1686/1675 1691/1691/1679 1689/1689/1778
f 1691/1691/1679 1686/1686/1675 1690/1690/1678
f 1692/1692/1785 1690/1690/1678 1687/4030/1703
f 1692/1692/1785 1693/1693/1680 1690/1690/1678
f 1682/1682/3550 1685/1685/1673 1680/1680/1676
f 1685/1685/1673 1682/1682/3550 1688/1688/1677
f 1694/1694/1681 1670/1670/1700 1669/1669/1660
f 1626/1626/1682 1644/1644/1683 1695/1695/1684
f 1695/1695/1684 1644/1644/1683 1681/1681/1671
f 1668/1668/1689 1681/1681/1671 1665/1665/1658
f 1668/1668/1689 1695/1695/1684 1681/1681/1671
f 1695/1695/1684 1646/1646/1638 1626/1626/1682
f 1682/1682/3550 1676/1676/1667 1696/1696/1685
f 1695/1695/1684 1648/1648/1687 1646/1646/1638
f 1697/1697/1688 1648/1648/1687 1695/1695/1684
f 1697/1697/1688 1695/1695/1684 1668/1668/1689
f 1697/1697/1688 1698/1698/1686 1648/1648/1687
f 1698/1698/1686 1699/1699/1696 1648/1648/1687
f 1697/1697/1688 1668/1668/1689 1700/1700/1699
f 1698/1698/1686 1697/1697/1688 1700/1700/1699
f 1652/1652/1644 1654/1654/1690 1650/1650/1645
f 1648/1648/1687 1699/1699/1696 1645/1645/1637
f 1652/1652/1644 1632/1632/1643 1653/1653/1803
f 1701/1701/1691 1656/1656/1694 1654/1654/1690
f 1701/1701/1691 1654/1654/1690 1652/1652/1644
f 1702/1702/1692 1652/1652/1644 1653/1653/1803
f 1701/1701/1691 1652/1652/1644 1702/1702/1692
f 1703/1703/1693 1656/1656/1694 1701/1701/1691
f 1703/1703/1693 1660/1660/1649 1656/1656/1694
f 1660/1660/1649 1655/1655/1651 1656/1656/1694
f 1659/4029/1648 1657/1657/1650 1704/1704/1695
f 1705/1705/1706 1699/1699/1696 1698/1698/1686
f 1699/1699/1696 1653/1653/1803 1645/1645/1637
f 1653/1653/1803 1699/1699/1696 1706/1706/1697
f 1707/1707/1698 1701/1701/1691 1702/1702/1692
f 1700/1700/1699 1668/1668/1689 1670/1670/1700
f 1670/1670/1700 1694/1694/1681 1708/1708/1701
f 1709/1709/1702 1692/1692/1785 1687/4030/1703
f 1687/4030/1703 1688/4031/1677 1709/1709/1702
f 1710/1710/1704 1700/1700/1699 1670/1670/1700
f 1710/1710/1704 1670/1670/1700 1708/1708/1701
f 1698/1698/1686 1700/1700/1699 1711/1711/1705
f 1711/1711/1705 1705/1705/1706 1698/1698/1686
f 1699/1699/1696 1705/1705/1706 1706/1706/1697
f 1710/1710/1704 1711/1711/1705 1700/1700/1699
f 1702/1702/1692 1653/1653/1803 1712/1712/1707
f 1713/1713/1708 1702/1702/1692 1712/1712/1707
f 1705/1705/1706 1711/1711/1705 1714/1714/1709
f 1715/1715/1710 1711/1711/1705 1710/1710/1704
f 1711/1711/1705 1715/1715/1710 1714/1714/1709
f 1705/1705/1706 1714/1714/1709 1706/1706/1697
f 1714/1714/1709 1715/1715/1710 1716/1716/1801
f 1706/1706/1697 1714/1714/1709 1717/1717/1712
f 1718/1718/1711 1706/1706/1697 1717/1717/1712
f 1719/1719/1713 1712/1712/1707 1653/1653/1803
f 1467/1467/1460 1720/1720/1718 1469/1469/1714
f 1721/1721/1715 1469/1469/1714 1720/1720/1718
f 1471/1471/1469 1467/1467/1460 1469/1469/1714
f 1487/1487/1489 1469/1469/1714 1721/1721/1715
f 1488/1488/1492 1487/1487/1489 1721/1721/1715
f 1520/1520/1524 1461/1461/1465 1457/1457/1457
f 1468/1468/1467 1461/1461/1465 1520/1520/1524
f 1520/1520/1524 1516/1516/1525 1468/1468/1467
f 1521/1521/1716 1467/1467/1460 1517/1517/1526
f 1521/1521/1716 1523/1523/1527 1722/1722/1717
f 1720/1720/1718 1467/1467/1460 1521/1521/1716
f 1723/1723/1719 1720/1720/1718 1521/1521/1716
f 1720/1720/1718 1723/1723/1719 1724/1724/1720
f 1725/1725/1722 1726/1726/1733 1724/1724/1720
f 1727/1727/1721 1726/1726/1733 1725/1725/1722
f 1722/1722/1717 1723/1723/1719 1521/1521/1716
f 1725/1725/1722 1723/1723/1719 1722/1722/1717
f 1724/1724/1720 1723/1723/1719 1725/1725/1722
f 1169/3998/1170 1166/3997/1152 1496/1496/1499
f 1524/1524/1529 1722/1722/1717 1523/1523/1527
f 1526/1526/1723 1722/1722/1717 1524/1524/1529
f 1526/1526/1723 1725/1725/1722 1722/1722/1717
f 1526/1526/1723 1728/1728/1724 1725/1725/1722
f 1540/1540/1541 1728/1728/1728 1538/1538/1542
f 1538/1538/1539 1728/1728/1724 1526/1526/1723
f 1729/1729/1725 1727/1727/1721 1728/1728/1724
f 1728/1728/1724 1727/1727/1721 1725/1725/1722
f 1730/1730/1726 1729/1729/1727 1728/1728/1728
f 1728/1728/1728 1540/1540/1541 1730/1730/1726
f 1731/1731/1734 1732/1732/1729 1726/1726/1733
f 1489/1489/1491 1488/1488/1492 1733/1733/1731
f 1485/1485/1485 1489/1489/1491 1733/1733/1730
f 1732/1732/1729 1488/1488/1492 1721/1721/1715
f 1732/1732/1729 1731/1731/1734 1733/1733/1731
f 1733/1733/1731 1488/1488/1492 1732/1732/1729
f 1733/1733/1730 1731/1731/1734 1485/1485/1485
f 1485/4017/1485 1731/4032/1734 1496/1496/1499
f 1724/1724/1720 1721/1721/1715 1720/1720/1718
f 1726/1726/1733 1721/1721/1715 1724/1724/1720
f 1732/1732/1729 1721/1721/1715 1726/1726/1733
f 1727/1727/1721 1734/1734/1732 1726/1726/1733
f 1726/1726/1733 1734/1734/1732 1731/1731/1734
f 1169/3998/1170 1496/1496/1499 1735/1735/1736
f 1496/1496/1499 1731/4032/1734 1736/1736/1735
f 1735/1735/1736 1496/1496/1499 1736/1736/1735
f 1735/1735/1736 1736/1736/1735 1737/1737/1743
f 1735/4033/1736 1737/4035/1743 1738/1738/1738
f 1739/1739/1739 1169/1169/1170 1735/4033/1736
f 1739/1739/1739 1735/4033/1736 1740/1740/1737
f 1740/1740/1737 1735/4033/1736 1738/1738/1738
f 1739/1739/1739 1740/1740/1737 1741/1741/1740
f 1740/1740/1737 1738/1738/1738 1742/1742/1741
f 1741/1741/1740 1740/1740/1737 1742/1742/1741
f 1741/1741/1740 1742/1742/1741 1743/1743/1750
f 1744/1744/1742 1734/1734/1732 1727/1727/1721
f 1729/1729/1725 1744/1744/1742 1727/1727/1721
f 1730/1730/1726 1744/1744/1742 1729/1729/1727
f 1736/4034/1735 1731/1731/1734 1734/1734/1732
f 1745/1745/1744 1736/4034/1735 1734/1734/1732
f 1730/1730/1726 1745/1745/1744 1744/1744/1742
f 1744/1744/1742 1745/1745/1744 1734/1734/1732
f 1736/4034/1735 1745/1745/1744 1737/4036/1743
f 1745/1745/1744 1738/4037/1738 1737/4036/1743
f 1745/1745/1744 1730/1730/1726 1746/1746/1745
f 1738/4037/1738 1745/1745/1744 1746/1746/1745
f 1746/1746/1745 1747/1747/1746 1738/4037/1738
f 1747/4038/1746 1742/1742/1741 1738/1738/1738
f 1748/1748/1747 1749/1749/1748 1747/1747/1746
f 1749/4039/1748 1742/1742/1741 1747/4038/1746
f 1747/1747/1746 1746/1746/1745 1748/1748/1747
f 1748/1748/1747 1746/1746/1745 1750/1750/1759
f 1751/1751/1749 1749/1749/1748 1748/1748/1747
f 1743/1743/1750 1742/1742/1741 1749/4039/1748
f 1743/1743/1750 1749/4039/1748 1751/4040/1749
f 1750/1750/1759 1751/1751/1749 1748/1748/1747
f 1752/1752/1751 1751/1751/1749 1753/1753/1758
f 1743/1743/1750 1751/4040/1749 1752/4041/1751
f 1540/1540/1541 1543/1543/1549 1730/1730/1726
f 1730/1730/1726 1543/1543/1549 1754/1754/1753
f 1755/1755/1752 1754/1754/1753 1543/1543/1549
f 1746/1746/1745 1730/1730/1726 1754/1754/1753
f 1756/1756/1755 1754/1754/1753 1755/1755/1752
f 1757/1757/1754 1754/1754/1753 1756/1756/1755
f 1756/1756/1755 1758/1758/1756 1757/1757/1754
f 1754/1754/1753 1757/1757/1754 1746/1746/1745
f 1746/1746/1745 1757/1757/1754 1759/1759/1757
f 1759/1759/1757 1750/1750/1759 1746/1746/1745
f 1759/1759/1757 1753/1753/1758 1750/1750/1759
f 1751/1751/1749 1750/1750/1759 1753/1753/1758
f 1760/1760/1760 1759/1759/1757 1757/1757/1754
f 1758/4042/1756 1760/1760/1760 1757/1757/1754
f 1753/1753/1758 1759/1759/1757 1760/1760/1760
f 1760/1760/1760 1761/1761/1761 1753/1753/1758
f 1752/1752/1751 1753/1753/1758 1761/1761/1761
f 1762/1762/1768 1760/1760/1760 1758/4042/1756
f 1763/1763/1762 1758/1758/1756 1756/1756/1755
f 1762/4043/1768 1758/1758/1756 1763/1763/1762
f 1761/1761/1761 1760/1760/1760 1762/1762/1768
f 1182/1182/1543 1184/1184/1544 1764/1764/1763
f 1169/1169/1170 1739/1739/1739 1184/1184/1544
f 1182/1182/1543 1764/1764/1763 1765/1765/1764
f 1541/1541/1562 1182/1182/1543 1765/1765/1764
f 1764/1764/1763 1184/1184/1544 1739/1739/1739
f 1739/1739/1739 1741/1741/1740 1764/1764/1763
f 1765/1765/1764 1764/1764/1763 1743/1743/1750
f 1764/1764/1763 1741/1741/1740 1743/1743/1750
f 1544/1544/1765 1543/1543/1549 1542/1542/1550
f 1755/1755/1752 1543/1543/1549 1544/1544/1765
f 1766/1766/1766 1755/1755/1752 1544/1544/1765
f 1537/1537/1545 1766/1766/1766 1544/1544/1765
f 1541/1541/1562 1765/1765/1764 1766/1766/1766
f 1541/1541/1562 1766/1766/1766 1537/1537/1545
f 1767/1767/1767 1756/1756/1755 1755/1755/1752
f 1766/1766/1766 1767/1767/1767 1755/1755/1752
f 1767/1767/1767 1766/1766/1766 1765/1765/1764
f 1743/1743/1750 1762/4043/1768 1765/1765/1764
f 1752/4041/1751 1762/4043/1768 1743/1743/1750
f 1761/1761/1761 1762/1762/1768 1752/1752/1751
f 1767/1767/1767 1763/1763/1762 1756/1756/1755
f 1765/1765/1764 1763/1763/1762 1767/1767/1767
f 1762/4043/1768 1763/1763/1762 1765/1765/1764
f 1704/1704/1695 1657/1657/1650 1660/1660/1649
f 1703/1703/1693 1701/1701/1691 1707/1707/1698
f 1703/1703/1693 1768/1768/3560 1660/1660/1649
f 1768/1768/3560 1703/1703/1693 1707/1707/1698
f 1704/1704/1695 1660/1660/1649 1768/1768/3560
f 1713/1713/1708 1707/1707/1698 1702/1702/1692
f 1707/1707/1698 1713/1713/1708 1769/1769/1771
f 1768/1768/3560 1707/1707/1698 1769/1769/1771
f 1769/1769/1771 1770/1770/1769 1768/1768/3560
f 1771/1771/1770 1713/1713/1708 1712/1712/1707
f 1771/1771/1770 1769/1769/1771 1713/1713/1708
f 1771/1771/1770 1772/1772/1773 1769/1769/1771
f 1771/1771/1770 1773/1773/1772 1772/1772/1773
f 1770/1770/1769 1769/1769/1771 1772/1772/1773
f 1694/1694/1681 1669/1669/1660 1671/1671/1662
f 1774/1774/1775 1694/1694/1681 1671/1671/1662
f 1775/1775/1782 1671/1671/1662 1603/1603/1659
f 1776/1776/1776 1774/1774/1775 1671/1671/1662
f 1777/1777/1774 1774/1774/1775 1776/1776/1776
f 1775/1775/1782 1776/1776/1776 1671/1671/1662
f 1596/1596/3587 1778/1778/1777 1603/1603/1659
f 1604/1604/3482 1689/1689/1778 1779/1779/1779
f 1690/1690/1678 1693/1693/1680 1691/1691/1679
f 1691/1691/1679 1780/1780/1780 1689/1689/1778
f 1691/1691/1679 1693/1693/1680 1780/1780/1780
f 1781/1781/1781 1776/1776/1776 1775/1775/1782
f 1782/1782/1783 1776/1776/1776 1781/1781/1781
f 1604/1604/3482 1684/1684/1674 1689/1689/1778
f 1780/1780/1780 1693/1693/1680 1783/1783/1789
f 1784/1784/1784 1693/1693/1680 1692/1692/1785
f 1689/1689/1778 1780/1780/1780 1785/1785/1786
f 1779/1779/1779 1689/1689/1778 1785/1785/1786
f 1786/1786/1787 1779/1779/1779 1785/1785/1786
f 1787/1787/1788 1785/1785/1786 1783/1783/1789
f 1780/1780/1780 1783/1783/1789 1785/1785/1786
f 1784/1784/1784 1783/1783/1789 1693/1693/1680
f 1788/1788/1798 1787/1787/1788 1783/1783/1789
f 1784/1784/1784 1788/1788/1798 1783/1783/1789
f 1788/1788/1798 1784/1784/1784 1789/1789/1790
f 1775/1775/1782 1603/1603/1659 1790/1790/1804
f 1790/1790/1804 1603/1603/1659 1778/1778/1777
f 1791/1791/1791 1604/1604/3482 1779/1779/1779
f 1779/1779/1779 1792/1792/1792 1791/1791/1791
f 1792/1792/1792 1779/1779/1779 1793/1793/3806
f 1794/1794/1793 1795/1795/1794 1790/1790/1804
f 1775/1775/1782 1796/1796/1795 1781/1781/1781
f 1797/1797/1796 1781/1781/1781 1796/1796/1795
f 1782/1782/1783 1781/1781/1781 1797/1797/1796
f 1775/1775/1782 1790/1790/1804 1796/1796/1795
f 1790/1790/1804 1795/1795/1794 1796/1796/1795
f 1795/1795/1794 1797/1797/1796 1796/1796/1795
f 1797/1797/1796 1795/1795/1794 1798/1798/1799
f 1787/1787/1788 1786/1786/1787 1785/1785/1786
f 1799/1799/1797 1786/1786/1787 1787/1787/1788
f 1786/1786/1787 1793/1793/3806 1779/1779/1779
f 1793/1793/3806 1786/1786/1787 1799/1799/1797
f 1800/1800/3812 1787/1787/1788 1788/1788/1798
f 1800/1800/3812 1799/1799/1797 1787/1787/1788
f 1801/1801/1807 1798/1798/1799 1795/1795/1794
f 1782/1782/1783 1797/1797/1796 1798/1798/1799
f 1801/1801/1807 1802/1802/1800 1798/1798/1799
f 1708/1708/1701 1694/1694/1681 1774/1774/1775
f 1708/1708/1701 1774/1774/1775 1777/1777/1774
f 1710/1710/1704 1708/1708/1701 1777/1777/1774
f 1716/1716/1801 1715/1715/1710 1710/1710/1704
f 1777/1777/1774 1716/1716/1801 1710/1710/1704
f 1782/1782/1783 1803/1803/3822 1776/1776/1776
f 1803/1803/3822 1777/1777/1774 1776/1776/1776
f 1706/1706/1697 1718/1718/1711 1653/1653/1803
f 1712/1712/1707 1719/1719/1713 1771/1771/1770
f 1804/1804/1802 1719/1719/1713 1653/1653/1803
f 1719/1719/1713 1805/1805/3842 1773/1773/1772
f 1790/1790/1804 1778/1778/1777 1806/1806/1805
f 1807/1807/3857 1806/1806/1805 1778/1778/1777
f 1806/1806/1805 1807/1807/3857 1808/1808/1806
f 1794/1794/1793 1790/1790/1804 1806/1806/1805
f 1801/1801/1807 1795/1795/1794 1794/1794/1793
f 1806/1806/1805 1808/1808/1806 1794/1794/1793
f 1809/1809/1808 1801/1801/1807 1794/1794/1793
f 1773/1773/1772 1771/1771/1770 1719/1719/1713
f 1810/1810/3840 1773/1773/1772 1805/1805/3842
f 1811/1811/1812 1812/1812/1949 1813/1813/1947
f 1814/1814/1953 1811/1811/1812 1813/1813/1947
f 1815/1815/1813 1811/1811/1812 1814/1814/1953
f 1816/1816/1811 1817/1817/1809 1812/1812/1949
f 1811/1811/1812 1816/1816/1811 1812/1812/1949
f 1818/1818/1950 1817/1817/1809 1819/1819/1810
f 1818/1818/1950 1819/1819/1810 1820/1820/1982
f 1819/1819/1810 1817/1817/1809 1816/1816/1811
f 1821/1821/1815 1811/1811/1812 1815/1815/1813
f 1815/1815/1813 1814/1814/1953 1822/1822/1954
f 1823/1823/1814 1816/1816/1811 1811/1811/1812
f 1821/1821/1815 1823/1823/1814 1811/1811/1812
f 1815/1815/1813 1822/1822/1954 1824/1824/1816
f 1822/1822/1954 1825/1825/1817 1824/1824/1816
f 1824/1824/1816 1826/1826/1818 1815/1815/1813
f 1827/1827/1978 1816/1816/1811 1823/1823/1814
f 1827/1827/1978 1823/1823/1814 1821/1821/1815
f 1827/1827/1978 1819/1819/1810 1816/1816/1811
f 1828/1828/1979 1821/1821/1815 1815/1815/1813
f 1826/1826/1818 1828/1828/1979 1815/1815/1813
f 1825/1825/1817 1829/1829/1819 1824/1824/1816
f 1829/1829/1819 1825/1825/1817 1830/1830/1820
f 1831/1831/1823 1832/1832/1828 1833/1833/1821
f 1834/1834/1840 1835/1835/1825 1833/4047/1821
f 1836/1836/1822 1831/1831/1823 1835/4048/1825
f 1836/1836/1822 1837/1837/1824 1831/1831/1823
f 1835/4048/1825 1831/1831/1823 1833/1833/1821
f 1838/1838/1839 1836/1836/1822 1835/4048/1825
f 1839/1839/1826 1837/1837/1824 1836/1836/1822
f 1839/1839/1826 1836/1836/1822 1838/1838/1839
f 1840/1840/1841 1837/1837/1824 1839/1839/1826
f 1831/1831/1823 1837/1837/1824 1841/1841/1827
f 1842/1842/1829 1832/1832/1828 1843/1843/1837
f 1842/1842/1829 1843/1843/1837 1844/1844/1906
f 1832/1832/1828 1842/1842/1829 1845/1845/1830
f 1832/1832/1828 1845/1845/1830 1833/1833/1821
f 1846/1846/1832 1833/1833/1821 1845/1845/1830
f 1846/1846/1832 1845/1845/1830 1847/1847/1831
f 1842/1842/1829 1847/1847/1831 1845/1845/1830
f 1848/1848/1834 1847/1847/1831 1842/1842/1829
f 1834/1834/1840 1833/4047/1821 1846/4050/1832
f 1849/1849/1833 1834/1834/1840 1846/4050/1832
f 1846/4050/1832 1847/1847/1831 1849/1849/1833
f 1848/1848/1834 1850/1850/1845 1847/1847/1831
f 1848/1848/1834 1842/1842/1829 1851/1851/1836
f 1852/1852/1835 1848/1848/1834 1851/1851/1836
f 1852/1852/1835 1850/1850/1845 1848/1848/1834
f 1843/1843/1837 1832/1832/1828 1831/1831/1823
f 1853/1853/1838 1850/1850/1845 1852/1852/1835
f 1838/4049/1839 1835/1835/1825 1834/1834/1840
f 1838/4049/1839 1834/1834/1840 1854/1854/1842
f 1855/1855/1844 1839/1839/1826 1838/1838/1839
f 1855/1855/1844 1840/1840/1841 1839/1839/1826
f 1854/1854/1842 1856/1856/1843 1838/4049/1839
f 1855/4051/1844 1838/4049/1839 1856/1856/1843
f 1855/4051/1844 1856/1856/1843 1857/1857/1846
f 1849/1849/1833 1850/1850/1845 1834/1834/1840
f 1847/1847/1831 1850/1850/1845 1849/1849/1833
f 1850/1850/1845 1854/1854/1842 1834/1834/1840
f 1856/1856/1843 1854/1854/1842 1857/1857/1846
f 1857/1857/1846 1854/1854/1842 1850/1850/1845
f 1857/1857/1846 1850/1850/1845 1853/1853/1838
f 1851/1851/1836 1842/1842/1829 1844/1844/1906
f 1852/1852/1835 1851/1851/1836 1858/1858/1847
f 1858/1858/1847 1853/1853/1838 1852/1852/1835
f 1858/1858/1847 1851/1851/1836 1859/1859/1908
f 1841/1841/1827 1837/1837/1824 1840/1840/1841
f 1860/1860/1883 1841/1841/1827 1840/1840/1841
f 1861/1861/1855 1831/1831/1823 1841/1841/1827
f 1862/1862/1848 1861/1861/1855 1841/1841/1827
f 1841/1841/1827 1860/1860/1883 1862/1862/1848
f 1863/1863/1872 8/8/1849 1864/1864/1851
f 1865/1865/1850 1864/1864/1851 1866/1866/1852
f 1865/1865/1850 1866/1866/1852 1867/1867/1853
f 1866/1866/1852 1864/1864/1851 8/8/1849
f 1868/1868/1860 1866/1866/1852 1869/1869/1854
f 1861/1861/1855 1843/1843/1837 1831/1831/1823
f 1843/1843/1837 1870/1870/1856 1871/1871/1901
f 1872/1872/1886 1861/4053/1855 1862/4054/1848
f 1872/1872/1886 1873/1873/1857 1861/4053/1855
f 1873/1873/1857 1870/4060/1856 1861/4053/1855
f 1861/1861/1855 1870/1870/1856 1843/1843/1837
f 1871/1871/1901 1870/1870/1856 1874/1874/1858
f 1870/4060/1856 1873/1873/1857 1875/1875/1866
f 1875/4062/1866 1874/4061/1858 1870/4059/1856
f 1868/4057/1859 1869/4058/1898 1874/1874/1858
f 1867/1867/1853 1866/1866/1852 1868/1868/1860
f 1868/1868/1860 1876/1876/1861 1867/1867/1853
f 1877/1877/1862 1867/4055/1853 1876/4063/1861
f 1868/4056/1863 1874/4061/1858 1875/4062/1866
f 1875/4062/1864 1876/4064/1861 1868/4056/1860
f 1876/4063/1861 1875/1875/1866 1877/1877/1862
f 1878/1878/1865 1873/1873/1857 1872/1872/1886
f 1879/1879/1904 1875/1875/1866 1873/1873/1857
f 1880/1880/1889 1881/1881/1870 1882/1882/1878
f 1883/1883/1871 1884/1884/1867 1885/1885/1869
f 1886/1886/1868 1887/1887/1925 1884/1884/1867
f 1885/1885/1869 1881/1881/1870 1883/1883/1871
f 1881/1881/1870 1885/1885/1869 1888/1888/1877
f 1883/1883/1871 1886/1886/1868 1884/1884/1867
f 1863/1863/1872 1889/1889/1873 1890/1890/1875
f 1891/1891/1874 1863/1863/1872 1864/1864/1851
f 1863/1863/1872 1891/1891/1874 1889/1889/1873
f 1884/1884/1867 1887/1887/1925 1890/1890/1875
f 1889/1889/1873 1884/1884/1867 1890/1890/1875
f 1863/1863/1872 9/9/1876 8/8/1849
f 1863/1863/1872 1890/1890/1875 9/9/1876
f 4/4/8 9/9/1876 1890/1890/1875
f 1865/1865/1850 1891/1891/1874 1864/1864/1851
f 4/4/8 1890/1890/1875 1887/1887/1925
f 1892/1892/1924 38/38/30 31/31/23
f 1887/1887/1925 31/31/23 4/4/8
f 1893/1893/1879 1891/1891/1874 1865/1865/1850
f 1888/1888/1877 1891/1891/1874 1893/1893/1879
f 1888/1888/1877 1889/1889/1873 1891/1891/1874
f 1889/1889/1873 1885/1885/1869 1884/1884/1867
f 1888/1888/1877 1885/1885/1869 1889/1889/1873
f 1882/1882/1878 1888/1888/1877 1893/1893/1879
f 1893/1893/1879 1894/1894/1880 1882/1882/1878
f 1881/1881/1870 1888/1888/1877 1882/1882/1878
f 1882/1882/1878 1894/1894/1880 1880/1880/1889
f 1895/1895/1881 1896/1896/1893 1894/4066/1880
f 1893/1893/1879 1865/1865/1850 1867/1867/1853
f 1893/1893/1879 1867/1867/1853 1894/1894/1880
f 1867/4055/1853 1895/1895/1881 1894/4066/1880
f 1895/1895/1881 1867/4055/1853 1877/1877/1862
f 1897/1897/1914 1895/1895/1881 1877/1877/1862
f 1897/1897/1914 1896/1896/1893 1895/1895/1881
f 1898/1898/1882 1896/1896/1893 1897/1897/1914
f 1855/1855/1844 1860/1860/1883 1840/1840/1841
f 1860/4052/1883 1855/4051/1844 1899/1899/1884
f 1899/1899/1884 1862/4054/1848 1860/4052/1883
f 1900/1900/1885 1872/1872/1886 1862/4054/1848
f 1855/4051/1844 1857/1857/1846 1899/1899/1884
f 1900/1900/1885 1862/4054/1848 1899/1899/1884
f 1899/1899/1884 1857/1857/1846 1900/1900/1885
f 1901/1901/1887 1872/1872/1886 1900/1900/1885
f 1857/1857/1846 1901/1901/1887 1900/1900/1885
f 1901/1901/1887 1857/1857/1846 1902/1902/1888
f 1857/1857/1846 1853/1853/1838 1902/1902/1888
f 1901/1901/1887 1878/1878/1865 1872/1872/1886
f 1902/1902/1888 1878/1878/1865 1901/1901/1887
f 1878/1878/1865 1902/1902/1888 1853/1853/1838
f 1853/1853/1838 1879/1879/1904 1878/1878/1865
f 1873/1873/1857 1878/1878/1865 1879/1879/1904
f 1883/1883/1871 1881/1881/1870 1903/1903/1946
f 1904/1904/1892 1903/1903/1946 1881/1881/1870
f 1881/1881/1870 1880/1880/1889 1905/1905/1890
f 1905/1905/1890 1880/1880/1889 1906/1906/1891
f 1905/1905/1890 1904/1904/1892 1881/1881/1870
f 1905/1905/1890 1906/1906/1891 1904/1904/1892
f 1880/4065/1889 1896/1896/1893 1906/4067/1891
f 1894/4066/1880 1896/1896/1893 1880/4065/1889
f 23/23/1894 1844/1844/1906 1843/1843/1837
f 1871/1871/1901 1907/1907/1895 1843/1843/1837
f 1851/1851/1836 1844/1844/1906 1859/1859/1908
f 1866/1866/1852 10/10/6 1908/1908/1899
f 1866/1866/1852 8/8/1849 10/10/6
f 1909/1909/1896 1866/1866/1852 1908/1908/1899
f 1869/1869/1854 1866/1866/1852 1909/1909/1896
f 1909/4068/1897 1871/1871/1901 1869/4058/1898
f 1908/1908/1899 10/10/6 12/12/1900
f 12/12/1900 1910/1910/1902 1908/1908/1899
f 1909/1909/1896 1908/1908/1899 1910/1910/1902
f 1910/4069/1902 1871/1871/1901 1909/4068/1897
f 1910/1910/1902 12/12/1900 20/20/1903
f 20/3862/1903 1871/1871/1901 1910/4069/1902
f 1871/1871/1901 1874/1874/1858 1869/4058/1898
f 1875/1875/1866 1879/1879/1904 1911/1911/1905
f 1844/1844/1906 23/23/1894 27/27/1907
f 23/23/1894 1843/1843/1837 1907/1907/1895
f 27/27/1907 1859/1859/1908 1844/1844/1906
f 1859/1859/1908 27/27/1907 28/28/1909
f 1859/1859/1908 28/28/1909 133/133/1910
f 150/150/1911 1859/1859/1908 133/133/1910
f 20/3862/1903 1907/1907/1895 1871/1871/1901
f 23/23/1894 1907/1907/1895 20/3862/1903
f 150/150/1911 1858/1858/1847 1859/1859/1908
f 1853/1853/1838 1858/1858/1847 150/150/1911
f 62/62/42 34/34/26 38/38/30
f 62/62/42 38/38/30 1892/1892/1924
f 1912/1912/1912 1913/1913/1913 1914/1914/1919
f 1913/1913/1913 1912/1912/1912 1897/1897/1914
f 1915/1915/1915 104/104/79 1916/1916/1916
f 1912/1912/1912 1917/1917/1920 1915/1915/1915
f 1875/1875/1866 1911/1911/1905 1877/1877/1862
f 1877/1877/1862 1911/1911/1905 1913/1913/1913
f 1911/1911/1905 1914/1914/1919 1913/1913/1913
f 1877/1877/1862 1913/1913/1913 1897/1897/1914
f 1918/1918/1923 1911/1911/1905 1879/1879/1904
f 1897/1897/1914 1912/1912/1912 1919/1919/1917
f 1912/1912/1912 1916/1916/1916 1919/1919/1917
f 1916/1916/1916 1912/1912/1912 1915/1915/1915
f 1911/1911/1905 1920/1920/1918 1914/1914/1919
f 1920/1920/1918 1917/1917/1920 1914/1914/1919
f 45/45/35 47/47/37 104/104/79
f 1917/1917/1920 1921/1921/1921 45/45/35
f 104/104/79 1917/1917/1920 45/45/35
f 1914/1914/1919 1917/1917/1920 1912/1912/1912
f 1918/1918/1923 1920/1920/1918 1911/1911/1905
f 104/104/79 1915/1915/1915 1917/1917/1920
f 1920/1920/1918 1921/1921/1921 1917/1917/1920
f 1921/1921/1921 1920/1920/1918 1922/1922/1922
f 1920/1920/1918 1923/1923/1971 1922/1922/1922
f 45/45/35 1921/1921/1921 1922/1922/1922
f 1922/1922/1922 49/49/112 45/45/35
f 1920/1920/1918 1918/1918/1923 1923/1923/1971
f 1853/1853/1838 1923/1923/1971 1918/1918/1923
f 1853/1853/1838 1918/1918/1923 1879/1879/1904
f 1924/1924/1948 1886/1886/1868 1883/1883/1871
f 1892/1892/1924 1887/1887/1925 1925/1925/1926
f 1887/1887/1925 1886/1886/1868 1818/1818/1950
f 1926/1926/1928 1927/1927/1934 1928/1928/1929
f 1925/1925/1926 1887/1887/1925 1818/1818/1950
f 1925/1925/1926 1929/1929/1927 1926/1926/1928
f 1925/1925/1926 1926/1926/1928 1928/1928/1929
f 1930/1930/1930 1931/1931/1931 1932/1932/1932
f 1932/1932/1932 61/61/1933 62/62/42
f 61/61/1933 1932/1932/1932 60/60/50
f 1892/1892/1924 1930/1930/1930 62/62/42
f 1930/1930/1930 1932/1932/1932 62/62/42
f 1932/1932/1932 1931/1931/1931 60/60/50
f 31/31/23 1887/1887/1925 1892/1892/1924
f 1930/1930/1930 1892/1892/1924 1928/1928/1929
f 1931/1931/1931 1930/1930/1930 1928/1928/1929
f 1928/1928/1929 1892/1892/1924 1925/1925/1926
f 1919/1919/1917 1898/1898/1882 1897/1897/1914
f 1898/1898/1882 1919/1919/1917 1933/1933/1968
f 1931/1931/1931 1928/1928/1929 1927/1927/1934
f 1927/1927/1934 60/60/50 1931/1931/1931
f 74/74/51 1934/1934/1935 108/108/1936
f 1933/1933/1968 108/108/1936 1934/1934/1935
f 1933/1933/1968 1934/1934/1935 1935/1935/1955
f 63/63/49 60/60/50 1927/1927/1934
f 1936/1936/1940 66/66/263 64/64/1937
f 1937/1937/1938 63/63/49 1927/1927/1934
f 1937/1937/1938 64/64/1937 63/63/49
f 1926/1926/1928 1937/1937/1938 1927/1927/1934
f 1926/1926/1928 1938/1938/1939 1937/1937/1938
f 1926/1926/1928 1929/1929/1927 1938/1938/1939
f 1938/1938/1939 1936/1936/1940 1937/1937/1938
f 1936/1936/1940 64/64/1937 1937/1937/1938
f 1938/1938/1939 1939/1939/1958 1936/1936/1940
f 108/108/1936 69/69/46 74/74/51
f 1940/1940/1941 73/73/1942 75/75/269
f 1941/1941/1943 1940/4070/1941 75/3865/269
f 75/3865/269 295/295/270 1941/1941/1943
f 1942/1942/1945 73/73/1942 1940/1940/1941
f 1943/1943/1944 1942/1942/1945 1940/1940/1941
f 1942/1942/1945 74/74/51 73/73/1942
f 1934/1934/1935 74/74/51 1942/1942/1945
f 1944/1944/1964 1941/1941/1943 295/295/270
f 1903/1903/1946 1924/1924/1948 1883/1883/1871
f 1813/1813/1947 1812/1812/1949 1924/1924/1948
f 1812/1812/1949 1886/1886/1868 1924/1924/1948
f 1812/1812/1949 1818/1818/1950 1886/1886/1868
f 1945/1945/1952 1904/1904/1892 1906/1906/1891
f 1946/1946/1951 1945/4072/1952 1906/4067/1891
f 1924/1924/1948 1903/1903/1946 1813/1813/1947
f 1814/1814/1953 1813/1813/1947 1903/1903/1946
f 1814/1814/1953 1904/1904/1892 1945/1945/1952
f 1814/1814/1953 1903/1903/1946 1904/1904/1892
f 1896/1896/1893 1946/1946/1951 1906/4067/1891
f 1946/1946/1951 1896/1896/1893 1825/4046/1817
f 1817/1817/1809 1818/1818/1950 1812/1812/1949
f 1947/1947/1956 1825/4046/1817 1896/1896/1893
f 1945/4072/1952 1946/1946/1951 1814/4044/1953
f 1946/1946/1951 1822/4045/1954 1814/4044/1953
f 1946/1946/1951 1825/4046/1817 1822/4045/1954
f 1947/1947/1956 1896/1896/1893 1898/1898/1882
f 1935/1935/1955 1948/1948/1963 1947/1947/1956
f 1935/1935/1955 1898/1898/1882 1933/1933/1968
f 1935/1935/1955 1947/1947/1956 1898/1898/1882
f 1935/1935/1955 1934/1934/1935 1948/1948/1963
f 1934/1934/1935 1942/1942/1945 1948/1948/1963
f 1818/1818/1950 1929/1929/1927 1925/1925/1926
f 1818/1818/1950 1949/1949/1957 1929/1929/1927
f 1949/1949/1957 1938/1938/1939 1929/1929/1927
f 1820/1820/1982 1949/1949/1957 1818/1818/1950
f 1950/1950/2015 1951/1951/2014 1939/1939/1958
f 1939/1939/1958 1949/1949/1957 1950/1950/2015
f 1820/1820/1982 1952/1952/2018 1949/1949/1957
f 1939/1939/1958 1938/1938/1939 1949/1949/1957
f 1830/1830/1820 1825/1825/1817 1947/4073/1956
f 1953/1953/1959 1954/1954/1960 1955/1955/2020
f 1953/1953/1959 1956/1956/1961 1947/4073/1956
f 1956/1956/1961 1953/1953/1959 1955/1955/2020
f 1948/1948/1963 1942/1942/1945 1943/1943/1944
f 1957/1957/1962 1947/1947/1956 1948/1948/1963
f 1943/1943/1944 1957/1957/1962 1948/1948/1963
f 1958/1958/1965 1957/4074/1962 1943/4071/1944
f 1958/1958/1965 1943/4071/1944 1941/1941/1943
f 1941/1941/1943 1943/4071/1944 1940/4070/1941
f 1958/1958/1965 1941/1941/1943 1944/1944/1964
f 1957/4074/1962 1958/1958/1965 1954/1954/1960
f 1944/1944/1964 1954/1954/1960 1958/1958/1965
f 1957/4074/1962 1953/1953/1959 1947/4073/1956
f 1953/1953/1959 1957/4074/1962 1954/1954/1960
f 1916/1916/1916 104/104/79 105/105/82
f 1916/1916/1916 105/105/82 106/106/1966
f 1916/1916/1916 106/106/1966 1959/1959/1967
f 1916/1916/1916 1959/1959/1967 1919/1919/1917
f 1959/1959/1967 106/106/1966 108/108/1936
f 1933/1933/1968 1959/1959/1967 108/108/1936
f 1959/1959/1967 1933/1933/1968 1919/1919/1917
f 150/150/1911 133/133/1910 148/148/1969
f 133/133/1910 132/132/102 148/148/1969
f 214/214/192 49/49/112 1923/1923/1971
f 1923/1923/1971 49/49/112 1922/1922/1922
f 214/214/192 139/139/187 49/49/112
f 1853/1853/1838 150/150/1911 1960/1960/1970
f 1960/1960/1970 1923/1923/1971 1853/1853/1838
f 1923/1923/1971 1960/1960/1970 1961/1961/1972
f 155/155/128 150/150/1911 151/151/124
f 1961/1961/1972 1960/1960/1970 150/150/1911
f 150/150/1911 155/155/128 1961/1961/1972
f 218/218/194 214/214/192 1923/1923/1971
f 1961/1961/1972 218/218/194 1923/1923/1971
f 218/218/194 1961/1961/1972 1962/1962/1973
f 1962/1962/1973 1961/1961/1972 155/155/128
f 1962/1962/1973 220/220/196 218/218/194
f 220/220/196 1962/1962/1973 155/155/128
f 219/219/195 220/220/196 155/155/128
f 255/255/229 219/219/195 155/155/128
f 219/219/195 255/255/229 223/223/202
f 223/223/202 255/255/229 224/224/200
f 256/256/238 224/224/200 255/255/229
f 266/266/1974 265/265/244 256/256/238
f 256/256/238 267/267/252 266/266/1974
f 267/267/252 256/256/238 268/268/239
f 1963/1963/1975 1819/1819/1810 1827/1827/1978
f 1819/1819/1810 1963/1963/1975 1964/1964/1976
f 1964/1964/1976 1820/1820/1982 1819/1819/1810
f 1965/1965/1977 1827/1827/1978 1821/1821/1815
f 1965/1965/1977 1963/1963/1975 1827/1827/1978
f 1828/1828/1979 1965/1965/1977 1821/1821/1815
f 1828/1828/1979 1966/1966/1980 1965/1965/1977
f 1967/1967/1981 1820/1820/1982 1964/1964/1976
f 1963/1963/1975 1965/1965/1977 1968/1968/1986
f 1966/1966/1980 1968/1968/1986 1965/1965/1977
f 1969/1969/1983 1964/1964/1976 1963/1963/1975
f 1969/1969/1983 1963/1963/1975 1968/1968/1986
f 1969/1969/1983 1967/1967/1981 1964/1964/1976
f 1968/1968/1986 1970/1970/1988 1969/1969/1983
f 1967/1967/1981 1969/1969/1983 1970/1970/1988
f 1970/1970/1988 1971/1971/2046 1967/1967/1981
f 1826/1826/1818 1972/1972/1984 1828/1828/1979
f 1972/1972/1984 1826/1826/1818 1824/1824/1816
f 1972/1972/1984 1824/1824/1816 1829/1829/1819
f 1972/1972/1984 1966/1966/1980 1828/1828/1979
f 1972/1972/1984 1973/1973/1985 1966/1966/1980
f 1829/1829/1819 1973/1973/1985 1972/1972/1984
f 1974/1974/1987 1968/1968/1986 1966/1966/1980
f 1973/1973/1985 1974/1974/1987 1966/1966/1980
f 1973/1973/1985 1829/1829/1819 1975/1975/1994
f 1976/1976/1991 1968/1968/1986 1974/1974/1987
f 1976/1976/1991 1970/1970/1988 1968/1968/1986
f 1977/1977/1989 1976/1976/1991 1974/1974/1987
f 1975/1975/1994 1974/1974/1987 1973/1973/1985
f 1829/1829/1819 1978/1978/2093 1975/1975/1994
f 1975/1975/1994 1977/1977/1989 1974/1974/1987
f 1979/1979/1990 1970/1970/1988 1976/1976/1991
f 1980/1980/1993 1976/1976/1991 1977/1977/1989
f 1979/1979/1990 1971/1971/2046 1970/1970/1988
f 1980/1980/1993 1979/1979/1990 1976/1976/1991
f 1981/1981/1992 1980/1980/1993 1977/1977/1989
f 1975/1975/1994 1981/1981/1992 1977/1977/1989
f 1981/1981/1992 1975/1975/1994 1982/1982/1995
f 1975/1975/1994 1978/1978/2093 1982/1982/1995
f 1979/1979/1990 1983/1983/1996 1971/1971/2046
f 1980/1980/1993 1984/1984/1997 1979/1979/1990
f 1981/1981/1992 1984/1984/1997 1980/1980/1993
f 1985/1985/1998 1986/1986/1999 1987/1987/2000
f 290/290/264 66/66/263 1936/1936/1940
f 1988/1988/2001 295/295/270 296/296/272
f 1988/1988/2001 296/296/272 298/298/2006
f 1944/1944/1964 295/295/270 1988/1988/2001
f 1989/1989/2021 1944/1944/1964 1988/1988/2001
f 1990/1990/2008 1989/1989/2021 1988/1988/2001
f 292/292/265 1991/1991/2005 299/299/273
f 299/299/273 1991/1991/2005 302/302/2002
f 300/300/275 302/302/2002 305/305/2003
f 302/302/2002 1991/1991/2005 305/305/2003
f 1992/1992/2004 305/305/2003 1991/1991/2005
f 305/305/2003 1992/1992/2004 314/314/2037
f 1993/1993/2007 308/308/280 309/309/2009
f 298/298/2006 308/308/280 1993/1993/2007
f 1990/1990/2008 1988/1988/2001 298/298/2006
f 1990/1990/2008 298/298/2006 1993/1993/2007
f 1994/1994/2010 1993/1993/2007 309/309/2009
f 309/309/2009 307/307/286 317/317/285
f 1994/1994/2010 309/309/2009 1995/1995/2011
f 309/309/2009 317/317/285 1995/1995/2011
f 1996/1996/2012 1990/1990/2008 1993/1993/2007
f 1996/1996/2012 1993/1993/2007 1994/1994/2010
f 1997/1997/2013 1994/1994/2010 1995/1995/2011
f 1951/1951/2014 290/290/264 1936/1936/1940
f 1950/1950/2015 1949/1949/1957 1952/1952/2018
f 1951/1951/2014 1950/1950/2015 1998/1998/2016
f 1950/1950/2015 1999/1999/2017 1998/1998/2016
f 1950/1950/2015 1952/1952/2018 1999/1999/2017
f 1939/1939/1958 1951/1951/2014 1936/1936/1940
f 1951/1951/2014 292/292/265 290/290/264
f 1998/1998/2016 292/292/265 1951/1951/2014
f 1991/1991/2005 1998/1998/2016 2000/2000/2019
f 1952/1952/2018 2001/2001/2026 1999/1999/2017
f 1999/1999/2017 2000/2000/2019 1998/1998/2016
f 2001/2001/2026 2000/2000/2019 1999/1999/2017
f 292/292/265 1998/1998/2016 1991/1991/2005
f 1956/1956/1961 1955/1955/2020 2002/2002/2028
f 1955/1955/2020 1954/1954/1960 1989/1989/2021
f 1989/1989/2021 2003/2003/2022 1955/1955/2020
f 2002/2002/2028 1955/1955/2020 2003/2003/2022
f 1956/1956/1961 1830/1830/1820 1947/4073/1956
f 1967/1967/1981 1952/1952/2018 1820/1820/1982
f 2003/2003/2022 1989/1989/2021 2004/2004/2032
f 2002/2002/2028 1830/1830/1820 1956/1956/1961
f 1954/1954/1960 1944/1944/1964 1989/1989/2021
f 2004/2004/2032 1989/1989/2021 1990/1990/2008
f 2000/2000/2019 2005/2005/2024 1991/1991/2005
f 1992/1992/2004 1991/1991/2005 2005/2005/2024
f 2006/2006/2023 314/314/2037 1992/1992/2004
f 1992/1992/2004 2005/2005/2024 2007/2007/2025
f 2007/2007/2025 2006/2006/2023 1992/1992/2004
f 1967/1967/1981 2001/2001/2026 1952/1952/2018
f 2001/2001/2026 2008/2008/2027 2000/2000/2019
f 2000/2000/2019 2008/2008/2027 2005/2005/2024
f 2002/2002/2028 2009/2009/2029 1830/1830/1820
f 2009/2009/2029 2002/2002/2028 2010/2010/2030
f 2001/2001/2026 1967/1967/1981 2008/2008/2027
f 1967/1967/1981 2011/2011/2031 2008/2008/2027
f 2007/2007/2025 2005/2005/2024 2008/2008/2027
f 2008/2008/2027 2012/2012/2049 2007/2007/2025
f 1996/1996/2012 2004/2004/2032 1990/1990/2008
f 1996/1996/2012 1994/1994/2010 1997/1997/2013
f 2013/2013/2033 2004/2004/2032 1996/1996/2012
f 2003/2003/2022 2004/2004/2032 2013/2013/2033
f 2002/2002/2028 2003/2003/2022 2013/2013/2033
f 2002/2002/2028 2013/2013/2033 2010/2010/2030
f 2010/2010/2030 2013/2013/2033 2014/2014/2034
f 2014/2014/2034 2013/2013/2033 1996/1996/2012
f 2014/2014/2034 1996/1996/2012 1997/1997/2013
f 1997/1997/2013 2015/2015/2051 2014/2014/2034
f 2014/2014/2034 2015/2015/2051 2016/2016/2035
f 2010/2010/2030 2014/2014/2034 2016/2016/2035
f 316/316/2036 303/303/277 314/314/2037
f 2006/2006/2023 2017/2017/2052 314/314/2037
f 2018/2018/2039 316/316/2036 314/314/2037
f 318/318/293 1995/1995/2011 317/317/285
f 2019/2019/2038 1995/1995/2011 318/318/293
f 316/316/2036 2018/2018/2039 321/321/2040
f 2019/2019/2038 318/318/293 2020/2020/2064
f 2017/2017/2052 2018/2018/2039 314/314/2037
f 2019/2019/2038 2015/2015/2051 1995/1995/2011
f 2017/2017/2052 321/321/2040 2018/2018/2039
f 2017/2017/2052 2021/2021/2041 321/321/2040
f 323/323/2042 324/324/2043 2022/2022/2058
f 2021/2021/2041 324/3881/2043 321/321/2040
f 324/324/2043 2021/4075/2041 2022/2022/2058
f 2023/2023/2045 2006/2006/2023 2007/2007/2025
f 2006/2006/2023 2023/2023/2045 2017/2017/2052
f 2024/2024/2044 2017/2017/2052 2023/2023/2045
f 2011/2011/2031 1967/1967/1981 1971/1971/2046
f 1971/1971/2046 2025/2025/2047 2011/2011/2031
f 1983/1983/1996 2025/2025/2047 1971/1971/2046
f 2026/2026/2048 2012/2012/2049 2008/2008/2027
f 2012/2012/2049 2023/2023/2045 2007/2007/2025
f 2023/2023/2045 2012/2012/2049 2024/2024/2044
f 2008/2008/2027 2011/2011/2031 2026/2026/2048
f 2027/2027/2060 2024/2024/2044 2012/2012/2049
f 2012/2012/2049 2026/2026/2048 2027/2027/2060
f 1995/1995/2011 2015/2015/2051 1997/1997/2013
f 2028/2028/2050 2015/2015/2051 2019/2019/2038
f 2021/2021/2041 2017/2017/2052 2029/2029/2053
f 2029/2029/2053 2017/2017/2052 2024/2024/2044
f 2030/2030/2054 2028/2028/2050 2019/2019/2038
f 2028/2028/2050 2030/2030/2054 2031/2031/2073
f 2015/2015/2051 2032/2032/2098 2016/2016/2035
f 2028/2028/2050 2032/2032/2098 2015/2015/2051
f 2027/2027/2060 2029/2029/2053 2024/2024/2044
f 2027/2027/2060 2033/2033/2055 2029/2029/2053
f 2031/2031/2073 2034/2034/2056 2028/2028/2050
f 2034/2034/2056 2032/2032/2098 2028/2028/2050
f 2035/2035/2101 2011/2011/2031 2025/2025/2047
f 2021/2021/2041 2029/2029/2053 2036/2036/2057
f 2022/2022/2058 2021/4075/2041 2036/4077/2057
f 2036/4077/2057 2037/2037/2059 2022/2022/2058
f 2033/4076/2055 2037/2037/2059 2036/4077/2057
f 2027/2027/2060 2026/2026/2048 2038/2038/2083
f 2027/2027/2060 2038/2038/2083 2033/2033/2055
f 2011/2011/2031 2038/2038/2083 2026/2026/2048
f 2035/2035/2101 2039/2039/2062 2011/2011/2031
f 2039/2039/2062 2038/2038/2083 2011/2011/2031
f 2033/2033/2055 2036/2036/2057 2029/2029/2053
f 2040/2040/2061 2039/2039/2062 2035/2035/2101
f 2038/4078/2083 2039/4079/2062 2041/2041/2162
f 2042/2042/2154 2039/4079/2062 2040/4080/2061
f 2020/2020/2064 318/318/293 325/325/292
f 2030/2030/2054 2019/2019/2038 2020/2020/2064
f 328/328/2063 2020/2020/2064 325/325/292
f 2020/2020/2064 328/328/2063 2043/2043/2065
f 2030/2030/2054 2020/2020/2064 2043/2043/2065
f 335/335/301 328/328/2063 327/327/300
f 333/333/299 323/323/2042 2044/2044/2066
f 2022/2022/2058 2044/2044/2066 323/323/2042
f 335/335/301 334/334/310 346/346/311
f 2043/2043/2065 328/328/2063 2045/2045/2085
f 2045/2045/2085 328/328/2063 335/335/301
f 350/350/2070 332/332/298 336/336/2068
f 2044/2044/2066 336/336/2068 333/333/299
f 2044/2044/2066 2046/2046/2067 336/336/2068
f 351/351/316 341/341/307 350/350/2070
f 2047/2047/2086 335/335/301 346/346/311
f 346/346/311 345/345/313 2048/2048/2069
f 2049/2049/2076 350/350/2070 336/336/2068
f 351/351/316 350/350/2070 2050/2050/2071
f 2051/2051/2072 2030/2030/2054 2043/2043/2065
f 2030/2030/2054 2051/2051/2072 2031/2031/2073
f 2031/2031/2073 2051/2051/2072 2052/2052/2078
f 2034/2034/2056 2031/2031/2073 2052/2052/2078
f 2051/2051/2072 2043/2043/2065 2045/2045/2085
f 2053/2053/2075 2044/2044/2066 2022/2022/2058
f 2037/2037/2059 2053/2053/2075 2022/2022/2058
f 2054/2054/2084 2053/2053/2075 2037/2037/2059
f 2055/2055/2074 2053/2053/2075 2054/2054/2084
f 2046/2046/2067 2044/2044/2066 2053/2053/2075
f 2049/2049/2076 336/336/2068 2046/2046/2067
f 2055/2055/2074 2046/2046/2067 2053/2053/2075
f 2046/2046/2067 2055/2055/2074 2049/2049/2076
f 2056/2056/2077 2052/2052/2078 2057/2057/2079
f 2034/2034/2056 2052/2052/2078 2056/2056/2077
f 2056/2056/2077 2058/2058/2080 2034/2034/2056
f 2058/2058/2080 2056/2056/2077 2059/2059/2090
f 2045/2045/2085 2057/2057/2079 2051/2051/2072
f 2051/2051/2072 2057/2057/2079 2052/2052/2078
f 2057/2057/2079 2045/2045/2085 2060/2060/2081
f 2061/2061/2082 2057/2057/2079 2060/2060/2081
f 2056/2056/2077 2057/2057/2079 2061/2061/2082
f 2059/2059/2090 2056/2056/2077 2061/2061/2082
f 2038/4078/2083 2054/2054/2084 2033/4076/2055
f 2054/2054/2084 2037/2037/2059 2033/4076/2055
f 2041/2041/2162 2054/2054/2084 2038/4078/2083
f 2054/2054/2084 2041/2041/2162 2055/2055/2074
f 2062/2062/2167 2063/2063/2104 2059/2059/2090
f 2045/2045/2085 335/335/301 2047/2047/2086
f 2060/2060/2081 2045/2045/2085 2047/2047/2086
f 2064/2064/2087 2047/2047/2086 346/346/311
f 2064/2064/2087 346/346/311 2048/2048/2069
f 2060/2060/2081 2047/2047/2086 2064/2064/2087
f 2061/2061/2082 2060/2060/2081 2059/2059/2090
f 2065/2065/2088 2062/2062/2167 2059/2059/2090
f 2066/2066/2089 2059/2059/2090 2060/2060/2081
f 2060/2060/2081 2064/2064/2087 2066/2066/2089
f 2066/2066/2089 2065/2065/2088 2059/2059/2090
f 1829/1829/1819 1830/1830/1820 2009/2009/2029
f 2009/2009/2029 1978/1978/2093 1829/1829/1819
f 2016/2016/2035 2009/2009/2029 2010/2010/2030
f 2016/2016/2035 2067/2067/2091 2009/2009/2029
f 2068/2068/2094 1983/1983/1996 1979/1979/1990
f 1984/1984/1997 1981/1981/1992 1982/1982/1995
f 1982/1982/1995 2069/2069/2092 1984/1984/1997
f 2069/2069/2092 1978/1978/2093 2070/2070/2109
f 1978/1978/2093 2069/2069/2092 1982/1982/1995
f 1978/1978/2093 2009/2009/2029 2070/2070/2109
f 2070/2070/2109 2009/2009/2029 2067/2067/2091
f 2071/2071/2099 1983/1983/1996 2068/2068/2094
f 1983/1983/1996 2071/2071/2099 2025/2025/2047
f 1984/1984/1997 2068/2068/2094 1979/1979/1990
f 2068/2068/2094 1984/1984/1997 2072/2072/2096
f 2072/2072/2096 1984/1984/1997 2069/2069/2092
f 2069/2069/2092 2073/2073/2095 2072/2072/2096
f 2069/2069/2092 2070/2070/2109 2073/2073/2095
f 2068/2068/2094 2072/2072/2096 2074/2074/2097
f 2072/2072/2096 2073/2073/2095 2074/2074/2097
f 2032/2032/2098 2067/2067/2091 2016/2016/2035
f 2067/2067/2091 2034/2034/2056 2058/2058/2080
f 2034/2034/2056 2067/2067/2091 2032/2032/2098
f 2071/2071/2099 2068/2068/2094 2075/2075/2100
f 2075/2075/2100 2068/2068/2094 2074/2074/2097
f 2076/2076/2106 2025/2025/2047 2071/2071/2099
f 2075/2075/2100 2076/2076/2106 2071/2071/2099
f 2076/2076/2106 2035/2035/2101 2025/2025/2047
f 2077/2077/2102 2076/2076/2106 2075/2075/2100
f 2073/2073/2095 2078/2078/2108 2074/2074/2097
f 2073/2073/2095 2070/2070/2109 2078/2078/2108
f 2075/2075/2100 2074/2074/2097 2079/2079/2103
f 2078/2078/2108 2079/2079/2103 2074/2074/2097
f 2075/2075/2100 2079/2079/2103 2077/2077/2102
f 2079/2079/2103 2080/2080/2107 2077/2077/2102
f 2067/2067/2091 2063/2063/2104 2070/2070/2109
f 2058/2058/2080 2063/2063/2104 2067/2067/2091
f 2077/2077/2102 2081/2081/2105 2076/2076/2106
f 2035/2035/2101 2076/2076/2106 2040/2040/2061
f 2081/2081/2105 2040/2040/2061 2076/2076/2106
f 2079/2079/2103 2078/2078/2108 2080/2080/2107
f 2080/2080/2107 2078/2078/2108 2082/2082/2177
f 2082/2082/2177 2078/2078/2108 2070/2070/2109
f 2080/2080/2107 2081/2081/2105 2077/2077/2102
f 2083/2083/2110 2081/2081/2105 2080/2080/2107
f 2082/2082/2177 2083/2083/2110 2080/2080/2107
f 2084/2084/2111 2082/2082/2177 2070/2070/2109
f 2070/2070/2109 2063/2063/2104 2084/2084/2111
f 2059/2059/2090 2063/2063/2104 2058/2058/2080
f 2085/2085/2112 420/420/395 418/418/396
f 2086/2086/2114 420/420/395 2085/2085/2112
f 419/419/2113 2085/2085/2112 418/418/396
f 2087/2087/2139 419/419/2113 411/411/405
f 451/451/429 444/444/419 2088/2088/2115
f 2089/2089/2129 451/451/429 2088/2088/2115
f 2086/2086/2114 446/446/423 449/449/427
f 2086/2086/2114 2088/2088/2115 446/446/423
f 446/446/423 2088/2088/2115 444/444/419
f 2090/2090/2132 2089/2089/2129 2088/2088/2115
f 2091/2091/2116 348/348/315 442/442/420
f 2092/2092/2121 442/442/420 451/451/429
f 2091/2091/2116 442/442/420 2092/2092/2121
f 452/452/430 453/453/2117 454/454/432
f 453/453/2117 2093/2093/2118 454/454/432
f 2093/2093/2118 2094/2094/2119 454/454/432
f 345/345/313 348/348/315 2091/2091/2116
f 345/345/313 2091/2091/2116 2048/2048/2069
f 2095/2095/2120 2091/2091/2116 2092/2092/2121
f 2092/2092/2121 2096/2096/2130 2095/2095/2120
f 342/342/308 351/351/316 2097/2097/2122
f 2093/2093/2118 342/342/308 2097/2097/2122
f 2093/2093/2118 453/453/2117 342/342/308
f 2094/2094/2119 2093/2093/2118 2098/2098/2126
f 2099/2099/2123 2098/2098/2126 2093/2093/2118
f 456/456/434 455/455/433 2100/2100/2124
f 456/456/434 2100/2100/2124 2101/2101/2125
f 460/460/438 456/456/434 2101/2101/2125
f 2101/2101/2125 2102/2102/2128 458/458/437
f 2100/2100/2124 455/455/433 454/454/432
f 2100/2100/2124 454/454/432 2094/2094/2119
f 2100/2100/2124 2098/2098/2126 2101/2101/2125
f 2102/2102/2128 2101/2101/2125 2098/2098/2126
f 2098/2098/2126 2100/2100/2124 2094/2094/2119
f 2103/2103/2184 461/461/2127 2102/2102/2128
f 2089/2089/2129 2104/2104/2131 2096/2096/2130
f 2092/2092/2121 451/451/429 2089/2089/2129
f 2089/2089/2129 2096/2096/2130 2092/2092/2121
f 2105/2105/2135 2096/2096/2130 2104/2104/2131
f 2089/2089/2129 2090/2090/2132 2104/2104/2131
f 2104/2104/2131 2106/2106/2133 2105/2105/2135
f 2098/2098/2126 2099/2099/2123 2102/2102/2128
f 2107/2107/2134 2105/2105/2135 2106/2106/2133
f 2108/2108/2137 2095/2095/2120 2096/2096/2130
f 2095/2095/2120 2048/2048/2069 2091/2091/2116
f 2109/2109/2136 2048/2048/2069 2095/2095/2120
f 2064/2064/2087 2048/2048/2069 2109/2109/2136
f 2064/2064/2087 2109/2109/2136 2066/2066/2089
f 2110/2110/2138 2066/2066/2089 2109/2109/2136
f 2110/2110/2138 2065/2065/2088 2066/2066/2089
f 2109/2109/2136 2095/2095/2120 2108/2108/2137
f 2108/2108/2137 2110/2110/2138 2109/2109/2136
f 2096/2096/2130 2110/2110/2138 2108/2108/2137
f 2096/2096/2130 2105/2105/2135 2110/2110/2138
f 2111/2111/2174 2110/2110/2138 2105/2105/2135
f 2111/2111/2174 2105/2105/2135 2107/2107/2134
f 2086/2086/2114 387/387/348 420/420/395
f 419/419/2113 2087/2087/2139 2085/2085/2112
f 387/387/348 2086/2086/2114 449/449/427
f 2086/2086/2114 2085/2085/2112 2087/2087/2139
f 2090/2090/2132 2086/2086/2114 2087/2087/2139
f 411/411/405 430/3885/2144 2087/2087/2139
f 2090/2090/2132 2088/2088/2115 2086/2086/2114
f 2106/2106/2133 2090/2090/2132 2087/2087/2139
f 2106/2106/2133 2087/2087/2139 430/3885/2144
f 2104/2104/2131 2090/2090/2132 2106/2106/2133
f 465/465/447 469/469/2140 2112/2112/2141
f 2112/2112/2141 469/469/2140 468/468/446
f 460/460/438 2101/2101/2125 458/458/437
f 458/458/437 2102/2102/2128 461/461/2127
f 473/473/2142 470/470/448 472/472/2147
f 2113/2113/2151 473/473/2142 2114/2114/2143
f 2107/2107/2134 2106/2106/2133 430/3885/2144
f 430/430/2144 465/465/447 2115/2115/2152
f 2115/4085/2152 2107/2107/2134 430/3885/2144
f 2116/2116/2150 2117/2117/2148 2118/2118/2203
f 461/461/2127 2119/2119/2145 471/471/2146
f 471/471/2146 2117/2117/2148 472/472/2147
f 2114/2114/2143 472/472/2147 2117/2117/2148
f 2114/2114/2143 473/473/2142 472/472/2147
f 2117/2117/2148 471/471/2146 2119/2119/2145
f 2120/2120/2149 2107/2107/2134 2115/4085/2152
f 2113/2113/2151 2114/2114/2143 2116/2116/2150
f 2113/4084/2151 2120/2120/2149 2115/4085/2152
f 2116/2116/2150 2114/2114/2143 2117/2117/2148
f 2117/2117/2148 2119/2119/2145 2118/2118/2203
f 2120/2120/2149 2113/4084/2151 2116/4086/2150
f 2112/2112/2141 468/468/446 473/473/2142
f 2112/2112/2141 2115/2115/2152 465/465/447
f 2113/2113/2151 2115/2115/2152 2112/2112/2141
f 473/473/2142 2113/2113/2151 2112/2112/2141
f 2121/2121/2153 2042/2042/2154 2040/4080/2061
f 2039/4079/2062 2042/2042/2154 2122/2122/2155
f 2097/2097/2122 351/351/316 2050/2050/2071
f 2039/4079/2062 2122/2122/2155 2041/2041/2162
f 2123/2123/2156 2124/2124/2158 2042/2042/2154
f 2121/2121/2153 2123/2123/2156 2042/2042/2154
f 2125/2125/2179 2123/2123/2156 2121/2121/2153
f 2125/2125/2179 2121/2121/2153 2126/2126/2157
f 2124/2124/2158 2122/2122/2155 2042/2042/2154
f 2122/2122/2155 2124/2124/2158 2127/2127/2159
f 2124/2124/2158 2123/2123/2156 2128/2128/2160
f 2125/2125/2179 2129/2129/2161 2123/2123/2156
f 2129/2129/2161 2128/2128/2160 2123/2123/2156
f 2130/2130/2182 2129/2129/2161 2125/2125/2179
f 2131/2131/2168 2132/2132/2169 2130/2130/2182
f 2049/2049/2076 2055/2055/2074 2050/2050/2071
f 2050/2050/2071 350/350/2070 2049/2049/2076
f 2050/2050/2071 2055/2055/2074 2133/2133/2163
f 2041/2041/2162 2133/2133/2163 2055/2055/2074
f 2127/2127/2159 2041/2041/2162 2122/2122/2155
f 2133/2133/2163 2041/2041/2162 2134/2134/2164
f 2133/2133/2163 2097/2097/2122 2050/2050/2071
f 2135/2135/2165 2097/2097/2122 2133/2133/2163
f 2133/2133/2163 2134/2134/2164 2135/2135/2165
f 2127/2127/2159 2134/2134/2164 2041/2041/2162
f 2134/2134/2164 2127/2127/2159 2103/2103/2184
f 2127/2127/2159 2124/2124/2158 2136/2136/2166
f 2128/2128/2160 2136/2136/2166 2124/2124/2158
f 2137/2137/2171 2136/2136/2166 2128/2128/2160
f 2127/2127/2159 2136/2136/2166 2138/2138/2193
f 2065/2065/2088 2111/2111/2174 2062/2062/2167
f 2128/2128/2160 2129/2129/2161 2139/2139/2170
f 2129/2129/2161 2130/2130/2182 2132/2132/2169
f 2062/4081/2167 2140/2140/2175 2131/2131/2168
f 2132/2132/2169 2139/2139/2170 2129/2129/2161
f 2139/2139/2170 2137/2137/2171 2128/2128/2160
f 2139/2139/2170 2141/2141/2173 2137/2137/2171
f 2142/2142/2172 2143/2143/2196 2141/2141/2173
f 2140/2140/2175 2143/2143/2196 2142/2142/2172
f 2111/4083/2174 2140/2140/2175 2062/4081/2167
f 2131/2131/2168 2140/2140/2175 2142/2142/2172
f 2131/2131/2168 2142/2142/2172 2132/2132/2169
f 2132/2132/2169 2141/2141/2173 2139/2139/2170
f 2142/2142/2172 2141/2141/2173 2132/2132/2169
f 2081/2081/2105 2144/2144/2176 2040/2040/2061
f 2144/2144/2176 2081/2081/2105 2083/2083/2110
f 2144/4088/2176 2121/2121/2153 2040/4080/2061
f 2083/2083/2110 2145/2145/2178 2144/2144/2176
f 2121/2121/2153 2144/4088/2176 2126/2126/2157
f 2145/4089/2178 2126/2126/2157 2144/4088/2176
f 2146/2146/2181 2126/2126/2157 2145/4089/2178
f 2082/2082/2177 2145/2145/2178 2083/2083/2110
f 2084/2084/2111 2145/2145/2178 2082/2082/2177
f 2063/2063/2104 2147/2147/2183 2084/2084/2111
f 2146/4090/2181 2084/2084/2111 2147/2147/2183
f 2147/2147/2183 2063/2063/2104 2062/2062/2167
f 2145/2145/2178 2084/2084/2111 2146/4090/2181
f 2125/2125/2179 2126/2126/2157 2148/2148/2180
f 2126/2126/2157 2146/2146/2181 2148/2148/2180
f 2148/2148/2180 2130/2130/2182 2125/2125/2179
f 2147/4091/2183 2130/2130/2182 2148/2148/2180
f 2148/2148/2180 2146/2146/2181 2147/4091/2183
f 2131/2131/2168 2147/4091/2183 2062/4081/2167
f 2130/2130/2182 2147/4091/2183 2131/2131/2168
f 2135/2135/2165 2093/2093/2118 2097/2097/2122
f 2093/2093/2118 2135/2135/2165 2099/2099/2123
f 2135/2135/2165 2134/2134/2164 2099/2099/2123
f 2099/2099/2123 2134/2134/2164 2103/2103/2184
f 2127/2127/2159 2149/2149/2190 2103/2103/2184
f 2102/2102/2128 2099/2099/2123 2103/2103/2184
f 2150/2150/2187 2151/2151/2185 2152/2152/2189
f 2153/2153/2202 2151/2151/2185 2150/2150/2187
f 2154/2154/2186 2153/2153/2202 2150/2150/2187
f 2155/2155/2204 2153/2153/2202 2154/2154/2186
f 2156/2156/2188 2155/2155/2204 2154/2154/2186
f 2111/4083/2174 2107/4082/2134 2157/2157/2198
f 2156/2156/2188 2157/2157/2198 2107/4082/2134
f 2152/2152/2189 2103/2103/2184 2149/2149/2190
f 2149/2149/2190 2158/2158/2191 2159/2159/2192
f 2159/2159/2192 2152/2152/2189 2149/2149/2190
f 2159/2159/2192 2150/2150/2187 2152/2152/2189
f 2154/2154/2186 2150/2150/2187 2159/2159/2192
f 2138/2138/2193 2149/2149/2190 2127/2127/2159
f 2158/2158/2191 2149/2149/2190 2138/2138/2193
f 2160/2160/2194 2158/2158/2191 2138/2138/2193
f 2138/2138/2193 2136/2136/2166 2137/2137/2171
f 2160/2160/2194 2138/2138/2193 2137/2137/2171
f 2141/2141/2173 2160/2160/2194 2137/2137/2171
f 2160/2160/2194 2141/2141/2173 2161/2161/2195
f 2143/2143/2196 2161/2161/2195 2141/2141/2173
f 2158/2158/2191 2160/2160/2194 2161/2161/2195
f 2111/4083/2174 2157/2157/2198 2162/2162/2197
f 2163/2163/2201 2162/2162/2197 2157/2157/2198
f 2161/2161/2195 2143/2143/2196 2163/2163/2201
f 2143/2143/2196 2162/2162/2197 2163/2163/2201
f 2110/2110/2138 2111/2111/2174 2065/2065/2088
f 2162/2162/2197 2140/2140/2175 2111/4083/2174
f 2143/2143/2196 2140/2140/2175 2162/2162/2197
f 2164/2164/2199 2165/2165/2200 2163/2163/2201
f 2165/2165/2200 2159/2159/2192 2158/2158/2191
f 2165/2165/2200 2154/2154/2186 2159/2159/2192
f 2154/2154/2186 2165/2165/2200 2164/2164/2199
f 2164/2164/2199 2163/2163/2201 2157/2157/2198
f 2158/2158/2191 2161/2161/2195 2165/2165/2200
f 2163/2163/2201 2165/2165/2200 2161/2161/2195
f 2164/2164/2199 2156/2156/2188 2154/2154/2186
f 2164/2164/2199 2157/2157/2198 2156/2156/2188
f 2103/2103/2184 2119/2119/2145 461/461/2127
f 2152/2152/2189 2119/2119/2145 2103/2103/2184
f 2118/2118/2203 2119/2119/2145 2151/2151/2185
f 2119/2119/2145 2152/2152/2189 2151/2151/2185
f 2153/2153/2202 2118/2118/2203 2151/2151/2185
f 2155/2155/2204 2120/4087/2149 2116/2116/2150
f 2155/2155/2204 2118/2118/2203 2153/2153/2202
f 2116/2116/2150 2118/2118/2203 2155/2155/2204
f 2107/4082/2134 2120/4087/2149 2156/2156/2188
f 2156/2156/2188 2120/4087/2149 2155/2155/2204
f 2166/2166/2205 2167/2167/2206 2168/2168/2207
f 2166/2166/2205 2169/2169/2261 2167/2167/2206
f 2170/2170/2209 2169/2169/2261 2166/2166/2205
f 2171/2171/2272 2170/2170/2209 2166/2166/2205
f 2172/2172/2266 2169/2169/2261 2170/2170/2209
f 2173/2173/2208 2172/2172/2266 2170/2170/2209
f 2173/2173/2208 2174/2174/2210 2172/2172/2266
f 2175/2175/2274 2170/2170/2209 2171/2171/2272
f 2175/2175/2274 2173/2173/2208 2170/2170/2209
f 2175/2175/2274 2176/2176/2278 2173/2173/2208
f 2177/2177/2243 2178/2178/2214 2179/2179/2211
f 2178/2178/2214 2177/2177/2243 2180/2180/2285
f 2181/2181/2216 2178/2178/2214 2180/2180/2285
f 2180/2180/2285 2182/2182/2212 2181/2181/2216
f 2183/2183/2213 2178/2178/2214 2184/2184/2218
f 2183/2183/2213 2179/2179/2211 2178/2178/2214
f 2185/2185/2312 2186/2186/2224 2179/2179/2211
f 2181/2181/2216 2182/2182/2212 2187/2187/2215
f 2188/2188/2222 2187/4097/2215 2189/2189/2299
f 2181/2181/2216 2184/2184/2218 2178/2178/2214
f 2181/2181/2216 2190/2190/2217 2184/2184/2218
f 2191/2191/2219 2190/2190/2217 2181/2181/2216
f 2192/2192/2220 2183/2183/2213 2184/2184/2218
f 2190/2190/2217 2192/2192/2220 2184/2184/2218
f 2193/2193/2221 2190/2190/2217 2191/2191/2219
f 2188/4098/2222 2193/2193/2221 2191/2191/2219
f 2181/2181/2216 2187/2187/2215 2191/2191/2219
f 2191/2191/2219 2187/2187/2215 2188/4098/2222
f 2194/2194/2287 2195/2195/2223 2196/2196/2226
f 2186/2186/2224 2195/2195/2223 2194/2194/2287
f 2197/2197/2225 2198/2198/2270 2199/2199/2227
f 2200/2200/2284 2196/2196/2226 2199/2199/2227
f 2196/2196/2226 2200/2200/2284 2194/2194/2287
f 2201/2201/2230 2202/2202/2228 2203/2203/2229
f 2202/2202/2228 2201/2201/2230 2204/2204/2231
f 2205/2205/2567 2195/2195/2223 2186/2186/2224
f 2195/2195/2223 2206/2206/2232 2207/2207/2233
f 2208/2208/2240 2207/2207/2233 2209/2209/2234
f 2206/2206/2232 2209/2209/2234 2207/2207/2233
f 2209/2209/2234 2206/2206/2232 2210/2210/2568
f 2205/2205/2567 2206/2206/2232 2195/2195/2223
f 2203/2203/2229 2209/2209/2234 2201/2201/2230
f 2211/2211/2235 2212/2212/2260 2213/2213/2237
f 2212/2212/2260 2214/2214/2236 2213/2213/2237
f 2213/2213/2237 2214/2214/2236 2215/2215/2239
f 2216/2216/2238 2202/2202/2661 2215/2215/2239
f 2215/2215/2239 2202/2202/2661 2213/2213/2237
f 2208/2208/2240 2196/2196/2226 2207/2207/2233
f 2207/2207/2233 2196/2196/2226 2195/2195/2223
f 2199/2199/2227 2196/2196/2226 2208/2208/2240
f 2216/2216/2241 2208/2208/2240 2203/2203/2229
f 2208/2208/2240 2197/2197/2225 2199/2199/2227
f 2197/2197/2225 2208/2208/2240 2216/2216/2241
f 2216/2216/2238 2214/2214/2236 2197/2197/2242
f 2214/2214/2236 2216/2216/2238 2215/2215/2239
f 2208/2208/2240 2209/2209/2234 2203/2203/2229
f 2216/2216/2241 2203/2203/2229 2202/2202/2228
f 2194/2194/2287 2200/2200/2284 2177/2177/2243
f 2217/2217/2256 2218/2218/2244 2219/2219/2334
f 2217/2217/2256 2220/2220/2245 2218/2218/2244
f 2221/2221/2255 2205/2205/2567 2186/2186/2224
f 2222/2222/2246 2223/2223/2579 2221/2221/2255
f 2205/2205/2567 2221/2221/2255 2223/2223/2579
f 2224/2224/2249 2225/2225/2248 2226/2226/2251
f 2227/2227/2247 2225/2225/2248 2224/2224/2249
f 2228/2228/2250 2225/2225/2248 2227/2227/2247
f 2228/2228/2250 2227/2227/2247 2217/2217/2256
f 2219/2219/2334 2225/2225/2248 2228/2228/2250
f 2225/2225/2248 2229/2229/2339 2226/2226/2251
f 2227/2227/2247 2230/2230/2253 2231/2231/2254
f 2224/2224/2249 2230/2230/2253 2227/2227/2247
f 2232/2232/2252 2226/2226/2251 2229/2229/2339
f 2230/2230/2253 2224/2224/2249 2226/2226/2251
f 2226/2226/2251 2233/2233/2582 2230/2230/2253
f 2217/2217/2256 2227/2227/2247 2231/2231/2254
f 2231/2231/2254 2221/2221/2255 2217/2217/2256
f 2222/2222/2246 2221/2221/2255 2231/2231/2254
f 2221/2221/2255 2186/2186/2224 2220/2220/2245
f 2221/2221/2255 2220/2220/2245 2217/2217/2256
f 2228/2228/2250 2217/2217/2256 2219/2219/2334
f 2234/2234/2257 2235/2235/2306 2236/2236/2302
f 2235/2235/2306 2234/2234/2257 2237/2237/2258
f 2238/2238/2350 2239/2239/2360 2237/2237/2258
f 2167/2167/2206 2240/2240/2259 2168/2168/2207
f 2167/2167/2206 2212/2212/2260 2240/2240/2259
f 2212/2212/2260 2241/2241/2263 2240/2240/2259
f 2167/2167/2206 2169/2169/2261 2212/2212/2260
f 2168/4093/2207 2242/2242/2271 2243/2243/2262
f 2240/2240/2259 2242/4101/2271 2168/2168/2207
f 2240/2240/2259 2241/2241/2263 1986/1986/1999
f 2241/2241/2263 1987/1987/2000 1986/1986/1999
f 2242/4101/2271 2240/2240/2259 1986/1986/1999
f 2241/2241/2263 2212/2212/2260 2211/2211/2235
f 2211/2211/2235 1987/1987/2000 2241/2241/2263
f 2212/2212/2260 2169/2169/2261 2214/2214/2236
f 1985/1985/1998 1987/1987/2000 2244/2244/2264
f 2245/2245/2275 1985/1985/1998 2244/2244/2264
f 2246/2246/2265 2198/2198/2270 2247/2247/2267
f 2169/2169/2261 2172/2172/2266 2247/2247/2267
f 2174/2174/2210 2247/2247/2267 2172/2172/2266
f 2248/2248/2277 2247/2247/2267 2174/2174/2210
f 2198/2198/2270 2246/2246/2265 2249/2249/2268
f 2169/2169/2261 2247/2247/2267 2214/2214/2236
f 2247/2247/2267 2198/2198/2270 2214/2214/2236
f 2197/2197/2242 2214/2214/2236 2198/2198/2270
f 2250/2250/2269 2200/2200/2284 2199/2199/2227
f 2249/2249/2268 2250/2250/2269 2198/2198/2270
f 2198/2198/2270 2250/2250/2269 2199/2199/2227
f 2168/4093/2207 2243/2243/2262 2166/4092/2205
f 2251/2251/2273 2243/2243/2262 2242/2242/2271
f 1985/1985/1998 2242/2242/2271 1986/1986/1999
f 2251/2251/2273 2242/2242/2271 1985/1985/1998
f 2245/2245/2275 2251/2251/2273 1985/1985/1998
f 2171/4094/2272 2166/4092/2205 2243/2243/2262
f 2171/4094/2272 2243/2243/2262 2251/2251/2273
f 2171/4094/2272 2251/2251/2273 2175/4095/2274
f 2176/4096/2278 2175/4095/2274 2251/2251/2273
f 2245/2245/2275 2252/2252/2276 2251/2251/2273
f 2253/2253/2279 2248/2248/2277 2174/2174/2210
f 2176/2176/2278 2253/2253/2279 2173/2173/2208
f 2253/2253/2279 2174/2174/2210 2173/2173/2208
f 2253/4105/2279 2254/2254/2281 2248/4104/2277
f 2252/2252/2276 2176/4096/2278 2251/2251/2273
f 2245/2245/2275 2253/4105/2279 2252/2252/2276
f 2253/4105/2279 2176/4096/2278 2252/2252/2276
f 2254/2254/2281 2253/4105/2279 2245/2245/2275
f 2245/2245/2275 2255/2255/2280 2254/2254/2281
f 2255/2255/2280 2245/2245/2275 2256/2256/2283
f 2257/2257/2282 1987/1987/2000 2211/2211/2235
f 1987/1987/2000 2257/2257/2282 2244/2244/2264
f 2256/2256/2283 2245/2245/2275 2244/2244/2264
f 2258/2258/2286 2200/2200/2284 2250/2250/2269
f 2200/2200/2284 2180/2180/2285 2177/2177/2243
f 2180/2180/2285 2200/2200/2284 2258/2258/2286
f 2186/2186/2224 2194/2194/2287 2179/2179/2211
f 2194/2194/2287 2177/2177/2243 2179/2179/2211
f 2259/2259/2288 2260/2260/2289 2258/2258/2290
f 2261/2261/2291 2259/2259/2292 2247/2247/2267
f 2260/2260/2289 2259/2259/2288 2261/4107/2293
f 2182/2182/2212 2180/2180/2285 2258/2258/2286
f 2248/4103/2277 2261/4110/2291 2247/4102/2267
f 2182/2182/2212 2258/2258/2290 2260/2260/2289
f 2249/2249/2268 2258/2258/2286 2250/2250/2269
f 2259/2259/2294 2258/2258/2286 2249/2249/2268
f 2249/2249/2268 2246/2246/2265 2247/2247/2295
f 2247/2247/2296 2259/2259/2297 2249/2249/2298
f 2189/2189/2299 2260/4106/2289 2261/4108/2293
f 2261/4108/2293 2262/2262/2301 2189/2189/2299
f 2263/2263/2300 2262/4111/2301 2261/4109/2305
f 2187/2187/2215 2182/2182/2212 2260/2260/2289
f 2189/2189/2299 2262/2262/2301 2236/2236/2302
f 2236/4100/2302 2262/4111/2301 2264/2264/2303
f 2263/2263/2300 2264/2264/2303 2262/4111/2301
f 2185/2185/2312 2220/2220/2245 2186/2186/2224
f 2265/2265/2304 2189/2189/2299 2236/2236/2302
f 2254/2254/2281 2261/4109/2305 2248/4104/2277
f 2263/2263/2300 2261/4109/2305 2254/2254/2281
f 2189/2189/2299 2187/4097/2215 2260/4106/2289
f 2255/2255/2280 2263/2263/2300 2254/2254/2281
f 2256/2256/2283 2263/2263/2300 2255/2255/2280
f 2188/2188/2222 2189/2189/2299 2265/2265/2304
f 2236/4100/2302 2264/2264/2303 2234/4099/2257
f 2266/2266/2699 2264/2264/2303 2263/2263/2300
f 2235/2235/2306 2265/2265/2304 2236/2236/2302
f 2239/2239/2360 2235/2235/2306 2237/2237/2258
f 2263/2263/2300 2256/2256/2283 2266/2266/2699
f 2267/2267/2323 2268/2268/2307 2269/2269/2308
f 2270/2270/2384 2183/2183/2213 2192/2192/2220
f 2270/2270/2384 2271/2271/2310 2183/2183/2213
f 2272/2272/2385 2192/2192/2220 2190/2190/2217
f 2272/2272/2385 2270/2270/2384 2192/2192/2220
f 2179/2179/2211 2271/2271/2310 2273/2273/2316
f 2274/2274/2309 2271/2271/2310 2270/2270/2384
f 2273/2273/2316 2271/2271/2310 2275/2275/2311
f 2274/2274/2309 2275/2275/2311 2271/2271/2310
f 2220/2220/2245 2185/2185/2312 2276/2276/2313
f 2277/2277/2315 2220/2220/2245 2276/2276/2313
f 2278/2278/2314 2269/2269/2308 2268/2268/2307
f 2268/2268/2307 2279/2279/2333 2278/2278/2314
f 2280/2280/2320 2278/2278/2314 2279/2279/2333
f 2277/2277/2315 2281/2281/2321 2280/2280/2320
f 2276/2276/2313 2281/2281/2321 2277/2277/2315
f 2279/2279/2333 2277/2277/2315 2280/2280/2320
f 2271/2271/2310 2179/2179/2211 2183/2183/2213
f 2193/2193/2221 2282/2282/2386 2190/2190/2217
f 2282/2282/2386 2193/2193/2221 2188/4098/2222
f 2185/2185/2312 2179/2179/2211 2273/2273/2316
f 2276/2276/2313 2185/2185/2312 2273/2273/2316
f 2276/2276/2313 2283/2283/2324 2281/2281/2321
f 2273/2273/2316 2275/2275/2311 2284/2284/2425
f 2273/2273/2316 2284/2284/2425 2285/2285/2325
f 2286/2286/2317 2285/2285/2325 2284/2284/2425
f 2285/2285/2325 2286/2286/2317 2287/2287/2318
f 2288/2288/2327 2289/2289/2319 2280/2280/2320
f 2280/2280/2320 2281/2281/2321 2288/2288/2327
f 2288/2288/2327 2290/2290/2322 2289/2289/2319
f 2289/2289/2319 2269/2269/2308 2278/2278/2314
f 2267/2267/2323 2269/2269/2308 2289/2289/2319
f 2289/2289/2319 2278/2278/2314 2280/2280/2320
f 2267/2267/2323 2289/2289/2319 2290/2290/2322
f 2267/2267/2323 2290/2290/2322 2291/2291/2373
f 2276/2276/2313 2285/2285/2325 2283/2283/2324
f 2283/2283/2324 2288/2288/2327 2281/2281/2321
f 2283/2283/2324 2285/2285/2325 2292/2292/2326
f 2283/2283/2324 2292/2292/2326 2288/2288/2327
f 2276/2276/2313 2273/2273/2316 2285/2285/2325
f 2292/2292/2326 2290/2290/2322 2288/2288/2327
f 2292/2292/2326 2285/2285/2325 2287/2287/2318
f 2292/2292/2326 2287/2287/2318 2293/2293/2328
f 2294/2294/2329 2295/2295/2330 2296/2296/2365
f 2297/2297/2331 2296/2296/2365 2295/2295/2330
f 2298/2298/2332 2294/2294/2329 2299/2299/2367
f 2295/2295/2330 2294/2294/2329 2298/2298/2332
f 2229/2229/2339 2300/2300/2335 2301/2301/2336
f 2279/2279/2333 2219/2219/2334 2218/2218/2244
f 2219/2219/2334 2279/2279/2333 2300/2300/2335
f 2225/2225/2248 2219/2219/2334 2300/2300/2335
f 2225/2225/2248 2300/2300/2335 2229/2229/2339
f 2229/2229/2339 2301/2301/2336 2267/2267/2323
f 2300/2300/2335 2268/2268/2307 2301/2301/2336
f 2267/2267/2323 2301/2301/2336 2268/2268/2307
f 2268/2268/2307 2300/2300/2335 2279/2279/2333
f 2302/2302/2337 2303/2303/2338 2304/2304/2346
f 2229/2229/2339 2267/2267/2323 2305/2305/2340
f 2306/2306/2348 2307/2307/2343 2308/2308/2341
f 2308/2308/2341 2309/2309/2352 2310/2310/2356
f 2309/2309/2352 2308/2308/2341 2311/2311/2342
f 2311/2311/2342 2304/2304/2346 2309/2309/2352
f 2311/2311/2342 2308/2308/2341 2307/2307/2343
f 2307/2307/2343 2312/2312/2344 2311/2311/2342
f 2313/2313/2345 2311/2311/2342 2312/2312/2344
f 2314/2314/2674 2312/2312/2344 2307/2307/2343
f 2315/2315/2349 2314/2314/2674 2307/2307/2343
f 2311/2311/2342 2313/2313/2345 2304/2304/2346
f 2304/2304/2346 2313/2313/2345 2316/2316/2347
f 2306/2306/2348 2315/2315/2349 2307/2307/2343
f 2238/2238/2350 2315/2315/2349 2306/2306/2348
f 2317/2317/2351 2309/2309/2352 2304/2304/2346
f 2304/2304/2346 2303/2303/2338 2317/2317/2351
f 2302/2302/2337 2304/2304/2346 2316/2316/2347
f 2318/2318/2353 2302/2302/2337 2316/2316/2347
f 2220/2220/2245 2277/2277/2315 2218/2218/2244
f 2279/2279/2333 2218/2218/2244 2277/2277/2315
f 2319/2319/2361 2308/2308/2341 2310/2310/2356
f 2320/2320/2358 2321/2321/2354 2319/2319/2361
f 2320/2320/2358 2265/2265/2304 2321/2321/2354
f 2322/2322/2355 2323/2323/2357 2324/2324/2362
f 2310/2310/2356 2309/2309/2352 2323/2323/2357
f 2323/2323/2357 2309/2309/2352 2317/2317/2351
f 2325/2325/2363 2323/2323/2357 2317/2317/2351
f 2323/2323/2357 2319/2319/2361 2310/2310/2356
f 2322/2322/2355 2319/2319/2361 2323/2323/2357
f 2320/2320/2358 2319/2319/2361 2322/2322/2355
f 2326/2326/2359 2188/2188/2222 2265/2265/2304
f 2265/2265/2304 2320/2320/2358 2326/2326/2359
f 2320/2320/2358 2322/2322/2355 2327/2327/2366
f 2239/2239/2360 2321/2321/2354 2235/2235/2306
f 2239/2239/2360 2319/2319/2361 2321/2321/2354
f 2319/2319/2361 2239/2239/2360 2306/2306/2348
f 2319/2319/2361 2306/2306/2348 2308/2308/2341
f 2321/2321/2354 2265/2265/2304 2235/2235/2306
f 2306/2306/2348 2239/2239/2360 2238/2238/2350
f 2323/2323/2357 2325/2325/2363 2324/2324/2362
f 2317/2317/2351 2303/2303/2338 2325/2325/2363
f 2303/2303/2338 2328/2328/2364 2325/2325/2363
f 2303/2303/2338 2302/2302/2337 2329/2329/2368
f 2305/2305/2340 2267/2267/2323 2291/2291/2373
f 2329/2329/2368 2328/2328/2364 2303/2303/2338
f 2296/2296/2365 2327/2327/2366 2324/2324/2362
f 2327/2327/2366 2322/2322/2355 2324/2324/2362
f 2325/2325/2363 2294/2294/2329 2324/2324/2362
f 2320/2320/2358 2327/2327/2366 2297/2297/2331
f 2320/2320/2358 2297/2297/2331 2326/2326/2359
f 2297/2297/2331 2327/2327/2366 2296/2296/2365
f 2296/2296/2365 2324/2324/2362 2294/2294/2329
f 2325/2325/2363 2328/2328/2364 2299/2299/2367
f 2299/2299/2367 2294/2294/2329 2325/2325/2363
f 2329/2329/2368 2330/2330/2369 2328/2328/2364
f 2328/2328/2364 2330/2330/2369 2299/2299/2367
f 2331/2331/2427 2332/2332/2370 2293/2293/2328
f 2332/2332/2370 2331/2331/2427 2333/2333/2371
f 2332/2332/2370 2291/2291/2373 2290/2290/2322
f 2293/2293/2328 2290/2290/2322 2292/2292/2326
f 2293/2293/2328 2332/2332/2370 2290/2290/2322
f 2330/2330/2369 2329/2329/2368 2334/2334/2375
f 2330/2330/2369 2335/2335/2372 2299/2299/2367
f 2298/2298/2332 2299/2299/2367 2335/2335/2372
f 2330/2330/2369 2334/2334/2375 2335/2335/2372
f 2291/2291/2373 2332/2332/2370 2336/2336/2455
f 2335/2335/2372 2337/2337/2374 2298/2298/2332
f 2337/2337/2374 2335/2335/2372 2338/2338/2451
f 2335/2335/2372 2334/2334/2375 2338/2338/2451
f 2333/2333/2371 2336/2336/2455 2332/2332/2370
f 2334/2334/2375 2339/2339/2453 2338/2338/2451
f 2340/2340/2376 2339/2339/2453 2334/2334/2375
f 2336/2336/2455 2341/2341/2377 2291/2291/2373
f 2291/2291/2373 2341/2341/2377 2342/2342/2380
f 2339/2339/2453 2340/2340/2376 2343/2343/2460
f 2340/2340/2376 2329/2329/2368 2302/2302/2337
f 2329/2329/2368 2340/2340/2376 2334/2334/2375
f 2302/2302/2337 2344/2344/2378 2340/2340/2376
f 2345/2345/2379 2302/2302/2337 2318/2318/2353
f 2345/2345/2379 2344/2344/2378 2302/2302/2337
f 2305/2305/2340 2291/2291/2373 2342/2342/2380
f 2346/2346/2381 2344/2344/2378 2345/2345/2379
f 2346/2346/2381 2345/2345/2379 2347/2347/2382
f 2347/2347/2382 2348/2348/2557 2346/2346/2381
f 2190/2190/2217 2282/2282/2386 2272/2272/2385
f 2349/2349/2383 2274/2274/2309 2270/2270/2384
f 2270/2270/2384 2272/2272/2385 2349/2349/2383
f 2350/2350/2392 2349/2349/2383 2272/2272/2385
f 2350/2350/2392 2272/2272/2385 2282/2282/2386
f 2282/4112/2386 2351/2351/2387 2350/4113/2392
f 2351/2351/2387 2282/4112/2386 2352/2352/2388
f 2352/2352/2388 2282/4112/2386 2188/2188/2222
f 2188/2188/2222 2326/2326/2359 2352/2352/2388
f 2353/2353/2390 2274/2274/2309 2349/2349/2383
f 2354/2354/2389 2275/2275/2311 2274/2274/2309
f 2354/2354/2389 2355/2355/2426 2275/2275/2311
f 2353/2353/2390 2354/2354/2389 2274/2274/2309
f 2351/2351/2387 2356/2356/2391 2350/4113/2392
f 2356/4114/2391 2349/2349/2383 2350/2350/2392
f 2356/4114/2391 2353/2353/2390 2349/2349/2383
f 2357/2357/2395 2356/2356/2391 2351/2351/2387
f 2354/2354/2389 2353/2353/2390 2358/2358/2394
f 2359/2359/2393 2353/2353/2390 2356/4114/2391
f 2353/2353/2390 2359/2359/2393 2358/2358/2394
f 2358/2358/2394 2355/2355/2426 2354/2354/2389
f 2355/2355/2426 2284/2284/2425 2275/2275/2311
f 2352/2352/2388 2357/2357/2395 2351/2351/2387
f 2359/4115/2393 2356/2356/2391 2357/2357/2395
f 2360/2360/2469 2357/2357/2395 2352/2352/2388
f 2361/2361/2396 2352/2352/2388 2326/2326/2359
f 2326/2326/2359 2362/2362/2397 2361/2361/2396
f 2297/2297/2331 2362/2362/2397 2326/2326/2359
f 2362/2362/2397 2297/2297/2331 2295/2295/2330
f 2363/2363/2400 2364/2364/2409 2365/2365/2398
f 2366/2366/2399 2363/2363/2400 2365/2365/2398
f 2367/2367/2401 2363/2363/2400 2368/2368/2405
f 2363/2363/2400 2367/2367/2401 2364/2364/2409
f 2368/2368/2405 2363/2363/2400 2366/2366/2399
f 2367/2367/2401 2369/2369/2403 2364/2364/2409
f 2364/2364/2409 2369/2369/2403 2370/2370/2402
f 2371/2371/2407 2369/2369/2403 2367/2367/2401
f 2372/2372/2406 2367/2367/2401 2368/2368/2405
f 2373/2373/2486 2374/2374/2404 2368/4117/2405
f 2372/2372/2406 2371/2371/2407 2367/2367/2401
f 2374/4119/2404 2372/2372/2406 2368/2368/2405
f 2371/2371/2407 2372/2372/2406 2374/4119/2404
f 2375/2375/2489 2374/2374/2404 2373/2373/2486
f 2374/2374/2404 2376/2376/2416 2371/4118/2407
f 2377/2377/2408 2364/2364/2409 2370/2370/2402
f 2364/2364/2409 2377/2377/2408 2378/2378/2410
f 2379/2379/2413 2370/2370/2402 2369/2369/2403
f 2380/2380/2411 2381/2381/2412 2379/2379/2413
f 2377/2377/2408 2370/2370/2402 2382/2382/2415
f 2370/2370/2402 2379/2379/2413 2381/2381/2412
f 2370/2370/2402 2381/2381/2412 2382/2382/2415
f 2383/2383/2414 2382/2382/2415 2381/2381/2412
f 2371/2371/2407 2379/2379/2413 2369/2369/2403
f 2379/2379/2413 2371/2371/2407 2380/2380/2411
f 2376/2376/2416 2380/4120/2411 2371/4118/2407
f 2384/2384/2421 2376/2376/2416 2374/2374/2404
f 2385/2385/2420 2376/2376/2416 2384/2384/2421
f 2380/2380/2411 2386/2386/2417 2381/2381/2412
f 2386/2386/2417 2383/2383/2414 2381/2381/2412
f 2387/2387/2418 2383/2383/2414 2386/4121/2417
f 2388/2388/2419 2377/2377/2408 2382/2382/2415
f 2388/2388/2419 2382/2382/2415 2383/2383/2414
f 2389/2389/2532 2377/2377/2408 2388/2388/2419
f 2390/2390/2422 2388/2388/2419 2383/2383/2414
f 2387/2387/2418 2390/2390/2422 2383/2383/2414
f 2390/2390/2422 2389/2389/2532 2388/2388/2419
f 2386/4121/2417 2380/4120/2411 2376/2376/2416
f 2386/4121/2417 2376/2376/2416 2385/2385/2420
f 2387/2387/2418 2386/4121/2417 2385/2385/2420
f 2387/2387/2418 2385/2385/2420 2384/2384/2421
f 2387/2387/2418 2384/2384/2421 2390/2390/2422
f 2391/2391/2423 2355/2355/2426 2358/2358/2394
f 2392/2392/2424 2284/2284/2425 2355/2355/2426
f 2392/2392/2424 2355/2355/2426 2391/2391/2423
f 2392/2392/2424 2393/2393/2445 2284/2284/2425
f 2287/2287/2318 2331/2331/2427 2293/2293/2328
f 2287/2287/2318 2286/2286/2317 2394/2394/2428
f 2287/2287/2318 2394/2394/2428 2331/2331/2427
f 2394/2394/2428 2286/2286/2317 2395/2395/2429
f 2358/2358/2394 2359/2359/2393 2396/2396/2430
f 2396/2396/2430 2391/2391/2423 2358/2358/2394
f 2396/2396/2430 2359/2359/2393 2397/2397/2431
f 2357/2357/2395 2397/4122/2431 2359/4115/2393
f 2357/2357/2395 2360/2360/2469 2398/2398/2435
f 2360/2360/2469 2352/2352/2388 2361/2361/2396
f 2399/2399/2432 2391/2391/2423 2396/2396/2430
f 2396/2396/2430 2397/2397/2431 2399/2399/2432
f 2392/2392/2424 2391/2391/2423 2400/2400/2433
f 2399/2399/2432 2400/2400/2433 2391/2391/2423
f 2398/2398/2435 2397/4122/2431 2357/2357/2395
f 2401/2401/2434 2397/2397/2431 2398/4123/2435
f 2298/2298/2332 2402/2402/2436 2295/2295/2330
f 2362/2362/2397 2295/2295/2330 2402/2402/2436
f 2402/2402/2436 2298/2298/2332 2337/2337/2374
f 2403/2403/2437 2402/2402/2436 2337/2337/2374
f 2404/2404/2452 2337/2337/2374 2405/2405/2438
f 2403/2403/2437 2337/2337/2374 2404/2404/2452
f 2406/2406/2439 2362/2362/2397 2402/2402/2436
f 2407/2407/2466 2402/2402/2436 2403/2403/2437
f 2361/2361/2396 2362/2362/2397 2406/2406/2439
f 2406/2406/2439 2402/2402/2436 2407/2407/2466
f 2408/2408/2465 2361/2361/2396 2406/2406/2439
f 2407/2407/2466 2408/2408/2465 2406/2406/2439
f 2331/2331/2427 2394/2394/2428 2395/2395/2429
f 2333/2333/2371 2331/2331/2427 2409/2409/2440
f 2395/2395/2429 2409/2409/2440 2331/2331/2427
f 2286/2286/2317 2284/2284/2425 2410/2410/2444
f 2395/2395/2429 2286/2286/2317 2410/2410/2444
f 2395/2395/2429 2410/2410/2444 2411/2411/2441
f 2400/2400/2433 2393/2393/2445 2392/2392/2424
f 2412/2412/2449 2393/2393/2445 2400/2400/2433
f 2413/2413/2442 2412/2412/2449 2400/2400/2433
f 2414/2414/2443 2410/2410/2444 2284/2284/2425
f 2393/2393/2445 2414/2414/2443 2284/2284/2425
f 2401/2401/2434 2399/2399/2432 2397/2397/2431
f 2399/2399/2432 2413/2413/2442 2400/2400/2433
f 2398/4123/2435 2415/2415/2471 2401/2401/2434
f 2360/2360/2469 2415/4124/2471 2398/2398/2435
f 2401/2401/2434 2413/2413/2442 2399/2399/2432
f 2416/2416/2446 2413/2413/2442 2401/2401/2434
f 2417/2417/2447 2360/2360/2469 2361/2361/2396
f 2361/2361/2396 2418/2418/2448 2417/2417/2447
f 2361/2361/2396 2408/2408/2465 2418/2418/2448
f 2412/2412/2449 2413/2413/2442 2419/2419/2450
f 2420/2420/2491 2413/2413/2442 2416/2416/2446
f 2410/2410/2444 2414/2414/2443 2411/2411/2441
f 2338/2338/2451 2405/2405/2438 2337/2337/2374
f 2404/2404/2452 2405/2405/2438 2421/2421/2454
f 2405/2405/2438 2338/2338/2451 2339/2339/2453
f 2421/2421/2454 2403/2403/2437 2404/2404/2452
f 2407/2407/2466 2403/2403/2437 2422/2422/2467
f 2422/2422/2467 2403/2403/2437 2421/2421/2454
f 2336/2336/2455 2333/2333/2371 2423/2423/2456
f 2423/2423/2456 2333/2333/2371 2409/2409/2440
f 2424/2424/2457 2336/2336/2455 2423/2423/2456
f 2336/2336/2455 2424/2424/2457 2341/2341/2377
f 2425/2425/2458 2409/2409/2440 2395/2395/2429
f 2339/2339/2453 2426/2426/2459 2405/2405/2438
f 2421/2421/2454 2405/2405/2438 2426/2426/2459
f 2426/2426/2459 2339/2339/2453 2343/2343/2460
f 2421/2421/2454 2426/2426/2459 2427/2427/2461
f 2426/2426/2459 2343/2343/2460 2428/2428/2464
f 2427/2427/2461 2429/2429/2462 2421/2421/2454
f 2422/2422/2467 2421/2421/2454 2429/2429/2462
f 2427/2427/2461 2426/2426/2459 2428/2428/2464
f 2430/2430/2463 2427/2427/2461 2428/2428/2464
f 2408/2408/2465 2407/2407/2466 2431/2431/2468
f 2407/2407/2466 2422/2422/2467 2431/2431/2468
f 2431/2431/2468 2422/2422/2467 2429/2429/2462
f 2432/2432/2507 2431/2431/2468 2429/2429/2462
f 2432/2432/2507 2408/2408/2465 2431/2431/2468
f 2360/2360/2469 2433/2433/2470 2415/4124/2471
f 2401/2401/2434 2415/2415/2471 2434/2434/2514
f 2401/2401/2434 2434/2434/2514 2416/2416/2446
f 2360/2360/2469 2417/2417/2447 2433/2433/2470
f 2433/2433/2470 2417/2417/2447 2435/2435/2472
f 2433/2433/2470 2435/2435/2472 2436/2436/2473
f 2436/2436/2473 2435/2435/2472 2417/2417/2447
f 2436/2436/2473 2417/2417/2447 2418/2418/2448
f 2418/2418/2448 2433/2433/2470 2436/2436/2473
f 2434/2434/2514 2415/2415/2471 2433/4125/2470
f 2434/2434/2514 2420/2420/2491 2416/2416/2446
f 2433/4126/2470 2437/2437/2474 2434/4127/2514
f 2438/2438/2475 2434/4127/2514 2437/2437/2474
f 2439/2439/2476 2434/2434/2514 2438/4129/2475
f 2437/4128/2477 2440/2440/2482 2441/2441/2478
f 2437/4128/2477 2441/2441/2478 2438/4130/2479
f 2438/4129/2480 2441/4131/2478 2439/2439/2483
f 2437/4128/2474 2433/2433/2470 2418/2418/2448
f 2442/2442/2481 2437/4128/2474 2418/2418/2448
f 2437/4128/2477 2442/2442/2481 2440/2440/2482
f 2366/2366/2399 2365/2365/2398 2441/4131/2478
f 2443/2443/2487 2366/4116/2399 2441/2441/2478
f 2366/4116/2399 2443/2443/2487 2444/2444/2485
f 2443/2443/2487 2441/2441/2478 2440/2440/2482
f 2378/2378/2410 2365/2365/2398 2364/2364/2409
f 2441/4131/2478 2365/2365/2398 2378/2378/2410
f 2439/2439/2483 2441/4131/2478 2378/2378/2410
f 2408/2408/2465 2445/2445/2484 2418/2418/2448
f 2446/2446/2490 2440/2440/2482 2442/2442/2481
f 2366/4116/2399 2444/2444/2485 2368/4117/2405
f 2373/2373/2486 2368/4117/2405 2444/2444/2485
f 2373/2373/2486 2444/2444/2485 2443/2443/2487
f 2373/2373/2486 2443/2443/2487 2375/2375/2489
f 2375/2375/2489 2447/2447/2488 2384/2384/2421
f 2374/2374/2404 2375/2375/2489 2384/2384/2421
f 2375/2375/2489 2443/2443/2487 2446/2446/2490
f 2443/2443/2487 2440/2440/2482 2446/2446/2490
f 2375/2375/2489 2446/2446/2490 2447/2447/2488
f 2344/2344/2378 2343/2343/2460 2340/2340/2376
f 2448/2448/2495 2414/2414/2443 2393/2393/2445
f 2420/2420/2491 2419/2419/2450 2413/2413/2442
f 2448/2448/2495 2393/2393/2445 2412/2412/2449
f 2448/2448/2495 2412/2412/2449 2419/2419/2450
f 2449/2449/2492 2419/2419/2450 2420/2420/2491
f 2411/2411/2441 2414/2414/2443 2450/2450/2493
f 2451/2451/2494 2448/2448/2495 2419/2419/2450
f 2449/2449/2492 2451/2451/2494 2419/2419/2450
f 2452/2452/2496 2450/2450/2493 2414/2414/2443
f 2453/2453/2497 2448/2448/2495 2451/2451/2494
f 2448/2448/2495 2452/2452/2496 2414/2414/2443
f 2423/2423/2456 2454/2454/2498 2424/2424/2457
f 2425/2425/2458 2423/2423/2456 2409/2409/2440
f 2425/2425/2458 2454/2454/2498 2423/2423/2456
f 2411/2411/2441 2425/2425/2458 2395/2395/2429
f 2450/2450/2493 2425/2425/2458 2411/2411/2441
f 2428/2428/2464 2343/2343/2460 2455/2455/2499
f 2429/2429/2462 2427/2427/2461 2430/2430/2463
f 2428/2428/2464 2456/2456/2505 2430/2430/2463
f 2424/2424/2457 2457/2457/2501 2341/2341/2377
f 2457/2457/2501 2424/2424/2457 2454/2454/2498
f 2458/2458/2500 2457/2457/2501 2454/2454/2498
f 2459/2459/2502 2425/2425/2458 2450/2450/2493
f 2459/2459/2502 2454/2454/2498 2425/2425/2458
f 2459/2459/2502 2458/2458/2500 2454/2454/2498
f 2430/2430/2463 2460/2460/2504 2429/2429/2462
f 2432/2432/2507 2429/2429/2462 2461/2461/2503
f 2461/2461/2503 2429/2429/2462 2460/2460/2504
f 2460/2460/2504 2430/2430/2463 2456/2456/2505
f 2462/2462/2546 2461/2461/2503 2460/2460/2504
f 2463/2463/2506 2461/2461/2503 2462/2462/2546
f 2445/2445/2484 2408/2408/2465 2464/2464/2508
f 2432/2432/2507 2461/2461/2503 2464/2464/2508
f 2464/2464/2508 2408/2408/2465 2432/2432/2507
f 2463/2463/2506 2464/2464/2508 2461/2461/2503
f 2465/2465/2526 2445/2445/2484 2464/2464/2508
f 2452/2452/2496 2448/2448/2495 2453/2453/2497
f 2466/2466/2513 2452/2452/2496 2453/2453/2497
f 2467/2467/2946 2468/2468/2509 2459/2459/2502
f 2341/2341/2377 2457/2457/2501 2342/2342/2380
f 2458/2458/2500 2469/2469/2510 2457/2457/2501
f 2468/2468/2509 2458/2458/2500 2459/2459/2502
f 2458/2458/2500 2468/2468/2509 2469/2469/2510
f 2469/2469/2510 2470/2470/2511 2457/2457/2501
f 2457/2457/2501 2470/2470/2511 2342/2342/2380
f 2468/2468/2509 2471/2471/2960 2469/2469/2510
f 2471/2471/2960 2470/2470/2511 2469/2469/2510
f 2450/2450/2493 2467/2467/2946 2459/2459/2502
f 2472/2472/2512 2450/2450/2493 2452/2452/2496
f 2472/2472/2512 2467/2467/2946 2450/2450/2493
f 2452/2452/2496 2466/2466/2513 2472/2472/2512
f 2466/2466/2513 2473/2473/2965 2472/2472/2512
f 2467/2467/2946 2471/2471/2960 2468/2468/2509
f 2474/2474/2963 2471/2471/2960 2467/2467/2946
f 2420/2420/2491 2434/2434/2514 2475/2475/2515
f 2475/2475/2515 2449/2449/2492 2420/2420/2491
f 2439/2439/2476 2475/2475/2515 2434/2434/2514
f 2475/2475/2515 2439/2439/2476 2476/2476/2516
f 2475/2475/2515 2476/2476/2516 2477/2477/2519
f 2439/2439/2483 2378/2378/2410 2476/2476/2517
f 2476/2476/2517 2378/2378/2410 2478/2478/2520
f 2442/2442/2481 2418/2418/2448 2445/2445/2484
f 2479/2479/2518 2442/2442/2481 2445/2445/2484
f 2446/2446/2490 2442/2442/2481 2479/2479/2518
f 2477/2477/2519 2449/2449/2492 2475/2475/2515
f 2480/2480/2527 2451/2451/2494 2449/2449/2492
f 2477/2477/2519 2480/2480/2527 2449/2449/2492
f 2377/2377/2408 2478/2478/2520 2378/2378/2410
f 2481/2481/2522 2480/2480/2527 2477/2477/2519
f 2482/2482/2523 2477/2477/2519 2476/2476/2516
f 2478/2478/2520 2482/2482/2521 2476/2476/2517
f 2481/2481/2522 2477/2477/2519 2482/2482/2523
f 2447/2447/2488 2483/2483/2541 2384/2384/2421
f 2390/2390/2422 2484/2484/2524 2389/2389/2532
f 2390/2390/2422 2384/2384/2421 2483/2483/2541
f 2390/2390/2422 2483/2483/2541 2484/2484/2524
f 2485/2485/2555 2446/2446/2490 2479/2479/2518
f 2485/2485/2555 2486/2486/2525 2446/2446/2490
f 2447/2447/2488 2446/2446/2490 2486/2486/2525
f 2465/2465/2526 2479/2479/2518 2445/2445/2484
f 2485/2485/2555 2479/2479/2518 2465/2465/2526
f 2480/2480/2527 2453/2453/2497 2451/2451/2494
f 2487/2487/2528 2453/2453/2497 2480/2480/2527
f 2488/2488/2534 2466/2466/2513 2453/2453/2497
f 2487/2487/2528 2488/2488/2534 2453/2453/2497
f 2481/2481/2522 2487/2487/2528 2480/2480/2527
f 2489/2489/2529 2482/2482/2521 2478/2478/2520
f 2490/2490/2530 2481/2481/2522 2482/2482/2523
f 2490/2490/2530 2482/2482/2521 2489/2489/2529
f 2478/2478/2520 2377/2377/2408 2489/2489/2529
f 2491/2491/2531 2489/2489/2529 2377/2377/2408
f 2492/2492/2536 2487/2487/2528 2481/2481/2522
f 2481/2481/2522 2490/2490/2530 2492/2492/2536
f 2484/2484/2524 2491/2491/2531 2389/2389/2532
f 2377/2377/2408 2389/2389/2532 2491/2491/2531
f 2493/2493/2533 2491/2491/2531 2484/2484/2524
f 2483/2483/2541 2493/2493/2533 2484/2484/2524
f 2488/2488/2534 2494/2494/2535 2466/2466/2513
f 2487/2487/2528 2495/2495/2949 2488/2488/2534
f 2495/2495/2949 2494/2494/2535 2488/2488/2534
f 2492/2492/2536 2496/2496/2537 2487/2487/2528
f 2495/2495/2949 2487/2487/2528 2496/2496/2537
f 2490/2490/2530 2497/2497/2538 2492/2492/2536
f 2497/2497/2538 2489/2489/2529 2491/2491/2531
f 2497/2497/2538 2490/2490/2530 2489/2489/2529
f 2492/2492/2536 2498/2498/2952 2499/2499/2954
f 2492/2492/2536 2499/2499/2954 2496/2496/2537
f 2497/2497/2538 2498/2498/2952 2492/2492/2536
f 2498/2498/2952 2497/2497/2538 2500/2500/2539
f 2497/2497/2538 2491/2491/2531 2493/2493/2533
f 2500/2500/2539 2497/2497/2538 2493/2493/2533
f 2501/2501/2540 2500/2500/2539 2493/2493/2533
f 2501/2501/2540 2493/2493/2533 2483/2483/2541
f 2501/2501/2540 2483/2483/2541 2502/2502/2542
f 2456/2456/2505 2428/2428/2464 2455/2455/2499
f 2346/2346/2381 2343/2343/2460 2344/2344/2378
f 2455/2455/2499 2343/2343/2460 2503/2503/2543
f 2503/2503/2543 2343/2343/2460 2346/2346/2381
f 2456/2456/2505 2455/2455/2499 2504/2504/2544
f 2503/2503/2543 2504/2504/2544 2455/2455/2499
f 2505/2505/2545 2456/2456/2505 2504/2504/2544
f 2460/2460/2504 2456/2456/2505 2462/2462/2546
f 2456/2456/2505 2505/2505/2545 2462/2462/2546
f 2462/2462/2546 2505/2505/2545 2506/2506/2547
f 2463/2463/2506 2462/2462/2546 2506/2506/2547
f 2463/2463/2506 2465/2465/2526 2464/2464/2508
f 2503/2503/2543 2346/2346/2381 2507/2507/2549
f 2504/2504/2544 2508/2508/2548 2505/2505/2545
f 2507/2507/2549 2504/2504/2544 2503/2503/2543
f 2507/2507/2549 2346/2346/2381 2348/2348/2557
f 2508/2508/2548 2504/2504/2544 2507/2507/2549
f 2507/2507/2549 2509/2509/2550 2508/2508/2548
f 2471/2471/2960 2510/2510/2961 2470/2470/2511
f 2508/2508/2548 2509/2509/2550 2511/2511/2559
f 2512/2512/2551 2508/2508/2548 2511/2511/2559
f 2506/2506/2547 2505/2505/2545 2512/2512/2551
f 2512/2512/2551 2505/2505/2545 2508/2508/2548
f 2465/2465/2526 2463/2463/2506 2513/2513/2552
f 2513/2513/2552 2463/2463/2506 2506/2506/2547
f 2465/2465/2526 2513/2513/2552 2514/2514/2554
f 2513/2513/2552 2515/2515/2553 2514/2514/2554
f 2506/2506/2547 2512/2512/2551 2515/2515/2553
f 2515/2515/2553 2513/2513/2552 2506/2506/2547
f 2514/2514/2554 2515/2515/2553 2485/2485/2555
f 2485/2485/2555 2515/2515/2553 2516/2516/2556
f 2515/2515/2553 2512/2512/2551 2516/2516/2556
f 2485/2485/2555 2516/2516/2556 2517/2517/2563
f 2507/2507/2549 2348/2348/2557 2518/2518/2562
f 2509/2509/2550 2507/2507/2549 2518/2518/2562
f 2509/2509/2550 2518/2518/2562 2519/2519/2970
f 2519/2519/2970 2518/2518/2562 2520/2520/2558
f 2511/2511/2559 2509/2509/2550 2519/2519/2970
f 2512/2512/2551 2511/2511/2559 2521/2521/2560
f 2521/2521/2560 2511/2511/2559 2519/2519/2970
f 2347/2347/2382 2522/2522/2561 2348/2348/2557
f 2518/2518/2562 2348/2348/2557 2522/2522/2561
f 2516/2516/2556 2512/2512/2551 2521/2521/2560
f 2517/2517/2563 2516/2516/2556 2523/2523/2564
f 2523/2523/2564 2524/2524/2566 2517/2517/2563
f 2485/2485/2555 2465/2465/2526 2514/2514/2554
f 2517/2517/2563 2486/2486/2525 2485/2485/2555
f 2447/2447/2488 2486/2486/2525 2517/2517/2563
f 2502/2502/2542 2483/2483/2541 2447/2447/2488
f 2447/2447/2488 2517/2517/2563 2525/2525/2565
f 2447/2447/2488 2525/2525/2565 2526/2526/3016
f 2525/2525/2565 2517/2517/2563 2524/2524/2566
f 2527/2527/2588 2528/2528/2665 2205/2205/2567
f 2529/2529/2663 2210/2210/2568 2530/2530/2569
f 2528/2528/2665 2530/2530/2569 2210/2210/2568
f 2529/2529/2663 2530/2530/2569 2531/2531/2571
f 2530/2530/2569 2528/2528/2665 2532/2532/2570
f 2532/2532/2570 2533/2533/2572 2530/2530/2569
f 2527/2527/2588 2532/2532/2570 2528/2528/2665
f 2531/2531/2571 2533/2533/2572 2534/2534/2573
f 2533/2533/2572 2531/2531/2571 2530/2530/2569
f 2535/2535/2607 2532/2532/2570 2527/2527/2588
f 2536/2536/2574 2533/2533/2572 2532/2532/2570
f 2537/2537/2575 2531/2531/2571 2534/2534/2573
f 2534/2534/2573 2533/2533/2572 2538/2538/2594
f 2538/2538/2594 2539/2539/2576 2534/2534/2573
f 2537/2537/2575 2534/2534/2573 2539/2539/2576
f 2539/2539/2577 2540/2540/2600 2537/2537/2575
f 2541/2541/2578 2223/2223/2579 2542/2542/2580
f 2543/2543/2581 2230/2230/2253 2233/2233/2582
f 2232/2232/2252 2233/2233/2582 2226/2226/2251
f 2544/2544/2583 2543/2543/2581 2233/2233/2582
f 2543/2543/2581 2545/2545/2584 2546/2546/2585
f 2546/2546/2585 2230/2230/2253 2543/2543/2581
f 2546/2546/2585 2545/2545/2584 2542/2542/2580
f 2547/2547/2626 2548/2548/2586 2549/2549/2587
f 2527/2527/2588 2223/2223/2579 2535/2535/2607
f 2223/2223/2579 2550/2550/2592 2535/2535/2607
f 2223/2223/2579 2541/2541/2578 2550/2550/2592
f 2232/2232/2252 2544/2544/2583 2233/2233/2582
f 2551/2551/2589 2544/2544/2583 2549/2549/2587
f 2232/2232/2252 2547/2547/2626 2544/2544/2583
f 2551/2551/2589 2545/2545/2584 2544/2544/2583
f 2541/2541/2578 2542/2542/2580 2545/2545/2584
f 2545/2545/2584 2543/2543/2581 2544/2544/2583
f 2552/2552/2591 2541/2541/2578 2545/2545/2584
f 2545/2545/2584 2551/2551/2589 2552/2552/2591
f 2553/2553/2590 2552/2552/2591 2551/2551/2589
f 2552/2552/2591 2550/2550/2592 2541/2541/2578
f 2553/2553/2590 2551/2551/2589 2549/2549/2587
f 2547/2547/2626 2549/2549/2587 2544/2544/2583
f 2554/2554/2629 2553/2553/2590 2548/2548/2586
f 2548/2548/2586 2553/2553/2590 2549/2549/2587
f 2533/2533/2572 2536/2536/2574 2538/2538/2594
f 2538/2538/2594 2536/2536/2574 2555/2555/2593
f 2532/2532/2570 2555/2555/2593 2536/2536/2574
f 2538/2538/2594 2555/2555/2593 2556/2556/2595
f 2557/2557/2596 2538/2538/2594 2556/2556/2595
f 2556/2556/2595 2558/2558/2597 2557/2557/2596
f 2557/2557/2598 2559/2559/2599 2539/2539/2577
f 2559/2559/2599 2540/2540/2600 2539/2539/2577
f 2539/2539/2576 2538/2538/2594 2557/2557/2596
f 2558/2558/2601 2559/2559/2599 2557/2557/2598
f 2560/2560/2602 2559/2559/2599 2558/2558/2601
f 2560/2560/2602 2540/2540/2600 2559/2559/2599
f 2540/2540/2600 2560/2560/2602 2561/2561/2603
f 2560/2560/2602 2558/2558/2601 2562/2562/2604
f 2257/2257/2282 2540/2540/2600 2561/2561/2603
f 2560/2560/2602 2562/2562/2604 2563/2563/2624
f 2560/2560/2602 2563/2563/2624 2564/2564/2748
f 2561/2561/2603 2560/2560/2602 2564/2564/2748
f 2565/2565/2605 2555/2555/2593 2532/2532/2570
f 2532/2532/2570 2535/2535/2607 2565/2565/2605
f 2566/2566/2606 2555/2555/2593 2565/2565/2605
f 2555/2555/2593 2566/2566/2606 2567/2567/2611
f 2568/2568/2609 2565/2565/2605 2535/2535/2607
f 2569/2569/2608 2566/2566/2606 2565/2565/2605
f 2535/2535/2607 2550/2550/2592 2570/2570/2610
f 2569/2569/2608 2565/2565/2605 2568/2568/2609
f 2568/2568/2609 2535/2535/2607 2570/2570/2610
f 2556/2556/2595 2555/2555/2593 2567/2567/2611
f 2556/2556/2595 2571/2571/2612 2558/2558/2597
f 2558/2558/2601 2571/2571/2613 2562/2562/2604
f 2556/2556/2595 2567/2567/2611 2572/2572/2614
f 2572/2572/2614 2573/2573/2615 2571/2571/2612
f 2571/2571/2612 2556/2556/2595 2572/2572/2614
f 2550/2550/2592 2552/2552/2591 2570/2570/2610
f 2570/2570/2610 2552/2552/2591 2553/2553/2590
f 2554/2554/2629 2570/2570/2610 2553/2553/2590
f 2567/2567/2611 2566/2566/2606 2572/2572/2614
f 2566/2566/2606 2569/2569/2608 2574/2574/2619
f 2572/2572/2614 2566/2566/2606 2574/2574/2619
f 2575/2575/2643 2574/2574/2619 2569/2569/2608
f 2576/2576/2617 2572/2572/2614 2574/2574/2619
f 2577/2577/2616 2576/2576/2617 2578/2578/2618
f 2578/2578/2618 2576/2576/2617 2574/2574/2619
f 2575/2575/2643 2578/2578/2618 2574/2574/2619
f 2579/2579/2620 2578/2578/2618 2575/2575/2643
f 2577/2577/2616 2578/2578/2618 2580/2580/2765
f 2563/2563/2624 2562/2562/2604 2571/2571/2613
f 2573/2573/2621 2563/2563/2624 2571/2571/2613
f 2573/2573/2615 2572/2572/2614 2576/2576/2617
f 2577/2577/2616 2573/2573/2615 2576/2576/2617
f 2573/2573/2621 2577/2577/2622 2563/2563/2624
f 2577/2577/2622 2580/2580/2623 2563/2563/2624
f 2581/2581/2625 2232/2232/2252 2305/2305/2340
f 2581/2581/2625 2547/2547/2626 2232/2232/2252
f 2582/2582/2707 2583/2583/2628 2584/2584/2627
f 2583/2583/2628 2582/2582/2707 2585/2585/2634
f 2586/2586/2712 2583/2583/2628 2587/2587/2637
f 2547/2547/2626 2588/2588/2631 2548/2548/2586
f 2570/2570/2610 2554/2554/2629 2589/2589/2630
f 2589/2589/2630 2554/2554/2629 2548/2548/2586
f 2548/2548/2586 2588/2588/2631 2589/2589/2630
f 2547/2547/2626 2581/2581/2625 2588/2588/2631
f 2589/2589/2630 2588/2588/2631 2590/2590/2639
f 2590/2590/2639 2588/2588/2631 2591/2591/2632
f 2590/2590/2639 2570/2570/2610 2589/2589/2630
f 2581/2581/2625 2591/2591/2632 2588/2588/2631
f 2592/2592/2633 2591/2591/2632 2581/2581/2625
f 2592/2592/2633 2590/2590/2639 2591/2591/2632
f 2585/2585/2634 2593/2593/2635 2583/2583/2628
f 2594/2594/2709 2585/2585/2634 2582/2582/2707
f 2585/2585/2634 2594/2594/2709 2595/2595/2636
f 2593/2593/2635 2587/2587/2637 2583/2583/2628
f 2595/2595/2636 2594/2594/2709 2596/2596/2736
f 2595/2595/2636 2593/2593/2635 2585/2585/2634
f 2596/2596/2736 2597/2597/2654 2595/2595/2636
f 2595/2595/2636 2597/2597/2654 2598/2598/2638
f 2590/2590/2639 2599/2599/2640 2570/2570/2610
f 2570/2570/2610 2599/2599/2640 2568/2568/2609
f 2600/2600/2641 2569/2569/2608 2568/2568/2609
f 2569/2569/2608 2600/2600/2641 2601/2601/2642
f 2601/2601/2642 2575/2575/2643 2569/2569/2608
f 2579/2579/2620 2575/2575/2643 2601/2601/2642
f 2602/2602/2807 2600/2600/2641 2568/2568/2609
f 2592/2592/2633 2581/2581/2625 2603/2603/2646
f 2590/2590/2639 2592/2592/2633 2604/2604/2651
f 2605/2605/2644 2599/2599/2640 2590/2590/2639
f 2604/2604/2651 2605/2605/2644 2590/2590/2639
f 2604/2604/2651 2606/2606/2648 2605/2605/2644
f 2606/2606/2648 2599/2599/2640 2605/2605/2644
f 2599/2599/2640 2602/2602/2807 2568/2568/2609
f 2599/2599/2640 2607/2607/2649 2602/2602/2807
f 2305/2305/2340 2608/2608/2645 2581/2581/2625
f 2595/2595/2636 2598/2598/2638 2593/2593/2635
f 2587/2587/2637 2593/2593/2635 2609/2609/2657
f 2598/2598/2638 2609/2609/2657 2593/2593/2635
f 2608/2608/2645 2603/2603/2646 2581/2581/2625
f 2610/2610/2647 2592/2592/2633 2603/2603/2646
f 2610/2610/2647 2604/2604/2651 2592/2592/2633
f 2611/2611/2653 2610/2610/2647 2603/2603/2646
f 2606/2606/2648 2607/2607/2649 2599/2599/2640
f 2610/2610/2647 2612/2612/2650 2604/2604/2651
f 2612/2612/2650 2606/2606/2648 2604/2604/2651
f 2610/2610/2647 2611/2611/2653 2612/2612/2650
f 2613/2613/2874 2607/2607/2649 2606/2606/2648
f 2612/2612/2650 2614/2614/2652 2606/2606/2648
f 2614/2614/2652 2613/2613/2874 2606/2606/2648
f 2608/2608/2645 2611/2611/2653 2603/2603/2646
f 2615/2615/2870 2611/2611/2653 2608/2608/2645
f 2611/2611/2653 2614/2614/2652 2612/2612/2650
f 2614/2614/2652 2611/2611/2653 2615/2615/2870
f 2598/2598/2638 2597/2597/2654 2616/2616/2655
f 2598/2598/2638 2616/2616/2655 2609/2609/2657
f 2617/2617/2656 2616/2616/2655 2597/2597/2654
f 2617/2617/2656 2618/2618/2822 2616/2616/2655
f 2587/2587/2637 2609/2609/2657 2619/2619/2658
f 2618/2618/2822 2609/2609/2657 2616/2616/2655
f 2618/2618/2822 2617/2617/2656 2620/2620/2747
f 2621/2621/2745 2620/2620/2747 2617/2617/2656
f 2587/2587/2637 2619/2619/2658 2622/2622/2819
f 2619/2619/2658 2609/2609/2657 2623/2623/2659
f 2618/2618/2822 2623/2623/2659 2609/2609/2657
f 2618/2618/2822 2620/2620/2747 2624/2624/2660
f 2202/2202/2661 2204/2204/2231 2625/2625/2662
f 2204/2204/2231 2626/2626/2667 2625/2625/2662
f 2204/2204/2231 2529/2529/2663 2627/2627/2664
f 2529/2529/2663 2204/2204/2231 2201/2201/2230
f 2627/2627/2664 2626/2626/2667 2204/2204/2231
f 2206/2206/2232 2205/2205/2567 2528/2528/2665
f 2201/2201/2230 2210/2210/2568 2529/2529/2663
f 2201/2201/2230 2209/2209/2234 2210/2210/2568
f 2528/2528/2665 2210/2210/2568 2206/2206/2232
f 2211/2211/2235 2213/2213/2237 2625/2625/2662
f 2202/2202/2661 2625/2625/2662 2213/2213/2237
f 2211/2211/2235 2625/2625/2662 2626/2626/2667
f 2211/2211/2235 2626/2626/2667 2257/2257/2282
f 2628/2628/2666 2244/2244/2264 2629/2629/2668
f 2257/2257/2282 2626/2626/2667 2540/2540/2600
f 2627/2627/2664 2529/2529/2663 2531/2531/2571
f 2627/2627/2664 2531/2531/2571 2537/2537/2575
f 2626/2626/2667 2627/2627/2664 2537/2537/2575
f 2626/2626/2667 2537/2537/2575 2540/2540/2600
f 2244/2244/2264 2257/2257/2282 2629/2629/2668
f 2223/2223/2579 2527/2527/2588 2205/2205/2567
f 2222/2222/2246 2542/2542/2580 2223/2223/2579
f 2222/2222/2246 2546/2546/2585 2542/2542/2580
f 2630/2630/2669 2631/2631/2670 2632/2632/2671
f 2631/2631/2670 2630/2630/2669 2633/2633/2672
f 2231/2231/2254 2230/2230/2253 2546/2546/2585
f 2546/2546/2585 2222/2222/2246 2231/2231/2254
f 2634/2634/2673 2635/2635/2676 2314/2314/2674
f 2634/2634/2673 2636/2636/2675 2635/2635/2676
f 2264/2264/2303 2630/2630/2669 2234/4099/2257
f 2266/2266/2699 2637/2637/2691 2264/2264/2303
f 2630/2630/2669 2632/2632/2671 2234/4099/2257
f 2264/2264/2303 2637/2637/2691 2630/2630/2669
f 2637/2637/2691 2628/2628/2666 2638/2638/2677
f 2237/2237/2258 2632/4132/2671 2639/2639/2678
f 2640/2640/2679 2314/2314/2674 2315/2315/2349
f 2314/2314/2674 2640/2640/2679 2634/2634/2673
f 2238/2238/2350 2639/2639/2678 2640/2640/2679
f 2634/2634/2673 2640/2640/2679 2639/2639/2678
f 2632/4132/2671 2237/2237/2258 2234/2234/2257
f 2238/2238/2350 2640/2640/2679 2315/2315/2349
f 2237/2237/2258 2639/2639/2678 2238/2238/2350
f 2632/4132/2671 2634/2634/2673 2639/2639/2678
f 2632/4132/2671 2636/2636/2675 2634/2634/2673
f 2633/2633/2672 2641/2641/2685 2631/2631/2670
f 2632/2632/2671 2631/2631/2670 2642/2642/2682
f 2642/2642/2682 2631/2631/2670 2643/2643/2680
f 2636/2636/2675 2644/2644/2681 2635/2635/2676
f 2644/2644/2681 2636/2636/2675 2645/2645/2684
f 2642/2642/2682 2646/2646/2683 2636/4133/2675
f 2646/2646/2683 2645/4134/2684 2636/4133/2675
f 2647/2647/2688 2643/2643/2680 2641/2641/2685
f 2631/2631/2670 2641/2641/2685 2643/2643/2680
f 2647/2647/2688 2648/2648/2686 2643/2643/2680
f 2643/2643/2680 2648/2648/2686 2642/2642/2682
f 2646/2646/2683 2642/2642/2682 2648/2648/2686
f 2645/4134/2684 2646/2646/2683 2648/2648/2686
f 2649/2649/2687 2648/2648/2686 2647/2647/2688
f 2649/2649/2687 2650/2650/2706 2648/2648/2686
f 2651/2651/2689 2649/2649/2687 2647/2647/2688
f 2652/2652/2720 2649/2649/2687 2651/2651/2689
f 2637/2637/2691 2633/2633/2672 2630/2630/2669
f 2633/2633/2672 2653/2653/2690 2641/2641/2685
f 2654/2654/2693 2653/2653/2690 2633/2633/2672
f 2633/2633/2672 2637/2637/2691 2654/2654/2693
f 2655/2655/2694 2653/2653/2690 2654/2654/2693
f 2656/2656/2692 2628/2628/2666 2629/2629/2668
f 2638/2638/2677 2654/2654/2693 2637/2637/2691
f 2656/2656/2692 2638/2638/2677 2628/2628/2666
f 2654/2654/2693 2638/2638/2677 2655/2655/2694
f 2655/2655/2694 2638/2638/2677 2656/2656/2692
f 2656/2656/2692 2629/2629/2668 2657/2657/2696
f 2658/2658/2697 2647/2647/2688 2641/2641/2685
f 2653/2653/2690 2658/2658/2697 2641/2641/2685
f 2658/2658/2697 2659/2659/2695 2647/2647/2688
f 2657/2657/2696 2655/2655/2694 2656/2656/2692
f 2655/2655/2694 2658/2658/2697 2653/2653/2690
f 2658/2658/2697 2655/2655/2694 2657/2657/2696
f 2636/4133/2675 2632/2632/2671 2642/2642/2682
f 2658/2658/2697 2657/2657/2696 2659/2659/2695
f 2659/2659/2695 2657/2657/2696 2660/2660/2740
f 2659/2659/2695 2660/2660/2740 2661/2661/2698
f 2651/2651/2689 2647/2647/2688 2659/2659/2695
f 2661/2661/2698 2651/2651/2689 2659/2659/2695
f 2256/2256/2283 2244/2244/2264 2628/2628/2666
f 2266/2266/2699 2256/2256/2283 2628/2628/2666
f 2628/2628/2666 2637/2637/2691 2266/2266/2699
f 2657/2657/2696 2629/2629/2668 2660/2660/2740
f 2662/2662/2700 2660/2660/2740 2629/2629/2668
f 2661/2661/2698 2660/2660/2740 2663/2663/2739
f 2305/2305/2340 2232/2232/2252 2229/2229/2339
f 2314/2314/2674 2664/2664/2701 2312/2312/2344
f 2313/2313/2345 2312/2312/2344 2664/2664/2701
f 2665/2665/2703 2316/2316/2347 2313/2313/2345
f 2316/2316/2347 2665/2665/2703 2586/2586/2712
f 2635/2635/2676 2666/2666/2702 2664/2664/2701
f 2644/2644/2681 2666/2666/2702 2635/2635/2676
f 2665/2665/2703 2664/2664/2701 2666/2666/2702
f 2665/2665/2703 2666/2666/2702 2667/2667/2704
f 2665/2665/2703 2667/2667/2704 2586/2586/2712
f 2664/2664/2701 2314/2314/2674 2635/2635/2676
f 2664/2664/2701 2665/2665/2703 2313/2313/2345
f 2586/2586/2712 2318/2318/2353 2316/2316/2347
f 2666/2666/2702 2584/2584/2627 2667/2667/2704
f 2644/2644/2681 2584/2584/2627 2666/2666/2702
f 2644/2644/2681 2668/2668/2705 2584/2584/2627
f 2583/2583/2628 2667/2667/2704 2584/2584/2627
f 2645/2645/2684 2668/2668/2705 2644/2644/2681
f 2668/2668/2705 2645/2645/2684 2650/4135/2706
f 2582/2582/2707 2668/2668/2705 2650/4135/2706
f 2669/2669/2708 2582/2582/2707 2650/4135/2706
f 2668/2668/2705 2582/2582/2707 2584/2584/2627
f 2669/2669/2708 2594/2594/2709 2582/2582/2707
f 2645/4134/2684 2648/2648/2686 2650/2650/2706
f 2649/2649/2687 2670/2670/2711 2650/2650/2706
f 2670/2670/2711 2671/2671/2710 2650/2650/2706
f 2652/2652/2720 2670/2670/2711 2649/2649/2687
f 2671/2671/2710 2670/2670/2711 2652/2652/2720
f 2586/2586/2712 2667/2667/2704 2583/2583/2628
f 2318/2318/2353 2586/2586/2712 2345/2345/2379
f 2671/4136/2710 2669/2669/2708 2650/4135/2706
f 2669/2669/2708 2672/2672/2725 2594/2594/2709
f 2672/2672/2725 2669/2669/2708 2671/4136/2710
f 2673/2673/2713 2674/2674/2715 2675/2675/2714
f 2675/2675/2714 2674/2674/2715 2671/4136/2710
f 2672/2672/2725 2671/4136/2710 2674/2674/2715
f 2652/2652/2720 2674/4138/2716 2673/4137/2717
f 2652/2652/2720 2673/4137/2717 2675/4139/2718
f 2652/2652/2720 2675/4139/2718 2671/2671/2710
f 2676/2676/2719 2677/2677/2721 2652/2652/2720
f 2678/2678/2723 2652/2652/2720 2677/2677/2721
f 2679/2679/2722 2678/2678/2723 2677/2677/2721
f 2674/2674/2715 2680/2680/2724 2672/2672/2725
f 2681/2681/2726 2680/4140/2724 2674/4138/2715
f 2678/2678/2723 2680/4140/2727 2681/2681/2726
f 2674/4138/2715 2652/2652/2720 2681/2681/2726
f 2678/2678/2723 2681/2681/2726 2652/2652/2720
f 2678/2678/2723 2682/2682/2728 2680/4140/2727
f 2682/2682/2728 2683/2683/2729 2680/4140/2727
f 2680/2680/2724 2684/2684/2730 2672/2672/2725
f 2684/2684/2730 2680/2680/2724 2683/4141/2731
f 2685/2685/2732 2684/2684/2730 2683/4141/2731
f 2685/2685/2732 2686/2686/2744 2684/2684/2730
f 2682/2682/2728 2685/4142/2733 2683/2683/2729
f 2687/2687/2735 2685/4142/2733 2682/2682/2728
f 2678/2678/2723 2679/2679/2722 2682/2682/2728
f 2679/2679/2722 2688/2688/2734 2687/2687/2735
f 2682/2682/2728 2679/2679/2722 2687/2687/2735
f 2594/2594/2709 2672/2672/2725 2596/2596/2736
f 2596/2596/2736 2672/2672/2725 2684/2684/2730
f 2596/2596/2736 2684/2684/2730 2597/2597/2654
f 2652/2652/2720 2651/2651/2689 2676/2676/2719
f 2689/2689/2737 2651/2651/2689 2661/2661/2698
f 2689/2689/2737 2676/2676/2719 2651/2651/2689
f 2689/2689/2737 2690/2690/2738 2676/2676/2719
f 2690/2690/2738 2689/2689/2737 2663/2663/2739
f 2661/2661/2698 2663/2663/2739 2689/2689/2737
f 2688/2688/2734 2690/2690/2738 2663/2663/2739
f 2660/2660/2740 2688/2688/2734 2663/2663/2739
f 2677/2677/2721 2676/2676/2719 2690/2690/2738
f 2690/2690/2738 2679/2679/2722 2677/2677/2721
f 2688/2688/2734 2679/2679/2722 2690/2690/2738
f 2662/2662/2700 2688/2688/2734 2660/2660/2740
f 2691/2691/2741 2685/4142/2733 2687/2687/2735
f 2691/2691/2741 2687/2687/2735 2692/2692/2742
f 2687/2687/2735 2688/2688/2734 2692/2692/2742
f 2688/2688/2734 2693/2693/2784 2692/2692/2742
f 2686/2686/2744 2685/2685/2732 2691/4143/2785
f 2684/2684/2730 2694/2694/2743 2597/2597/2654
f 2694/2694/2743 2684/2684/2730 2686/2686/2744
f 2597/2597/2654 2621/2621/2745 2617/2617/2656
f 2621/2621/2745 2597/2597/2654 2694/2694/2743
f 2694/2694/2743 2686/2686/2744 2695/2695/2810
f 2621/2621/2745 2694/2694/2743 2695/2695/2810
f 2696/2696/2830 2621/2621/2745 2695/2695/2810
f 2620/2620/2747 2621/2621/2745 2696/2696/2830
f 2696/2696/2830 2697/2697/2746 2620/2620/2747
f 2564/2564/2748 2698/2698/2772 2699/2699/2749
f 2699/2699/2749 2561/2561/2603 2564/2564/2748
f 2561/2561/2603 2700/2700/2752 2257/2257/2282
f 2257/2257/2282 2701/2701/2750 2629/2629/2668
f 2564/2564/2748 2563/2563/2624 2698/2698/2772
f 2701/2701/2750 2662/2662/2700 2629/2629/2668
f 2702/2702/2763 2699/2699/2749 2698/2698/2772
f 2699/2699/2749 2703/2703/2751 2700/2700/2752
f 2703/4144/2751 2699/2699/2749 2704/2704/2758
f 2699/2699/2749 2700/2700/2752 2561/2561/2603
f 2700/2700/2752 2703/2703/2751 2705/2705/2754
f 2703/4144/2751 2704/2704/2758 2705/4145/2754
f 2704/2704/2758 2706/2706/2753 2705/4145/2754
f 2707/2707/2755 2257/2257/2282 2700/2700/2752
f 2701/2701/2750 2257/2257/2282 2707/2707/2755
f 2707/2707/2755 2708/2708/2756 2701/2701/2750
f 2705/2705/2754 2707/2707/2755 2700/2700/2752
f 2705/2705/2754 2708/2708/2756 2707/2707/2755
f 2708/2708/2756 2705/2705/2754 2706/4146/2753
f 2709/2709/2757 2704/2704/2758 2699/2699/2749
f 2709/2709/2757 2710/2710/2760 2704/2704/2758
f 2706/2706/2753 2704/2704/2758 2710/2710/2760
f 2709/2709/2757 2699/2699/2749 2702/2702/2763
f 2711/2711/2759 2710/2710/2760 2709/2709/2757
f 2712/2712/2762 2706/2706/2753 2710/2710/2760
f 2708/2708/2756 2706/4146/2753 2712/4147/2762
f 2712/4147/2762 2713/2713/2761 2708/2708/2756
f 2712/2712/2762 2710/2710/2760 2711/2711/2759
f 2713/2713/2761 2701/2701/2750 2708/2708/2756
f 2712/4147/2762 2714/2714/2816 2713/2713/2761
f 2715/2715/2796 2702/2702/2763 2698/2698/2772
f 2715/2715/2796 2716/2716/2764 2702/2702/2763
f 2578/2578/2618 2579/2579/2620 2717/2717/2769
f 2580/2580/2765 2578/2578/2618 2717/2717/2769
f 2580/2580/2765 2717/2717/2769 2718/2718/2768
f 2698/2698/2772 2563/2563/2624 2719/2719/2771
f 2563/2563/2624 2720/2720/2767 2719/2719/2771
f 2718/2718/2766 2720/2720/2767 2580/2580/2623
f 2718/2718/2768 2717/2717/2769 2721/2721/2777
f 2721/2721/2777 2722/2722/2782 2718/2718/2768
f 2720/2720/2767 2723/2723/2770 2719/2719/2771
f 2723/2723/2770 2698/2698/2772 2719/2719/2771
f 2724/2724/2774 2601/2601/2642 2600/2600/2641
f 2579/2579/2620 2601/2601/2642 2725/2725/2773
f 2724/2724/2774 2600/2600/2641 2602/2602/2807
f 2717/2717/2769 2579/2579/2620 2725/2725/2773
f 2724/2724/2774 2726/2726/2804 2601/2601/2642
f 2601/2601/2642 2726/2726/2804 2725/2725/2773
f 2725/2725/2773 2721/2721/2777 2717/2717/2769
f 2727/2727/2775 2722/2722/2782 2721/2721/2777
f 2727/2727/2775 2721/2721/2777 2728/2728/2776
f 2729/2729/2787 2728/2728/2776 2721/2721/2777
f 2723/2723/2770 2730/2730/2778 2698/2698/2772
f 2731/2731/2779 2730/2730/2778 2723/2723/2770
f 2721/2721/2777 2725/2725/2773 2732/2732/2780
f 2729/2729/2787 2721/2721/2777 2732/2732/2780
f 2729/2729/2787 2732/2732/2780 2733/2733/2781
f 2580/2580/2623 2720/2720/2767 2563/2563/2624
f 2722/2722/2782 2720/2720/2767 2718/2718/2766
f 2720/2720/2767 2722/2722/2782 2723/2723/2770
f 2688/2688/2734 2662/2662/2700 2734/2734/2783
f 2693/2693/2784 2688/2688/2734 2734/2734/2783
f 2734/2734/2783 2662/2662/2700 2735/2735/2817
f 2686/2686/2744 2691/4143/2785 2736/2736/2811
f 2737/2737/2786 2729/4151/2787 2736/2736/2811
f 2691/4143/2785 2737/2737/2786 2736/2736/2811
f 2738/2738/2788 2737/4155/2786 2691/2691/2741
f 2691/2691/2741 2692/2692/2742 2738/2738/2788
f 2695/2695/2810 2686/2686/2744 2736/2736/2811
f 2738/2738/2788 2692/2692/2742 2693/2693/2784
f 2722/2722/2782 2727/2727/2775 2723/2723/2770
f 2729/4150/2787 2737/4155/2786 2739/2739/2789
f 2739/2739/2789 2728/4149/2776 2729/4150/2787
f 2738/2738/2788 2739/2739/2789 2737/4155/2786
f 2723/2723/2770 2727/2727/2775 2728/2728/2776
f 2731/2731/2779 2723/2723/2770 2728/2728/2776
f 2738/2738/2788 2728/4149/2790 2739/2739/2789
f 2728/4149/2790 2738/2738/2788 2731/4153/2779
f 2738/2738/2788 2693/2693/2784 2740/2740/2791
f 2731/4153/2779 2738/2738/2788 2730/4152/2778
f 2740/2740/2791 2730/4152/2778 2738/2738/2788
f 2740/2740/2791 2741/2741/2792 2730/4152/2778
f 2734/2734/2783 2741/2741/2792 2693/2693/2784
f 2740/2740/2791 2693/2693/2784 2741/2741/2792
f 2742/2742/2795 2743/2743/2793 2730/2730/2778
f 2744/2744/2799 2745/2745/2794 2742/2742/2795
f 2745/2745/2794 2743/2743/2793 2742/2742/2795
f 2730/2730/2778 2715/2715/2796 2698/2698/2772
f 2743/2743/2793 2715/2715/2796 2730/2730/2778
f 2746/2746/2797 2716/2716/2764 2715/2715/2796
f 2746/2746/2797 2743/2743/2793 2747/2747/2801
f 2748/2748/2798 2716/2716/2764 2746/2746/2797
f 2747/2747/2801 2748/2748/2798 2746/2746/2797
f 2743/2743/2793 2746/2746/2797 2715/2715/2796
f 2744/2744/2799 2749/2749/2800 2747/2747/2801
f 2744/2744/2799 2747/2747/2801 2745/2745/2794
f 2749/2749/2800 2748/2748/2798 2747/2747/2801
f 2745/2745/2794 2747/2747/2801 2743/2743/2793
f 2744/4157/2799 2735/2735/2817 2749/4159/2800
f 2701/2701/2750 2735/2735/2817 2662/2662/2700
f 2744/4157/2799 2734/2734/2783 2735/2735/2817
f 2730/4152/2778 2741/2741/2792 2742/4156/2795
f 2741/2741/2792 2734/2734/2783 2744/4157/2799
f 2742/4156/2795 2741/2741/2792 2744/4157/2799
f 2724/2724/2774 2602/2602/2807 2750/2750/2805
f 2726/2726/2804 2724/2724/2774 2751/2751/2802
f 2751/2751/2802 2752/2752/2803 2726/2726/2804
f 2750/2750/2805 2751/2751/2802 2724/2724/2774
f 2732/2732/2780 2725/2725/2773 2726/2726/2804
f 2752/2752/2803 2732/2732/2780 2726/2726/2804
f 2732/2732/2780 2752/2752/2803 2753/2753/2806
f 2733/2733/2781 2732/2732/2780 2753/2753/2806
f 2613/2613/2874 2614/2614/2652 2754/2754/2871
f 2613/2613/2874 2602/2602/2807 2607/2607/2649
f 2751/2751/2802 2755/2755/2814 2752/2752/2803
f 2602/2602/2807 2756/2756/2808 2750/2750/2805
f 2751/2751/2802 2750/2750/2805 2755/2755/2814
f 2757/2757/2809 2755/2755/2814 2750/2750/2805
f 2756/2756/2808 2602/2602/2807 2613/2613/2874
f 2695/2695/2810 2736/2736/2811 2758/2758/2813
f 2733/4154/2781 2736/2736/2811 2729/4151/2787
f 2736/2736/2811 2733/4154/2781 2759/2759/2812
f 2759/2759/2812 2758/2758/2813 2736/2736/2811
f 2733/4154/2781 2753/4160/2806 2759/2759/2812
f 2695/2695/2810 2758/2758/2813 2760/2760/2928
f 2761/2761/2877 2752/2752/2803 2755/2755/2814
f 2752/2752/2803 2761/2761/2877 2753/2753/2806
f 2753/4160/2806 2761/4161/2877 2762/2762/2815
f 2759/2759/2812 2753/4160/2806 2762/2762/2815
f 2702/2702/2763 2711/2711/2759 2709/2709/2757
f 2711/2711/2759 2702/2702/2763 2716/2716/2764
f 2711/2711/2759 2716/2716/2764 2714/4148/2816
f 2714/4148/2816 2712/2712/2762 2711/2711/2759
f 2735/2735/2817 2701/2701/2750 2713/2713/2761
f 2735/2735/2817 2713/2713/2761 2714/2714/2816
f 2716/2716/2764 2748/2748/2798 2714/4148/2816
f 2735/2735/2817 2714/2714/2816 2748/4158/2798
f 2749/4159/2800 2735/2735/2817 2748/4158/2798
f 2763/2763/2818 2586/2586/2712 2622/2622/2819
f 2764/2764/2872 2615/2615/2870 2608/2608/2645
f 2305/2305/2340 2765/2765/2820 2608/2608/2645
f 2765/2765/2820 2764/2764/2872 2608/2608/2645
f 2587/2587/2637 2622/2622/2819 2586/2586/2712
f 2766/2766/2821 2623/2623/2659 2618/2618/2822
f 2618/2618/2822 2624/2624/2660 2766/2766/2821
f 2697/2697/2746 2624/2624/2660 2620/2620/2747
f 2619/2619/2658 2623/2623/2659 2766/2766/2821
f 2766/2766/2821 2767/2767/2823 2619/2619/2658
f 2624/2624/2660 2768/2768/2831 2766/2766/2821
f 2697/2697/2746 2768/2768/2831 2624/2624/2660
f 2619/2619/2658 2769/2769/2825 2622/2622/2819
f 2769/2769/2825 2619/2619/2658 2767/2767/2823
f 2770/2770/2824 2766/2766/2821 2768/2768/2831
f 2767/2767/2823 2766/2766/2821 2770/2770/2824
f 2770/2770/2824 2771/2771/2833 2767/2767/2823
f 2763/2763/2818 2622/2622/2819 2769/2769/2825
f 2765/2765/2820 2305/2305/2340 2772/2772/2827
f 2770/2770/2824 2773/2773/2918 2771/2771/2833
f 2769/2769/2825 2774/2774/2826 2763/2763/2818
f 2774/2774/2826 2769/2769/2825 2767/2767/2823
f 2774/2774/2826 2767/2767/2823 2771/2771/2833
f 2775/2775/2913 2772/2772/2827 2776/2776/2828
f 2345/2345/2379 2586/2586/2712 2763/2763/2818
f 2695/2695/2810 2777/2777/2829 2696/2696/2830
f 2697/2697/2746 2696/2696/2830 2777/2777/2829
f 2777/2777/2829 2778/2778/2916 2697/2697/2746
f 2778/2778/2916 2768/2768/2831 2697/2697/2746
f 2768/2768/2831 2778/2778/2916 2770/2770/2824
f 2773/2773/2918 2779/2779/2919 2780/2780/2834
f 2780/2780/2834 2771/2771/2833 2773/2773/2918
f 2781/2781/2842 2763/2763/2818 2774/2774/2826
f 2774/2774/2826 2771/2771/2833 2782/2782/2835
f 2783/2783/2832 2771/2771/2833 2780/2780/2834
f 2771/2771/2833 2783/2783/2832 2782/2782/2835
f 2784/2784/2836 2783/2783/2832 2780/2780/2834
f 2785/2785/2837 2305/2305/2340 2786/2786/2838
f 2787/2787/2839 2305/2305/2340 2785/2785/2837
f 2787/2787/2839 2772/2772/2827 2305/2305/2340
f 2785/2785/2837 2786/2786/2838 2787/2787/2839
f 2772/2772/2827 2787/2787/2839 2786/2786/2838
f 2342/2342/2380 2786/2786/2838 2305/2305/2340
f 2342/2342/2380 2788/2788/3030 2789/2789/2840
f 2789/2789/2840 2786/2786/2838 2342/2342/2380
f 2786/2786/2838 2789/2789/2840 2788/2788/3030
f 2345/2345/2379 2790/2790/2841 2347/2347/2382
f 2781/2781/2842 2790/2790/2841 2763/2763/2818
f 2790/2790/2841 2345/2345/2379 2763/2763/2818
f 2781/2781/2842 2774/2774/2826 2782/2782/2835
f 2791/2791/2844 2781/2781/2842 2782/2782/2835
f 2784/2784/2836 2792/2792/2921 2793/2793/2924
f 2791/2791/2844 2782/2782/2835 2783/2783/2832
f 2783/2783/2832 2794/2794/2843 2791/2791/2844
f 2783/2783/2832 2784/2784/2836 2794/2794/2843
f 2793/2793/2924 2794/2794/2843 2784/2784/2836
f 2795/2795/2848 2790/2790/2841 2781/2781/2842
f 2791/2791/2844 2795/2795/2848 2781/2781/2842
f 2796/2796/2856 2791/2791/2844 2797/2797/2845
f 2794/2794/2843 2797/2797/2845 2791/2791/2844
f 2798/2798/2846 2794/2794/2843 2793/2793/2924
f 2794/2794/2843 2798/2798/2846 2797/2797/2845
f 2798/2798/2846 2793/2793/2924 2799/2799/2926
f 2799/2799/2926 2800/2800/2861 2798/2798/2846
f 2788/2788/3030 2772/2772/2827 2786/2786/2838
f 2801/2801/2847 2790/2790/2841 2795/2795/2848
f 2802/2802/2855 2801/2801/2847 2795/2795/2848
f 2803/2803/2864 2801/2801/2847 2802/2802/2855
f 2802/2802/2855 2804/2804/2849 2803/2803/2864
f 2772/2772/2827 2805/2805/2851 2776/2776/2828
f 2776/2776/2828 2806/2806/2930 2775/2775/2913
f 2805/2805/2851 2772/2772/2827 2788/2788/3030
f 2807/2807/3056 2808/2808/2850 2805/2805/2851
f 2808/2808/2850 2776/2776/2828 2805/2805/2851
f 2809/2809/2852 2806/2806/2930 2776/2776/2828
f 2809/2809/2852 2776/2776/2828 2808/2808/2850
f 2810/2810/2853 2809/2809/2852 2808/2808/2850
f 2809/2809/2852 2811/2811/2854 2806/2806/2930
f 2809/2809/2852 2810/2810/2853 2811/2811/2854
f 2791/2791/2844 2796/2796/2856 2795/2795/2848
f 2802/2802/2855 2796/2796/2856 2812/2812/2857
f 2796/2796/2856 2802/2802/2855 2795/2795/2848
f 2812/2812/2857 2796/2796/2856 2797/2797/2845
f 2812/2812/2857 2813/2813/2858 2814/2814/2859
f 2815/2815/2860 2797/2797/2845 2798/2798/2846
f 2797/2797/2845 2815/2815/2860 2812/2812/2857
f 2815/2815/2860 2813/2813/2858 2812/2812/2857
f 2815/2815/2860 2798/2798/2846 2800/2800/2861
f 2813/2813/2858 2815/2815/2860 2816/2816/2862
f 2816/2816/2862 2815/2815/2860 2800/2800/2861
f 2800/2800/2861 2817/2817/2863 2816/2816/2862
f 2817/2817/2863 2800/2800/2861 2818/2818/2923
f 2819/2819/3071 2817/2817/2863 2818/2818/2923
f 2814/2814/2859 2802/2802/2855 2812/2812/2857
f 2804/2804/2849 2802/2802/2855 2814/2814/2859
f 2820/2820/2867 2814/2814/2859 2813/2813/2858
f 2821/2821/3032 2790/2790/2841 2801/2801/2847
f 2821/2821/3032 2801/2801/2847 2803/2803/2864
f 2822/2822/3065 2803/2803/2864 2804/2804/2849
f 2820/2820/2867 2823/2823/2865 2804/2804/2849
f 2820/2820/2867 2804/2804/2849 2814/2814/2859
f 2824/2824/2869 2825/2825/2866 2820/2820/2867
f 2820/2820/2867 2813/2813/2858 2816/2816/2862
f 2826/2826/2868 2820/2820/2867 2816/2816/2862
f 2816/2816/2862 2817/2817/2863 2826/2826/2868
f 2826/2826/2868 2824/2824/2869 2820/2820/2867
f 2825/2825/2866 2824/2824/2869 2826/2826/2868
f 2827/2827/3070 2825/2825/2866 2826/2826/2868
f 2826/2826/2868 2817/2817/2863 2827/2827/3070
f 2615/2615/2870 2754/2754/2871 2614/2614/2652
f 2764/2764/2872 2828/2828/2873 2615/2615/2870
f 2828/2828/2873 2754/2754/2871 2615/2615/2870
f 2613/2613/2874 2754/2754/2871 2829/2829/2875
f 2756/2756/2808 2757/2757/2809 2750/2750/2805
f 2613/2613/2874 2830/2830/2876 2756/2756/2808
f 2828/2828/2873 2829/2829/2875 2754/2754/2871
f 2829/2829/2875 2830/2830/2876 2613/2613/2874
f 2828/2828/2873 2764/2764/2872 2831/2831/2885
f 2831/2831/2885 2829/2829/2875 2828/2828/2873
f 2832/2832/2888 2830/2830/2876 2829/2829/2875
f 2761/2761/2877 2755/2755/2814 2833/2833/2880
f 2757/2757/2809 2833/2833/2880 2755/2755/2814
f 2761/4161/2877 2833/4162/2880 2834/2834/2878
f 2761/4161/2877 2834/2834/2878 2762/2762/2815
f 2835/2835/2893 2757/2757/2809 2756/2756/2808
f 2836/2836/2879 2833/2833/2880 2757/2757/2809
f 2833/4162/2880 2837/2837/2894 2834/2834/2878
f 2836/2836/2879 2757/2757/2809 2835/2835/2893
f 2759/2759/2812 2762/2762/2815 2838/2838/2881
f 2838/2838/2881 2758/2758/2813 2759/2759/2812
f 2838/2838/2881 2762/2762/2815 2834/2834/2878
f 2834/2834/2878 2839/2839/2882 2838/2838/2881
f 2839/2839/2882 2834/2834/2878 2840/2840/2896
f 2841/2841/2883 2758/2758/2813 2838/2838/2881
f 2841/2841/2883 2838/2838/2881 2839/2839/2882
f 2840/2840/2896 2834/2834/2878 2837/2837/2894
f 2842/2842/2884 2839/2839/2882 2840/2840/2896
f 2842/2842/2884 2841/2841/2883 2839/2839/2882
f 2758/2758/2813 2841/2841/2883 2760/2760/2928
f 2843/2843/2887 2764/2764/2872 2765/2765/2820
f 2843/2843/2887 2831/2831/2885 2764/2764/2872
f 2829/2829/2875 2831/2831/2885 2832/2832/2888
f 2756/2756/2808 2830/2830/2876 2844/2844/2891
f 2845/2845/2886 2831/2831/2885 2843/2843/2887
f 2845/2845/2886 2832/2832/2888 2831/2831/2885
f 2846/2846/2889 2830/2830/2876 2832/2832/2888
f 2847/2847/2890 2830/2830/2876 2846/2846/2889
f 2830/2830/2876 2847/2847/2890 2844/2844/2891
f 2765/2765/2820 2772/2772/2827 2843/2843/2887
f 2848/2848/2906 2843/2843/2887 2849/2849/2892
f 2845/2845/2886 2843/2843/2887 2848/2848/2906
f 2845/2845/2886 2846/2846/2889 2832/2832/2888
f 2846/2846/2889 2850/2850/2903 2847/2847/2890
f 2835/2835/2893 2756/2756/2808 2844/2844/2891
f 2836/4163/2879 2837/2837/2894 2833/4162/2880
f 2837/2837/2894 2851/2851/2895 2840/2840/2896
f 2836/4163/2879 2851/2851/2895 2837/2837/2894
f 2852/2852/2897 2836/2836/2879 2835/2835/2893
f 2840/2840/2896 2851/2851/2895 2853/2853/2898
f 2842/2842/2884 2760/2760/2928 2841/2841/2883
f 2840/2840/2896 2853/2853/2898 2842/2842/2884
f 2760/2760/2928 2842/2842/2884 2854/2854/2900
f 2842/2842/2884 2853/2853/2898 2854/2854/2900
f 2836/4163/2879 2852/4164/2897 2851/2851/2895
f 2851/2851/2895 2855/2855/2899 2853/2853/2898
f 2835/2835/2893 2856/2856/2909 2852/2852/2897
f 2856/2856/2909 2835/2835/2893 2844/2844/2891
f 2852/4164/2897 2855/2855/2899 2851/2851/2895
f 2853/2853/2898 2855/2855/2899 2854/2854/2900
f 2760/2760/2928 2854/2854/2900 2857/2857/2902
f 2858/2858/2901 2854/2854/2900 2855/2855/2899
f 2857/2857/2902 2854/2854/2900 2858/2858/2901
f 2772/2772/2827 2849/2849/2892 2843/2843/2887
f 2845/2845/2886 2848/2848/2906 2859/2859/2904
f 2850/2850/2903 2845/2845/2886 2859/2859/2904
f 2845/2845/2886 2850/2850/2903 2846/2846/2889
f 2850/2850/2903 2860/2860/2905 2847/2847/2890
f 2847/2847/2890 2860/2860/2905 2844/2844/2891
f 2849/2849/2892 2861/2861/2914 2848/2848/2906
f 2772/2772/2827 2861/2861/2914 2849/2849/2892
f 2848/2848/2906 2861/2861/2914 2859/2859/2904
f 2859/2859/2904 2861/2861/2914 2862/2862/2907
f 2850/2850/2903 2859/2859/2904 2862/2862/2907
f 2852/4164/2897 2863/2863/2908 2855/2855/2899
f 2863/4165/2908 2852/2852/2897 2856/2856/2909
f 2863/2863/2908 2864/2864/2911 2855/2855/2899
f 2855/2855/2899 2864/2864/2911 2858/2858/2901
f 2863/4165/2908 2856/2856/2909 2865/2865/2938
f 2866/2866/2910 2863/4165/2908 2865/2865/2938
f 2864/2864/2911 2863/2863/2908 2866/4166/2910
f 2858/2858/2901 2864/2864/2911 2867/2867/2912
f 2864/2864/2911 2866/4166/2910 2867/2867/2912
f 2865/2865/2938 2856/2856/2909 2844/2844/2891
f 2772/2772/2827 2775/2775/2913 2861/2861/2914
f 2775/2775/2913 2862/2862/2907 2861/2861/2914
f 2868/2868/2933 2865/2865/2938 2844/2844/2891
f 2695/2695/2810 2760/2760/2928 2869/2869/2915
f 2777/2777/2829 2695/2695/2810 2869/2869/2915
f 2869/2869/2915 2870/2870/2917 2777/2777/2829
f 2778/2778/2916 2777/2777/2829 2870/2870/2917
f 2778/2778/2916 2773/2773/2918 2770/2770/2824
f 2773/2773/2918 2778/2778/2916 2779/2779/2919
f 2870/2870/2917 2779/2779/2919 2778/2778/2916
f 2869/2869/2915 2871/2871/2920 2870/2870/2917
f 2872/2872/2922 2871/2871/2920 2869/2869/2915
f 2779/2779/2919 2870/2870/2917 2871/2871/2920
f 2872/2872/2922 2869/2869/2915 2760/2760/2928
f 2871/2871/2920 2873/2873/2925 2779/2779/2919
f 2792/2792/2921 2780/2780/2834 2779/2779/2919
f 2792/2792/2921 2779/2779/2919 2873/2873/2925
f 2872/2872/2922 2873/2873/2925 2871/2871/2920
f 2792/2792/2921 2784/2784/2836 2780/2780/2834
f 2872/2872/2922 2818/2818/2923 2873/2873/2925
f 2874/2874/2936 2872/2872/2922 2760/2760/2928
f 2793/2793/2924 2792/2792/2921 2873/2873/2925
f 2873/2873/2925 2818/2818/2923 2799/2799/2926
f 2793/2793/2924 2873/2873/2925 2799/2799/2926
f 2874/2874/2936 2818/2818/2923 2872/2872/2922
f 2800/2800/2861 2799/2799/2926 2818/2818/2923
f 2875/2875/2927 2874/2874/2936 2760/2760/2928
f 2857/2857/2902 2875/2875/2927 2760/2760/2928
f 2875/2875/2927 2857/2857/2902 2858/2858/2901
f 2867/2867/2912 2876/2876/2929 2858/2858/2901
f 2858/2858/2901 2876/2876/2929 2875/2875/2927
f 2775/2775/2913 2806/2806/2930 2862/2862/2907
f 2806/2806/2930 2850/2850/2903 2862/2862/2907
f 2877/2877/2931 2860/2860/2905 2850/2850/2903
f 2877/2877/2931 2850/2850/2903 2806/2806/2930
f 2877/2877/2931 2844/2844/2891 2860/2860/2905
f 2878/2878/2932 2844/2844/2891 2877/2877/2931
f 2878/2878/2932 2868/2868/2933 2844/2844/2891
f 2868/2868/2933 2879/2879/2934 2865/2865/2938
f 2806/2806/2930 2811/2811/2854 2877/2877/2931
f 2877/2877/2931 2811/2811/2854 2878/2878/2932
f 2878/2878/2932 2880/2880/2935 2868/2868/2933
f 2881/2881/2941 2882/2882/2939 2879/2879/2934
f 2819/2819/3071 2818/2818/2923 2874/2874/2936
f 2883/2883/3108 2884/2884/3109 2885/2885/3111
f 2819/2819/3071 2874/2874/2936 2885/2885/3111
f 2866/4166/2910 2876/2876/2929 2867/2867/2912
f 2866/4166/2910 2886/2886/2937 2876/2876/2929
f 2866/2866/2910 2865/2865/2938 2882/2882/2939
f 2882/2882/2939 2865/2865/2938 2879/2879/2934
f 2887/2887/2940 2866/2866/2910 2882/2882/2939
f 2886/2886/2937 2866/4166/2910 2887/4169/2940
f 2875/2875/2927 2876/2876/2929 2886/2886/2937
f 2875/2875/2927 2886/2886/2937 2885/2885/3111
f 2887/2887/2940 2882/2882/2939 2881/2881/2941
f 2887/2887/2940 2881/2881/2941 2883/4167/3108
f 2886/2886/2937 2883/2883/3108 2885/2885/3111
f 2883/2883/3108 2886/2886/2937 2887/4169/2940
f 2885/2885/3111 2874/2874/2936 2875/2875/2927
f 2888/2888/2942 2889/2889/2943 2890/2890/2944
f 2891/2891/2945 2889/2889/2943 2888/2888/2942
f 2892/2892/3044 2889/2889/2943 2891/2891/2945
f 2494/2494/2535 2473/2473/2965 2466/2466/2513
f 2467/2467/2946 2472/2472/2512 2473/2473/2965
f 2893/2893/2948 2473/2473/2965 2494/2494/2535
f 2894/2894/2947 2893/2893/2948 2494/2494/2535
f 2473/2473/2965 2893/2893/2948 2895/2895/2968
f 2896/2896/2951 2495/2495/2949 2496/2496/2537
f 2897/2897/2950 2496/2496/2537 2499/2499/2954
f 2495/2495/2949 2894/2894/2947 2494/2494/2535
f 2897/2897/2950 2896/2896/2951 2496/2496/2537
f 2498/2498/2952 2898/2898/2953 2499/2499/2954
f 2898/2898/2953 2498/2498/2952 2500/2500/2539
f 2499/2499/2954 2899/2899/2955 2897/2897/2950
f 2899/2899/2955 2499/2499/2954 2898/2898/2953
f 2900/2900/3002 2898/2898/2953 2500/2500/2539
f 2900/2900/2956 2899/2899/2955 2898/2898/2953
f 2899/2899/2955 2900/2900/2956 2901/2901/3007
f 2896/2896/2951 2894/2894/2947 2495/2495/2949
f 2897/2897/2950 2902/2902/2958 2896/2896/2951
f 2902/2902/2958 2894/2894/2947 2896/2896/2951
f 2903/2903/2957 2902/2902/2958 2897/2897/2950
f 2903/2903/2957 2899/2899/2955 2901/2901/3007
f 2899/2899/2955 2903/2903/2957 2897/2897/2950
f 2470/2470/2511 2510/2510/2961 2342/2342/2380
f 2510/2510/2961 2471/2471/2960 2904/2904/2959
f 2905/2905/2964 2904/2904/2959 2471/2471/2960
f 2342/2342/2380 2510/2510/2961 2890/2890/2944
f 2510/2510/2961 2904/2904/2959 2906/2906/2962
f 2510/2510/2961 2907/2907/2975 2890/2890/2944
f 2904/2904/2959 2905/2905/2964 2906/2906/2962
f 2906/2906/2962 2907/2907/2975 2510/2510/2961
f 2905/2905/2964 2908/2908/2976 2906/2906/2962
f 2908/2908/2976 2905/2905/2964 2909/2909/2977
f 2471/2471/2960 2474/2474/2963 2905/2905/2964
f 2474/2474/2963 2467/2467/2946 2473/2473/2965
f 2473/2473/2965 2909/2909/2977 2474/2474/2963
f 2910/2910/2981 2909/2909/2977 2473/2473/2965
f 2473/2473/2965 2895/2895/2968 2911/2911/2966
f 2893/2893/2948 2912/2912/2967 2895/2895/2968
f 2893/2893/2948 2894/2894/2947 2913/2913/2969
f 2911/2911/2966 2910/2910/2981 2473/2473/2965
f 2911/2911/2966 2895/2895/2968 2910/2910/2981
f 2909/2909/2977 2905/2905/2964 2474/2474/2963
f 2521/2521/2560 2519/2519/2970 2914/2914/2979
f 2914/2914/2979 2519/2519/2970 2915/2915/2972
f 2518/2518/2562 2522/2522/2561 2520/2520/2558
f 2915/2915/2972 2520/2520/2558 2916/2916/2971
f 2916/2916/2971 2520/2520/2558 2522/2522/2561
f 2915/2915/2972 2916/2916/2971 2917/2917/2973
f 2915/2915/2972 2519/2519/2970 2520/2520/2558
f 2914/2914/2979 2915/2915/2972 2918/2918/2974
f 2917/2917/2973 2918/2918/2974 2915/2915/2972
f 2888/2888/2942 2890/2890/2944 2907/2907/2975
f 2906/2906/2962 2888/2888/2942 2907/2907/2975
f 2906/2906/2962 2891/2891/2945 2888/2888/2942
f 2908/2908/2976 2891/2891/2945 2906/2906/2962
f 2908/2908/2976 2909/2909/2977 2919/2919/2978
f 2919/2919/2978 2891/2891/2945 2908/2908/2976
f 2521/2521/2560 2914/2914/2979 2516/2516/2556
f 2516/2516/2556 2914/2914/2979 2920/2920/2980
f 2920/2920/2980 2914/2914/2979 2918/2918/2974
f 2516/2516/2556 2920/2920/2980 2921/2921/3017
f 2921/2921/3017 2523/2523/2564 2516/2516/2556
f 2913/2913/2969 2912/2912/2967 2893/2893/2948
f 2913/2913/2969 2922/2922/2985 2912/2912/2967
f 2910/2910/2981 2895/2895/2968 2923/2923/2982
f 2909/2909/2977 2910/2910/2981 2924/2924/2983
f 2923/2923/2982 2924/2924/2983 2910/2910/2981
f 2895/2895/2968 2912/2912/2967 2923/2923/2982
f 2925/2925/2984 2912/2912/2967 2922/2922/2985
f 2925/2925/2984 2923/2923/2982 2912/2912/2967
f 2926/2926/2991 2925/2925/2984 2922/2922/2985
f 2927/2927/2986 2919/2919/2978 2909/2909/2977
f 2924/2924/2983 2927/2927/2986 2909/2909/2977
f 2919/2919/2978 2892/2892/3044 2891/2891/2945
f 2928/2928/2995 2929/2929/2987 2930/2930/2993
f 2929/2929/2987 2924/2924/2983 2923/2923/2982
f 2931/2931/2988 2932/2932/3012 2933/2933/3018
f 2934/2934/3011 2932/2932/3012 2935/2935/2998
f 2932/2932/3012 2931/2931/2988 2935/2935/2989
f 2935/2935/2989 2931/2931/2988 2936/2936/3175
f 2930/2930/2993 2929/2929/2987 2923/2923/2982
f 2937/2937/2992 2930/2930/2993 2923/2923/2982
f 2937/2937/2992 2923/2923/2982 2925/2925/2984
f 2938/2938/2990 2925/2925/2984 2926/2926/2991
f 2938/2938/2990 2939/2939/2994 2937/2937/2992
f 2934/2934/3011 2940/2940/2997 2941/2941/3022
f 2925/2925/2984 2938/2938/2990 2937/2937/2992
f 2939/2939/2994 2930/2930/2993 2937/2937/2992
f 2939/2939/2994 2928/2928/2995 2930/2930/2993
f 2939/2939/2994 2942/2942/3225 2928/2928/2995
f 2943/2943/2996 2939/2939/2994 2938/2938/2990
f 2943/2943/2996 2942/2942/3225 2939/2939/2994
f 2944/2944/3174 2940/2940/2997 2934/2934/3011
f 2934/2934/3011 2935/2935/2998 2944/2944/3174
f 2944/2944/3174 2935/2935/2998 2936/2936/3175
f 2940/2940/2997 2944/2944/3174 2943/2943/2996
f 2938/2938/2990 2940/2940/2997 2943/2943/2996
f 2901/2901/3007 2900/2900/2956 2945/2945/2999
f 2946/2946/3000 2947/2947/3004 2945/2945/3001
f 2948/2948/3003 2946/2946/3000 2900/2900/3002
f 2501/2501/2540 2948/2948/3003 2500/2500/2539
f 2948/2948/3003 2900/2900/3002 2500/2500/2539
f 2900/2900/3002 2946/2946/3000 2945/2945/3001
f 2948/2948/3003 2947/2947/3004 2946/2946/3000
f 2947/2947/3004 2948/2948/3003 2949/2949/3005
f 2948/2948/3003 2950/2950/3014 2949/2949/3005
f 2526/2526/3016 2502/2502/2542 2447/2447/2488
f 2502/2502/2542 2526/2526/3016 2948/2948/3003
f 2947/2947/3006 2901/2901/3007 2945/2945/2999
f 2902/2902/2958 2913/2913/2969 2894/2894/2947
f 2901/2901/3007 2951/2951/3008 2903/2903/2957
f 2952/2952/3010 2949/2949/3005 2950/2950/3014
f 2950/2950/3014 2953/2953/3009 2952/2952/3010
f 2949/2949/3005 2901/2901/3007 2947/2947/3006
f 2949/2949/3005 2952/2952/3010 2954/2954/3013
f 2954/2954/3013 2901/2901/3007 2949/2949/3005
f 2901/2901/3007 2954/2954/3013 2934/2934/3011
f 2932/2932/3012 2934/2934/3011 2954/2954/3013
f 2952/2952/3010 2932/2932/3012 2954/2954/3013
f 2950/2950/3014 2955/2955/3015 2953/2953/3009
f 2526/2526/3016 2950/2950/3014 2948/2948/3003
f 2950/2950/3014 2526/2526/3016 2955/2955/3015
f 2948/2948/3003 2501/2501/2540 2502/2502/2542
f 2524/2524/2566 2523/2523/2564 2921/2921/3017
f 2524/2524/2566 2921/2921/3017 2525/2525/2565
f 2526/2526/3016 2525/2525/2565 2956/2956/3023
f 2933/2933/3018 2932/2932/3012 2952/2952/3010
f 2953/2953/3009 2933/2933/3018 2952/2952/3010
f 2955/2955/3015 2933/2933/3018 2953/2953/3009
f 2526/2526/3016 2957/2957/3019 2955/2955/3015
f 2958/2958/3020 2955/2955/3015 2957/2957/3019
f 2955/2955/3015 2958/2958/3020 2933/2933/3018
f 2956/2956/3023 2957/2957/3019 2526/2526/3016
f 2902/2902/2958 2959/2959/3021 2913/2913/2969
f 2959/2959/3021 2922/2922/2985 2913/2913/2969
f 2951/2951/3008 2959/2959/3021 2902/2902/2958
f 2902/2902/2958 2903/2903/2957 2951/2951/3008
f 2901/2901/3007 2926/2926/2991 2951/2951/3008
f 2959/2959/3021 2951/2951/3008 2926/2926/2991
f 2926/2926/2991 2922/2922/2985 2959/2959/3021
f 2901/2901/3007 2941/2941/3022 2926/2926/2991
f 2901/2901/3007 2934/2934/3011 2941/2941/3022
f 2926/2926/2991 2941/2941/3022 2938/2938/2990
f 2933/2933/3018 2958/2958/3020 2931/2931/2988
f 2960/2960/3198 2957/2957/3019 2956/2956/3023
f 2958/2958/3020 2957/2957/3019 2960/2960/3198
f 2958/2958/3020 2961/2961/3024 2931/2931/2988
f 2938/2938/2990 2941/2941/3022 2940/2940/2997
f 2962/2962/3025 2522/2522/2561 2347/2347/2382
f 2916/2916/2971 2522/2522/2561 2962/2962/3025
f 2962/2962/3025 2963/2963/3028 2916/2916/2971
f 2916/2916/2971 2963/2963/3028 2964/2964/3143
f 2963/2963/3028 2962/2962/3025 2965/2965/3026
f 2966/2966/3027 2964/2964/3143 2963/2963/3028
f 2966/2966/3027 2963/2963/3028 2965/2965/3026
f 2966/2966/3027 2965/2965/3026 2967/2967/3040
f 2788/2788/3030 2342/2342/2380 2890/2890/2944
f 2968/2968/3029 2788/2788/3030 2890/2890/2944
f 2968/2968/3029 2890/2890/2944 2889/2889/2943
f 2969/2969/3031 2347/2347/2382 2790/2790/2841
f 2970/2970/3036 2969/2969/3031 2821/2821/3032
f 2970/2970/3036 2821/2821/3032 2971/2971/3033
f 2971/2971/3033 2821/2821/3032 2972/2972/3064
f 2973/2973/3035 2971/2971/3033 2974/2974/3067
f 2975/2975/3050 2976/2976/3034 2788/2788/3030
f 2347/2347/2382 2969/2969/3031 2962/2962/3025
f 2965/2965/3026 2962/2962/3025 2969/2969/3031
f 2965/2965/3026 2969/2969/3031 2970/2970/3036
f 2967/2967/3040 2965/2965/3026 2970/2970/3036
f 2973/2973/3035 2967/2967/3040 2970/2970/3036
f 2973/2973/3035 2970/2970/3036 2971/2971/3033
f 2977/2977/3037 2973/2973/3035 2974/2974/3067
f 2973/2973/3035 2977/2977/3037 2978/2978/3038
f 2979/2979/3066 2980/2980/3039 2977/2977/3037
f 2967/2967/3040 2981/2981/3041 2966/2966/3027
f 2967/2967/3040 2978/2978/3038 2981/2981/3041
f 2978/2978/3038 2967/2967/3040 2973/2973/3035
f 2978/2978/3038 2982/2982/3042 2981/2981/3041
f 2982/2982/3042 2978/2978/3038 2977/2977/3037
f 2982/2982/3042 2977/2977/3037 2980/2980/3039
f 2983/2983/3149 2982/2982/3042 2980/2980/3039
f 2984/2984/3043 2968/2968/3029 2889/2889/2943
f 2889/2889/2943 2892/2892/3044 2984/2984/3043
f 2892/2892/3044 2985/2985/3045 2984/2984/3043
f 2985/2985/3045 2919/2919/2978 2986/2986/3049
f 2927/2927/2986 2986/2986/3049 2919/2919/2978
f 2987/2987/3048 2788/2788/3030 2968/2968/3029
f 2988/2988/3046 2987/2987/3048 2968/2968/3029
f 2984/2984/3043 2988/2988/3046 2968/2968/3029
f 2985/2985/3045 2988/2988/3046 2984/2984/3043
f 2989/2989/3047 2987/2987/3048 2988/2988/3046
f 2985/2985/3045 2990/2990/3051 2988/2988/3046
f 2927/2927/2986 2991/2991/3055 2986/2986/3049
f 2986/2986/3049 2990/2990/3051 2985/2985/3045
f 2927/2927/2986 2924/2924/2983 2991/2991/3055
f 2975/2975/3050 2788/2788/3030 2987/2987/3048
f 2992/2992/3075 2976/2976/3034 2975/2975/3050
f 2987/2987/3048 2989/2989/3047 2975/2975/3050
f 2975/2975/3050 2989/2989/3047 2990/2990/3051
f 2975/2975/3050 2990/2990/3051 2992/2992/3075
f 2992/2992/3075 2990/2990/3051 2993/2993/3052
f 2992/2992/3075 2993/2993/3052 2994/2994/3059
f 2990/2990/3051 2989/2989/3047 2988/2988/3046
f 2990/2990/3051 2986/2986/3049 2993/2993/3052
f 2995/2995/3053 2996/2996/3054 2991/2991/3055
f 2986/2986/3049 2991/2991/3055 2993/2993/3052
f 2993/2993/3052 2991/2991/3055 2996/2996/3054
f 2995/2995/3053 2991/2991/3055 2924/2924/2983
f 2995/2995/3053 2924/2924/2983 2997/2997/3080
f 2976/2976/3034 2998/2998/3057 2788/2788/3030
f 2807/2807/3056 2805/2805/2851 2998/2998/3057
f 2998/2998/3057 2805/2805/2851 2788/2788/3030
f 2807/2807/3056 2998/2998/3057 2999/2999/3060
f 3000/3000/3058 3001/3001/3061 2994/2994/3059
f 2810/2810/2853 2808/2808/2850 2807/2807/3056
f 2807/2807/3056 2999/2999/3060 2810/2810/2853
f 3001/3001/3061 2810/2810/2853 2999/2999/3060
f 2811/2811/2854 2810/2810/2853 3001/3001/3061
f 2994/2994/3059 3001/3001/3061 2999/2999/3060
f 3000/3000/3058 2811/2811/2854 3001/3001/3061
f 3000/3000/3058 3002/3002/3062 2811/2811/2854
f 3000/3000/3058 2995/2995/3053 3002/3002/3062
f 3002/3002/3062 2878/2878/2932 2811/2811/2854
f 3002/3002/3062 3003/3003/3096 3004/3004/3063
f 3005/3005/3076 3003/3003/3096 3002/3002/3062
f 3006/3006/3115 3004/3004/3063 3003/3003/3096
f 2969/2969/3031 2790/2790/2841 2821/2821/3032
f 2972/2972/3064 2821/2821/3032 2803/2803/2864
f 2972/2972/3064 2803/2803/2864 2822/2822/3065
f 2974/2974/3067 2972/2972/3064 2822/2822/3065
f 2823/2823/2865 2974/2974/3067 2822/2822/3065
f 2974/2974/3067 2971/2971/3033 2972/2972/3064
f 2823/2823/2865 2979/2979/3066 2974/2974/3067
f 2823/2823/2865 2822/2822/3065 2804/2804/2849
f 2823/2823/2865 2820/2820/2867 2825/2825/2866
f 3007/3007/3068 2823/2823/2865 2825/2825/2866
f 2825/2825/2866 2827/2827/3070 3007/3007/3068
f 2998/2998/3057 2976/2976/3034 3008/3008/3069
f 3008/3008/3069 2999/2999/3060 2998/2998/3057
f 2999/2999/3060 3008/3008/3069 2994/2994/3059
f 2977/2977/3037 2974/2974/3067 2979/2979/3066
f 2980/2980/3039 2979/2979/3066 3007/3007/3068
f 2823/2823/2865 3007/3007/3068 2979/2979/3066
f 3007/3007/3068 2827/2827/3070 2980/2980/3039
f 2827/2827/3070 2983/2983/3149 2980/2980/3039
f 3009/3009/3163 2983/2983/3149 2827/2827/3070
f 2827/2827/3070 2817/2817/2863 2819/2819/3071
f 3010/3010/3074 2827/2827/3070 2819/2819/3071
f 3011/3011/3072 3012/3012/3073 3010/4170/3074
f 3013/3013/3077 2827/2827/3070 3010/3010/3074
f 2976/2976/3034 2992/2992/3075 3008/3008/3069
f 2994/2994/3059 3008/3008/3069 2992/2992/3075
f 2994/2994/3059 2993/2993/3052 2996/2996/3054
f 2994/2994/3059 2996/2996/3054 3000/3000/3058
f 2995/2995/3053 3000/3000/3058 2996/2996/3054
f 2995/2995/3053 2997/2997/3080 3014/3014/3099
f 3014/3014/3099 3005/3005/3076 2995/2995/3053
f 3014/3014/3099 3015/3015/3081 3016/3016/3095
f 3013/3013/3077 3009/3009/3163 2827/2827/3070
f 3013/3013/3077 3017/3017/3078 3009/3009/3163
f 3018/3018/3079 3009/3009/3163 3017/3017/3078
f 3019/3019/3089 3018/3018/3079 3017/3017/3078
f 2997/2997/3080 3020/3020/3082 3014/3014/3099
f 3014/3014/3099 3020/3020/3082 3015/3015/3081
f 3021/3021/3104 3015/3015/3081 3020/3020/3082
f 3022/3022/3083 3023/3023/3084 3024/3024/3085
f 3022/3022/3083 3024/3024/3085 3021/3021/3104
f 3015/3015/3081 3021/3021/3104 3025/3025/3086
f 3024/3024/3085 3025/3025/3086 3021/3021/3104
f 3025/3025/3086 3016/3016/3095 3015/3015/3081
f 3026/3026/3101 3025/3025/3086 3024/3024/3085
f 3027/3027/3087 3019/3019/3089 3017/3017/3078
f 3028/3028/3088 3019/3019/3089 3029/3029/3090
f 3029/3029/3090 3019/3019/3089 3027/3027/3087
f 3029/4174/3091 3027/4172/3087 3030/3030/3210
f 3031/3031/3093 3030/3030/3210 3027/4172/3087
f 3032/3032/3092 3017/3017/3078 3013/3013/3077
f 3024/3024/3085 3032/4175/3092 3026/3026/3101
f 3032/3032/3092 3027/3027/3087 3017/3017/3078
f 3027/4172/3087 3032/4175/3092 3031/3031/3093
f 3031/3031/3093 3032/4175/3092 3024/3024/3085
f 3023/3023/3084 3031/3031/3093 3024/3024/3085
f 3030/3030/3210 3031/3031/3093 3023/3023/3084
f 2995/2995/3053 3005/3005/3076 3002/3002/3062
f 3033/3033/3100 3003/3003/3096 3005/3005/3076
f 3034/3034/3094 3035/3035/3097 3016/3016/3095
f 3034/3034/3094 3026/3026/3101 3036/3036/3098
f 3006/3006/3115 3003/3003/3096 3035/3035/3097
f 3037/3037/3116 3006/3006/3115 3035/3035/3097
f 3003/3003/3096 3033/3033/3100 3035/3035/3097
f 3034/3034/3094 3037/3037/3116 3035/3035/3097
f 3036/3036/3098 3012/3012/3073 3037/3037/3116
f 3010/4170/3074 3012/3012/3073 3036/3036/3098
f 3036/3036/3098 3037/3037/3116 3034/3034/3094
f 3036/3036/3098 3038/3038/3102 3010/4170/3074
f 3005/3005/3076 3014/3014/3099 3033/3033/3100
f 3016/3016/3095 3033/3033/3100 3014/3014/3099
f 3033/3033/3100 3016/3016/3095 3035/3035/3097
f 3013/3013/3077 3010/3010/3074 3038/4176/3102
f 3038/3038/3102 3036/3036/3098 3026/3026/3101
f 3032/3032/3092 3013/3013/3077 3038/4176/3102
f 3026/3026/3101 3032/4175/3092 3038/3038/3102
f 3016/3016/3095 3025/3025/3086 3034/3034/3094
f 3026/3026/3101 3034/3034/3094 3025/3025/3086
f 2997/2997/3080 3039/3039/3232 3040/3040/3233
f 3040/3040/3233 3020/3020/3082 2997/2997/3080
f 3041/3041/3103 3020/3020/3082 3040/3040/3233
f 3041/3041/3103 3021/3021/3104 3020/3020/3082
f 3022/3022/3083 3021/3021/3104 3041/3041/3103
f 3042/3042/3289 3043/3043/3105 3044/3044/3277
f 2880/2880/2935 2879/2879/2934 2868/2868/2933
f 2879/2879/2934 2880/2880/2935 3045/3045/3106
f 2881/2881/2941 2879/2879/2934 3045/3045/3106
f 3046/3046/3107 2883/4167/3108 3045/3045/3106
f 2884/4168/3109 2883/4167/3108 3046/3046/3107
f 2883/4167/3108 2881/2881/2941 3045/3045/3106
f 2884/2884/3109 3047/3047/3110 2885/2885/3111
f 3048/3048/3113 3045/3045/3106 2880/2880/2935
f 3046/3046/3107 3049/3049/3112 2884/4168/3109
f 2819/2819/3071 2885/2885/3111 3047/3047/3110
f 3047/3047/3110 2884/2884/3109 3049/4179/3112
f 2819/2819/3071 3047/3047/3110 3049/4179/3112
f 3049/4179/3112 3011/4171/3072 2819/2819/3071
f 2878/2878/2932 3002/3002/3062 2880/2880/2935
f 3048/3048/3113 2880/2880/2935 3004/3004/3063
f 3046/3046/3107 3045/3045/3106 3048/3048/3113
f 3050/3050/3117 3046/3046/3107 3051/3051/3114
f 3048/3048/3113 3004/3004/3063 3051/3051/3114
f 3046/3046/3107 3048/3048/3113 3051/3051/3114
f 2880/2880/2935 3002/3002/3062 3004/3004/3063
f 3051/3051/3114 3004/3004/3063 3006/3006/3115
f 3037/3037/3116 3051/3051/3114 3006/3006/3115
f 3037/3037/3116 3050/3050/3117 3051/3051/3114
f 3046/3046/3107 3050/3050/3117 3049/3049/3112
f 3050/3050/3117 3011/3011/3072 3049/3049/3112
f 3011/4171/3072 3010/3010/3074 2819/2819/3071
f 3050/3050/3117 3037/3037/3116 3012/3012/3073
f 3011/3011/3072 3050/3050/3117 3012/3012/3073
f 3052/3052/3118 3053/3053/3735 3054/3054/3119
f 3054/3054/3119 3053/3053/3735 3055/3055/3679
f 3054/3054/3123 3055/3055/3679 3056/3056/3680
f 3057/3057/3121 3052/3052/3118 3054/3054/3119
f 3052/3052/3118 3058/3058/3120 3053/3053/3735
f 3058/3058/3120 3052/3052/3118 3057/3057/3121
f 3057/3057/3122 3054/3054/3123 3059/3059/3124
f 3054/3054/3123 3056/3056/3680 3059/3059/3124
f 3057/3057/3122 3059/3059/3124 3060/3060/3125
f 3060/3060/3125 3058/3058/3120 3057/3057/3121
f 3061/3061/3128 3060/3060/3125 3059/3059/3124
f 3062/3062/3133 3058/3058/3120 3063/3063/3126
f 3058/3058/3120 3064/3064/3127 3063/3063/3129
f 3060/3060/3125 3064/3064/3127 3058/3058/3120
f 3060/3060/3125 3061/3061/3128 3064/3064/3127
f 3061/3061/3128 3065/3065/3131 3064/3064/3127
f 3065/3065/3131 3063/3063/3129 3064/3064/3127
f 3062/3062/3130 3063/3063/3129 3065/3065/3131
f 3066/3066/3132 3062/3062/3130 3065/3065/3131
f 3058/4181/3120 3062/4182/3133 3053/4180/3735
f 3062/4182/3133 3067/3067/3136 3068/3068/3134
f 3066/3066/3132 3067/4183/3136 3062/3062/3130
f 3069/3069/3322 3067/4183/3136 3066/3066/3132
f 3070/3070/3135 3068/3068/3134 3067/3067/3136
f 3071/3071/3137 3061/3061/3128 3059/3059/3124
f 3072/3072/3748 3071/3071/3137 3059/3059/3124
f 3073/3073/3325 3074/3074/3139 3068/3068/3134
f 3075/3075/3138 3062/4182/3133 3074/3074/3139
f 3068/3068/3134 3074/3074/3139 3062/4182/3133
f 3074/3074/3139 3076/3076/3140 3075/3075/3138
f 3077/3077/3142 3076/3076/3140 3074/3074/3139
f 3078/3078/3141 3076/3076/3140 3077/3077/3142
f 3078/3078/3141 3079/3079/3727 3076/3076/3140
f 2917/2917/2973 2916/2916/2971 2964/2964/3143
f 3080/3080/3146 2917/2917/2973 2964/2964/3143
f 2918/2918/2974 2917/2917/2973 3081/3081/3144
f 2918/2918/2974 3081/3081/3144 2920/2920/2980
f 3082/3082/3148 2920/2920/2980 3081/3081/3144
f 3082/3082/3148 3081/3081/3144 3083/3083/3145
f 3081/3081/3144 2917/2917/2973 3080/3080/3146
f 3081/3081/3144 3080/3080/3146 3083/3083/3145
f 3084/3084/3147 3082/3082/3148 3083/3083/3145
f 3080/3080/3146 2964/2964/3143 2981/2981/3041
f 3085/3085/3160 3080/3080/3146 2981/2981/3041
f 2981/2981/3041 2964/2964/3143 2966/2966/3027
f 3083/3083/3145 3080/3080/3146 3085/3085/3160
f 3083/3083/3145 3085/3085/3160 2983/2983/3149
f 3084/3084/3147 3083/3083/3145 2983/2983/3149
f 3084/3084/3147 2983/2983/3149 3086/3086/3150
f 3084/3084/3147 3086/3086/3150 3087/3087/3152
f 3088/3088/3151 3084/3084/3147 3087/3087/3152
f 3089/3089/3153 3087/3087/3152 3086/3086/3150
f 3090/3090/3154 2921/2921/3017 2920/2920/2980
f 2920/2920/2980 3082/3082/3148 3088/3088/3151
f 3088/3088/3151 3082/3082/3148 3084/3084/3147
f 3090/3090/3154 2920/2920/2980 3088/3088/3151
f 3088/3088/3151 3091/3091/3157 3090/3090/3154
f 2525/2525/2565 2921/2921/3017 3092/3092/3155
f 3093/3093/3156 3090/3090/3154 3091/3091/3157
f 2956/2956/3023 3092/3092/3155 3094/3094/3188
f 2921/2921/3017 3090/3090/3154 3092/3092/3155
f 3092/3092/3155 3090/3090/3154 3093/3093/3156
f 3094/3094/3188 3092/3092/3155 3093/3093/3156
f 3088/3088/3151 3087/3087/3152 3091/3091/3157
f 3091/3091/3157 3087/3087/3152 3095/3095/3158
f 3087/3087/3152 3089/3089/3153 3095/3095/3158
f 3093/3093/3156 3091/3091/3157 3095/3095/3158
f 3093/3093/3156 3095/3095/3158 3096/3096/3168
f 3093/3093/3156 3096/3096/3168 3094/3094/3188
f 3097/3097/3159 3094/3094/3188 3096/3096/3168
f 2981/2981/3041 2982/2982/3042 3085/3085/3160
f 2982/2982/3042 2983/2983/3149 3085/3085/3160
f 3098/3098/3162 3086/3086/3150 2983/2983/3149
f 3099/3099/3161 3086/3086/3150 3098/3098/3162
f 3099/3099/3161 3089/3089/3153 3086/3086/3150
f 3099/3099/3161 3100/3100/3167 3089/3089/3153
f 3098/3098/3162 2983/2983/3149 3009/3009/3163
f 3099/3099/3161 3098/3098/3162 3101/3101/3165
f 3102/3102/3164 3099/3099/3161 3101/3101/3165
f 3099/3099/3161 3102/3102/3164 3100/3100/3167
f 3102/3102/3164 3101/3101/3165 3103/3103/3166
f 3102/3102/3164 3103/3103/3166 3104/3104/3170
f 3095/3095/3158 3089/3089/3153 3100/3100/3167
f 3100/3100/3167 3096/3096/3168 3095/3095/3158
f 3097/3097/3159 3096/3096/3168 3105/3105/3169
f 3105/3105/3169 3096/3096/3168 3100/3100/3167
f 3102/3102/3164 3105/3105/3169 3100/3100/3167
f 3105/3105/3169 3102/3102/3164 3104/3104/3170
f 3097/3097/3159 3105/3105/3169 3104/3104/3170
f 2919/2919/2978 2985/2985/3045 2892/2892/3044
f 2924/2924/2983 2929/2929/2987 3106/3106/3171
f 2928/2928/2995 3106/3106/3171 2929/2929/2987
f 3107/3107/3172 3106/3106/3171 2928/2928/2995
f 2924/2924/2983 3106/3106/3171 2997/2997/3080
f 2942/2942/3225 3107/3107/3172 2928/2928/2995
f 2942/2942/3225 2943/2943/2996 3108/3108/3173
f 3108/3108/3173 2944/2944/3174 3109/3109/3179
f 3108/3108/3173 3109/3109/3179 3110/3110/3187
f 3111/3111/3176 2936/2936/3175 2931/2931/2988
f 3112/3112/3177 3111/3111/3176 3113/3113/3202
f 2944/2944/3174 3108/3108/3173 2943/2943/2996
f 3109/3109/3179 2944/2944/3174 2936/2936/3175
f 3111/3111/3176 3109/3109/3179 2936/2936/3175
f 3112/3112/3177 3114/3114/3178 3109/3109/3179
f 3114/3114/3178 3110/3110/3182 3109/3109/3179
f 3115/3115/3180 3114/3114/3178 3112/3112/3177
f 3112/3112/3177 3109/3109/3179 3111/3111/3176
f 3116/3116/3201 3117/3117/3181 3112/3112/3177
f 3118/3118/3189 3110/3110/3182 3119/3119/3183
f 3118/3118/3189 3120/3120/3184 3110/3110/3182
f 3120/3120/3185 3121/3121/3186 3110/3110/3187
f 3110/3110/3187 3121/3121/3186 3108/3108/3173
f 3094/3094/3188 3122/3122/3246 3123/3123/3200
f 3110/3110/3182 3114/3114/3178 3119/3119/3183
f 3119/3119/3183 3114/3114/3178 3118/3118/3189
f 3101/3101/3165 3098/3098/3162 3124/3124/3190
f 3009/3009/3163 3124/3124/3190 3098/3098/3162
f 3103/3103/3166 3101/3101/3165 3124/3124/3190
f 3106/3106/3171 3039/3039/3232 2997/2997/3080
f 3125/3125/3191 3120/3120/3185 3126/3126/3192
f 3126/3126/3192 3022/3022/3083 3127/3127/3193
f 3126/3126/3192 3127/3127/3193 3125/3125/3191
f 3128/3128/3194 3129/3129/3195 3126/3126/3192
f 3094/3094/3188 3097/3097/3159 3122/3122/3246
f 3097/3097/3159 3104/3104/3170 3130/3130/3196
f 3122/3122/3246 3097/3097/3159 3130/3130/3196
f 3118/3118/3189 3128/3128/3214 3120/3120/3184
f 3128/3128/3214 3126/3126/3197 3120/3120/3184
f 3123/3123/3200 3122/3122/3246 3131/3131/3241
f 2525/2525/2565 3092/3092/3155 2956/2956/3023
f 2960/2960/3198 2956/2956/3023 3132/3132/3199
f 3132/3132/3199 2956/2956/3023 3094/3094/3188
f 2961/2961/3024 3111/3111/3176 2931/2931/2988
f 2961/2961/3024 2958/2958/3020 2960/2960/3198
f 2961/2961/3024 2960/2960/3198 3132/3132/3199
f 3132/3132/3199 3113/3113/3202 2961/2961/3024
f 3132/3132/3199 3094/3094/3188 3123/3123/3200
f 3113/3113/3202 3111/3111/3176 2961/2961/3024
f 3116/3116/3201 3112/3112/3177 3113/3113/3202
f 3116/3116/3201 3113/3113/3202 3132/3132/3199
f 3132/3132/3199 3123/3123/3200 3116/3116/3201
f 3116/3116/3201 3123/3123/3200 3131/3131/3241
f 3117/3117/3181 3116/3116/3201 3131/3131/3241
f 3124/3124/3190 3009/3009/3163 3018/3018/3079
f 3133/3133/3204 3124/3124/3190 3018/3018/3203
f 3103/3103/3166 3124/3124/3190 3133/3133/3204
f 3134/3134/3205 3103/3103/3166 3133/3133/3204
f 3103/3103/3166 3134/3134/3205 3104/3104/3170
f 3134/3134/3205 3130/3130/3196 3104/3104/3170
f 3134/3134/3205 3133/3133/3204 3135/3135/3207
f 3134/3134/3205 3135/3135/3207 3130/3130/3196
f 3136/3136/3206 3018/3018/3203 3019/3019/3089
f 3133/3133/3204 3018/3018/3203 3136/3136/3206
f 3133/3133/3204 3136/3136/3206 3135/3135/3207
f 3129/3129/3195 3137/3137/3208 3030/3030/3210
f 3129/3129/3195 3138/3138/3209 3126/3126/3192
f 3126/3126/3192 3138/3138/3209 3022/3022/3083
f 3030/3030/3210 3023/3023/3084 3022/3022/3083
f 3022/3022/3083 3138/3138/3209 3030/3030/3210
f 3129/3129/3195 3030/3030/3210 3138/3138/3209
f 3137/3137/3211 3129/3129/3212 3139/3139/3213
f 3139/3139/3213 3129/3129/3212 3128/3128/3214
f 3128/4188/3214 3140/3140/3227 3139/4190/3213
f 3136/3136/3206 3019/3019/3089 3028/3028/3088
f 3030/3030/3210 3137/3137/3208 3141/3141/3215
f 3141/3141/3216 3028/4173/3217 3029/4174/3218
f 3141/3141/3215 3029/4174/3219 3030/3030/3210
f 3028/4173/3220 3141/3141/3221 3139/3139/3213
f 3136/3136/3206 3028/3028/3088 3142/3142/3223
f 3142/3142/3223 3028/3028/3088 3139/4189/3222
f 3142/3142/3223 3135/3135/3207 3136/3136/3206
f 3139/3139/3213 3141/3141/3221 3137/3137/3211
f 3139/4190/3213 3143/3143/3248 3044/4178/3277
f 3144/3144/3280 3130/3130/3196 3135/3135/3207
f 3130/3130/3196 3144/3144/3280 3145/3145/3255
f 3142/3142/3223 3139/4189/3222 3146/3146/3224
f 3135/3135/3207 3142/3142/3223 3146/3146/3224
f 3146/3146/3224 3139/4189/3222 3044/3044/3277
f 3144/3144/3280 3135/3135/3207 3146/3146/3224
f 3146/3146/3224 3044/3044/3277 3043/3043/3105
f 3147/3147/3278 3146/3146/3224 3043/3043/3105
f 3148/3148/3226 3107/3107/3172 2942/2942/3225
f 3107/3107/3172 3149/3149/3231 3106/3106/3171
f 3107/3107/3172 3148/3148/3226 3149/3149/3231
f 3150/3150/3234 3149/3149/3231 3148/3148/3226
f 2942/2942/3225 3108/3108/3173 3148/3148/3226
f 3117/3117/3181 3115/3115/3180 3112/3112/3177
f 3108/3108/3173 3121/3121/3186 3148/3148/3226
f 3140/3140/3227 3118/4187/3189 3114/4185/3178
f 3114/4185/3178 3115/4186/3180 3140/3140/3227
f 3151/3151/3240 3140/3140/3227 3115/4186/3180
f 3140/3140/3227 3151/3151/3240 3152/3152/3228
f 3153/3153/3229 3152/3152/3228 3151/3151/3240
f 3152/3152/3228 3154/3154/3237 3140/3140/3227
f 3155/3155/3230 3152/3152/3228 3153/3153/3229
f 3154/3154/3237 3152/3152/3228 3155/3155/3230
f 3106/3106/3171 3149/3149/3231 3039/3039/3232
f 3150/3150/3234 3039/3039/3232 3149/3149/3231
f 3040/3040/3233 3039/3039/3232 3150/3150/3234
f 3040/3040/3233 3150/3150/3234 3156/3156/3235
f 3121/3121/3186 3156/3156/3235 3150/3150/3234
f 3121/3121/3186 3150/3150/3234 3148/3148/3226
f 3120/3120/3185 3125/3125/3191 3121/3121/3186
f 3125/3125/3191 3156/3156/3235 3121/3121/3186
f 3156/3156/3235 3041/3041/3103 3040/3040/3233
f 3127/3127/3193 3041/3041/3103 3156/3156/3235
f 3127/3127/3193 3022/3022/3083 3041/3041/3103
f 3125/3125/3191 3127/3127/3193 3156/3156/3235
f 3140/3140/3227 3128/4188/3214 3118/4187/3189
f 3154/3154/3237 3157/3157/3238 3140/3140/3227
f 3158/3158/3236 3154/3154/3237 3155/3155/3230
f 3140/3140/3227 3157/3157/3238 3159/3159/3298
f 3158/3158/3236 3157/3157/3238 3154/3154/3237
f 3117/3117/3181 3160/3160/3239 3151/4191/3240
f 3131/3131/3241 3160/3160/3239 3117/3117/3181
f 3160/3160/3239 3131/3131/3241 3161/3161/3242
f 3151/4191/3240 3115/3115/3180 3117/3117/3181
f 3151/4191/3240 3160/3160/3239 3153/4192/3229
f 3160/3160/3239 3162/3162/3243 3153/4192/3229
f 3153/3153/3229 3162/4193/3243 3155/3155/3230
f 3162/3162/3244 3160/3160/3239 3161/3161/3242
f 3162/4193/3243 3163/3163/3245 3155/3155/3230
f 3161/3161/3242 3131/3131/3241 3122/3122/3246
f 3161/3161/3242 3122/3122/3246 3164/3164/3300
f 3163/4194/3245 3162/3162/3244 3161/3161/3242
f 3155/3155/3230 3163/3163/3245 3158/3158/3236
f 3161/3161/3242 3164/3164/3300 3163/4194/3245
f 3139/4190/3213 3140/3140/3227 3143/3143/3248
f 3143/3143/3248 3165/3165/3251 3166/3166/3247
f 3166/3166/3247 3167/3167/3276 3143/3143/3248
f 3143/3143/3248 3168/3168/3261 3165/3165/3251
f 3169/3169/3286 3167/3167/3276 3166/3166/3247
f 3170/3170/3253 3169/3169/3286 3166/3166/3247
f 3143/3143/3248 3171/3171/3249 3168/3168/3261
f 3165/3165/3251 3170/3170/3253 3166/3166/3247
f 3172/3172/3250 3170/3170/3253 3165/3165/3251
f 3173/3173/3252 3170/4199/3253 3174/3174/3254
f 3175/3175/3256 3173/4203/3252 3174/4204/3254
f 3174/3174/3254 3170/4199/3253 3172/4200/3250
f 3174/4204/3254 3145/3145/3255 3175/3175/3256
f 3174/4204/3254 3176/3176/3257 3145/3145/3255
f 3176/3176/3257 3174/4204/3254 3172/4201/3250
f 3140/3140/3227 3171/3171/3249 3143/3143/3248
f 3177/3177/3258 3171/3171/3249 3140/3140/3227
f 3178/3178/3260 3168/3168/3261 3171/3171/3249
f 3179/3179/3259 3178/3178/3260 3171/3171/3249
f 3178/3178/3260 3179/3179/3259 3180/3180/3291
f 3181/3181/3263 3168/4196/3261 3182/3182/3262
f 3182/3182/3262 3168/4196/3261 3178/4205/3260
f 3180/4206/3291 3182/3182/3262 3178/4205/3260
f 3172/3172/3250 3165/3165/3251 3168/3168/3261
f 3168/4196/3261 3181/3181/3263 3172/4201/3250
f 3176/3176/3257 3172/4201/3250 3181/3181/3263
f 3177/3177/3258 3183/3183/3264 3184/3184/3265
f 3185/3185/3292 3177/3177/3258 3184/3184/3265
f 3186/3186/3270 3185/3185/3292 3184/3184/3265
f 3171/3171/3249 3177/3177/3258 3179/3179/3259
f 3177/3177/3258 3185/3185/3292 3179/3179/3259
f 3187/3187/3266 3130/3130/3196 3145/3145/3255
f 3122/3122/3246 3130/3130/3196 3187/3187/3266
f 3187/3187/3266 3188/3188/3274 3122/3122/3246
f 3176/3176/3257 3187/3187/3266 3145/3145/3255
f 3140/3140/3227 3159/3159/3298 3177/3177/3258
f 3177/3177/3258 3159/3159/3298 3183/3183/3264
f 3122/3122/3246 3189/3189/3273 3164/3164/3300
f 3188/3188/3274 3187/3187/3266 3190/3190/3268
f 3187/3187/3266 3176/3176/3257 3191/3191/3267
f 3191/3191/3267 3190/3190/3268 3187/3187/3266
f 3192/3192/3295 3190/3190/3268 3191/3191/3267
f 3193/3193/3269 3186/3186/3270 3184/3184/3265
f 3194/3194/3271 3186/4207/3270 3193/4209/3269
f 3195/3195/3272 3189/3189/3273 3188/3188/3274
f 3195/3195/3272 3194/3194/3271 3193/4209/3269
f 3195/3195/3272 3190/3190/3268 3194/3194/3271
f 3194/3194/3271 3190/3190/3268 3196/3196/3275
f 3195/3195/3272 3188/3188/3274 3190/3190/3268
f 3192/3192/3295 3196/3196/3275 3190/3190/3268
f 3188/3188/3274 3189/3189/3273 3122/3122/3246
f 3143/3143/3248 3167/3167/3276 3044/4178/3277
f 3197/3197/3279 3146/3146/3224 3147/3147/3278
f 3197/3197/3279 3144/3144/3280 3146/3146/3224
f 3198/3198/3281 3144/3144/3280 3197/3197/3279
f 3169/3169/3286 3199/3199/3282 3167/3167/3276
f 3200/3200/3284 3167/3167/3276 3199/3199/3282
f 3042/4177/3289 3044/4178/3277 3167/3167/3276
f 3200/3200/3284 3042/4177/3289 3167/3167/3276
f 3201/3201/3283 3042/4177/3289 3200/3200/3284
f 3198/3198/3281 3197/3197/3279 3201/4212/3283
f 3202/3202/3288 3201/3201/3283 3200/3200/3284
f 3198/3198/3281 3145/3145/3255 3144/3144/3280
f 3173/4202/3252 3169/4197/3286 3170/4198/3253
f 3203/3203/3285 3169/4197/3286 3173/4202/3252
f 3175/3175/3256 3203/4214/3285 3173/4203/3252
f 3175/3175/3256 3145/3145/3255 3204/3204/3287
f 3203/4214/3285 3175/3175/3256 3204/3204/3287
f 3201/4212/3283 3202/4213/3288 3204/3204/3287
f 3204/3204/3287 3145/3145/3255 3198/3198/3281
f 3198/3198/3281 3201/4212/3283 3204/3204/3287
f 3147/3147/3278 3043/3043/3105 3197/3197/3279
f 3197/3197/3279 3043/3043/3105 3042/3042/3289
f 3197/4211/3279 3042/4177/3289 3201/3201/3283
f 3205/3205/3290 3199/3199/3282 3169/3169/3286
f 3205/3205/3290 3200/3200/3284 3199/3199/3282
f 3203/3203/3285 3205/4216/3290 3169/4197/3286
f 3176/3176/3257 3182/3182/3262 3206/3206/3294
f 3176/3176/3257 3181/3181/3263 3182/3182/3262
f 3191/3191/3267 3176/3176/3257 3206/3206/3294
f 3202/3202/3288 3200/3200/3284 3205/3205/3290
f 3205/4215/3290 3203/4214/3285 3202/4213/3288
f 3203/4214/3285 3204/3204/3287 3202/4213/3288
f 3180/3180/3291 3179/3179/3259 3185/3185/3292
f 3207/3207/3293 3180/3180/3291 3185/3185/3292
f 3182/3182/3262 3180/4206/3291 3206/3206/3294
f 3206/4217/3294 3180/3180/3291 3207/3207/3293
f 3191/3191/3267 3206/3206/3294 3192/3192/3295
f 3208/3208/3296 3185/3185/3292 3186/3186/3270
f 3207/3207/3293 3185/3185/3292 3209/3209/3306
f 3185/3185/3292 3208/3208/3296 3209/3209/3306
f 3210/3210/3302 3183/3183/3264 3159/3159/3298
f 3211/3211/3297 3159/3159/3298 3157/3157/3238
f 3212/3212/3315 3158/3158/3236 3163/3163/3245
f 3213/3213/3299 3164/4195/3300 3189/4208/3273
f 3193/3193/3269 3184/3184/3265 3183/3183/3264
f 3193/3193/3269 3183/3183/3264 3214/3214/3303
f 3196/3196/3275 3186/4207/3270 3194/3194/3271
f 3210/3210/3302 3214/3214/3303 3183/3183/3264
f 3215/3215/3301 3214/4221/3303 3210/4220/3302
f 3210/3210/3302 3159/3159/3298 3211/3211/3297
f 3195/4210/3272 3193/3193/3269 3214/3214/3303
f 3195/4210/3272 3214/3214/3303 3216/3216/3304
f 3195/3195/3272 3216/4222/3304 3189/3189/3273
f 3216/4223/3304 3214/4221/3303 3215/3215/3301
f 3215/3215/3301 3217/3217/3305 3216/4223/3304
f 3189/4208/3273 3216/4223/3304 3217/3217/3305
f 3208/4218/3296 3186/4207/3270 3196/3196/3275
f 3196/3196/3275 3209/4219/3306 3208/4218/3296
f 3196/3196/3275 3218/3218/3320 3209/4219/3306
f 3192/3192/3295 3218/3218/3320 3196/3196/3275
f 3219/3219/3307 3210/3210/3302 3211/3211/3297
f 3219/3219/3307 3211/3211/3297 3220/3220/3308
f 3219/4225/3307 3215/3215/3301 3210/4220/3302
f 3221/3221/3309 3219/4225/3307 3220/4226/3308
f 3219/4225/3307 3221/3221/3309 3215/3215/3301
f 3217/3217/3305 3215/3215/3301 3221/3221/3309
f 3221/3221/3309 3220/4227/3308 3222/3222/3317
f 3223/3223/3310 3221/3221/3309 3222/3222/3317
f 3217/3217/3305 3223/3223/3310 3189/4208/3273
f 3223/3223/3310 3217/3217/3305 3221/3221/3309
f 3224/3224/3311 3189/4208/3273 3223/3223/3310
f 3224/3224/3311 3223/3223/3310 3222/3222/3317
f 3225/3225/3312 3211/3211/3297 3157/3157/3238
f 3226/3226/3313 3225/3225/3312 3157/3157/3238
f 3227/3227/3318 3225/3225/3312 3226/3226/3313
f 3212/3212/3315 3226/3226/3313 3158/3158/3236
f 3158/3158/3236 3226/3226/3313 3157/3157/3238
f 3228/3228/3314 3226/3226/3313 3212/3212/3315
f 3212/3212/3315 3164/4195/3300 3213/3213/3299
f 3228/3228/3314 3212/3212/3315 3213/3213/3299
f 3227/3227/3318 3226/3226/3313 3228/3228/3314
f 3222/3222/3317 3220/4227/3308 3229/3229/3316
f 3229/4229/3316 3211/3211/3297 3225/3225/3312
f 3227/3227/3318 3229/4229/3316 3225/3225/3312
f 3211/3211/3297 3229/4229/3316 3220/3220/3308
f 3224/3224/3311 3222/3222/3317 3230/3230/3319
f 3229/3229/3316 3227/4228/3318 3230/3230/3319
f 3230/3230/3319 3222/3222/3317 3229/3229/3316
f 3213/3213/3299 3224/3224/3311 3230/3230/3319
f 3213/3213/3299 3189/4208/3273 3224/3224/3311
f 3228/3228/3314 3230/3230/3319 3227/4228/3318
f 3213/3213/3299 3230/3230/3319 3228/3228/3314
f 3218/4224/3320 3207/3207/3293 3209/3209/3306
f 3207/3207/3293 3218/4224/3320 3206/4217/3294
f 3218/3218/3320 3192/3192/3295 3206/3206/3294
f 3212/3212/3315 3163/3163/3245 3164/4195/3300
f 3066/3066/3132 3065/3065/3131 3061/3061/3128
f 3231/3231/3321 3066/3066/3132 3061/3061/3128
f 3069/3069/3322 3070/4184/3135 3067/4183/3136
f 3069/3069/3322 3066/3066/3132 3231/3231/3321
f 3071/3071/3137 3231/3231/3321 3061/3061/3128
f 3070/4184/3135 3069/3069/3322 3232/3232/3323
f 3068/3068/3134 3070/3070/3135 3232/4230/3323
f 3069/3069/3322 3231/3231/3321 3232/3232/3323
f 3232/3232/3323 3231/3231/3321 3071/3071/3137
f 3068/3068/3134 3232/4230/3323 3073/3073/3325
f 3071/3071/3137 3233/3233/3324 3232/3232/3323
f 3077/3077/3142 3074/3074/3139 3073/3073/3325
f 3233/4231/3324 3234/3234/3326 3077/3077/3142
f 3073/3073/3325 3232/4230/3323 3233/4231/3324
f 3073/3073/3325 3233/4231/3324 3077/3077/3142
f 3233/3233/3324 3071/3071/3137 3234/4232/3326
f 3235/3235/3998 3234/4232/3326 3071/3071/3137
f 3077/3077/3142 3234/3234/3326 3078/3078/3141
f 3234/3234/3326 3236/3236/3327 3078/3078/3141
f 3236/3236/3327 3234/3234/3326 3235/4233/3998
f 3237/3237/3999 3079/3079/3727 3078/3078/3141
f 3237/3237/3999 3078/3078/3141 3236/3236/3327
f 3235/4233/3998 3237/3237/3999 3236/3236/3327
f 3238/3238/3341 3239/3239/3328 3240/3240/3343
f 3241/3241/3329 3239/3239/3328 3242/3242/3340
f 3243/3243/3330 3242/4235/3340 3244/3244/3357
f 3243/4236/3330 3241/3241/3329 3242/3242/3340
f 3243/3243/3330 3245/3245/3331 3246/3246/3387
f 3247/3247/3332 3248/3248/3333 3249/3249/3334
f 3247/3247/3332 3250/3250/3353 3248/3248/3333
f 3251/3251/3335 3252/3252/3336 3253/3253/3337
f 3252/3252/3336 3254/3254/3338 3253/3253/3337
f 3253/3253/3337 3255/3255/3339 3256/3256/3342
f 3242/3242/3340 3238/3238/3341 3251/4238/3335
f 3251/4238/3335 3238/3238/3341 3247/3247/3332
f 3242/4235/3340 3251/3251/3335 3256/3256/3342
f 3257/3257/3345 3240/3240/3343 3258/3258/3344
f 3240/3240/3343 3257/3257/3345 3238/3238/3341
f 3242/3242/3340 3239/3239/3328 3238/3238/3341
f 3250/3250/3353 3247/3247/3332 3257/3257/3345
f 3258/3258/3344 3250/3250/3353 3257/3257/3345
f 3247/3247/3332 3238/3238/3341 3257/3257/3345
f 3247/3247/3332 3249/3249/3334 3252/4239/3336
f 3251/4238/3335 3247/3247/3332 3252/4239/3336
f 3251/3251/3335 3253/3253/3337 3256/3256/3342
f 3259/3259/3346 3249/3249/3334 3248/3248/3333
f 3254/3254/3338 3249/4237/3334 3259/4240/3346
f 3259/3259/3346 3248/3248/3333 3260/3260/3347
f 3261/3261/3349 3259/4240/3346 3260/4241/3347
f 3260/3260/3347 3248/3248/3333 1550/1550/3348
f 3259/4240/3346 3261/3261/3349 3254/3254/3338
f 3261/3261/3349 3262/3262/3360 3263/3263/3350
f 1552/1552/3351 3248/3248/3333 3250/3250/3353
f 1550/1550/3348 3248/3248/3333 1552/1552/3351
f 3264/3264/3352 1552/1552/3351 3250/3250/3353
f 3252/3252/3336 3249/4237/3334 3254/3254/3338
f 3254/3254/3338 3265/3265/3355 3253/3253/3337
f 3255/3255/3339 3253/3253/3337 3265/3265/3355
f 3265/3265/3355 3266/3266/3354 3255/3255/3339
f 3267/3267/3367 3255/3255/3339 3266/3266/3354
f 3265/3265/3355 3254/3254/3338 3261/3261/3349
f 3265/3265/3355 3261/3261/3349 3263/3263/3350
f 3266/3266/3354 3265/3265/3355 3263/3263/3350
f 3266/3266/3354 3263/3263/3350 3268/3268/3363
f 3269/3269/3359 3267/3267/3367 3270/3270/3368
f 3271/3271/3356 3256/3256/3342 3255/3255/3339
f 3256/3256/3342 3244/3244/3357 3242/4235/3340
f 3271/3271/3356 3244/3244/3357 3256/3256/3342
f 3245/3245/3331 3271/3271/3356 3272/3272/3358
f 3245/3245/3331 3243/3243/3330 3244/3244/3357
f 3245/3245/3331 3244/3244/3357 3271/3271/3356
f 3272/3272/3358 3271/3271/3356 3255/3255/3339
f 3272/3272/3358 3255/3255/3339 3267/3267/3367
f 3272/3272/3358 3267/3267/3367 3269/3269/3359
f 3260/3260/3347 1550/1550/3348 1549/1549/1563
f 3261/3261/3349 3260/4241/3347 3262/3262/3360
f 3262/3262/3360 3260/4241/3347 1549/4018/1563
f 3263/3263/3350 3262/3262/3360 3273/3273/3361
f 3263/3263/3350 3273/3273/3361 3268/3268/3363
f 3273/3273/3361 3262/3262/3360 1549/4018/1563
f 3273/3273/3361 1549/4018/1563 3274/3274/3362
f 3273/3273/3361 3274/3274/3362 3268/3268/3363
f 3268/3268/3363 3274/3274/3362 3275/3275/3364
f 3268/3268/3363 3275/3275/3364 3276/3276/3366
f 3264/3264/3352 1608/1608/3365 1552/1552/3351
f 3276/3276/3366 3267/3267/3367 3268/3268/3363
f 3270/3270/3368 3267/3267/3367 3276/3276/3366
f 3277/3277/3532 3270/3270/3368 3276/3276/3366
f 3267/3267/3367 3266/3266/3354 3268/3268/3363
f 3274/3274/3362 1549/4018/1563 1551/4019/1564
f 3274/3274/3362 1551/4019/1564 1556/1556/1570
f 3275/3275/3364 3274/3274/3362 1556/1556/1570
f 3275/3275/3364 1556/1556/1570 1559/1559/1571
f 3275/3275/3364 1559/1559/1571 3276/3276/3366
f 3276/3276/3366 1637/1637/3369 3277/3277/3532
f 1637/1637/3369 3276/3276/3366 1559/1559/1571
f 1574/1574/3373 3278/3278/3370 3279/3279/3371
f 3279/3279/3371 3278/3278/3370 3280/3280/3394
f 3279/3279/3371 3281/3281/3372 1574/1574/3373
f 3282/3282/3374 3283/3283/3375 3284/3284/3382
f 3283/3283/3375 3285/3285/3376 3286/3286/3379
f 3282/3282/3374 3284/3284/3382 3287/3287/3377
f 3288/3288/3391 3282/3282/3374 3287/3287/3377
f 3289/3289/3378 3288/3288/3391 3287/3287/3377
f 3290/3290/3483 3289/3289/3378 3287/3287/3377
f 3286/3286/3379 3240/3240/3343 3291/3291/3380
f 3286/3286/3379 3258/3258/3344 3240/3240/3343
f 3292/3292/3385 3293/3293/3381 3241/3241/3329
f 3243/4236/3330 3292/3292/3385 3241/3241/3329
f 3294/3294/3383 3291/3291/3380 3293/3293/3381
f 3291/3291/3380 3294/3294/3383 3286/3286/3379
f 3291/3291/3380 3240/3240/3343 3239/3239/3328
f 3293/3293/3381 3291/3291/3380 3239/3239/3328
f 3241/3241/3329 3293/3293/3381 3239/3239/3328
f 3284/3284/3382 3294/3294/3383 3293/3293/3381
f 3286/3286/3379 3294/3294/3383 3283/3283/3375
f 3294/3294/3383 3284/3284/3382 3283/3283/3375
f 3295/3295/3396 3296/3296/3384 3297/3297/3393
f 3243/3243/3330 3246/3246/3387 3292/4243/3385
f 3287/3287/3377 3293/3293/3381 3292/3292/3385
f 3287/3287/3377 3292/3292/3385 3290/3290/3483
f 3298/3298/3386 3246/3246/3387 3272/3272/3358
f 3290/4242/3483 3292/4243/3385 3246/3246/3387
f 3246/3246/3387 3298/3298/3386 3290/4242/3483
f 3272/3272/3358 3246/3246/3387 3245/3245/3331
f 3293/3293/3381 3287/3287/3377 3284/3284/3382
f 3298/3298/3386 3272/3272/3358 3299/3299/3388
f 3272/3272/3358 3269/3269/3359 3299/3299/3388
f 3300/3300/3389 3301/3301/3390 3288/3288/3391
f 3300/3300/3389 3302/3302/3492 3301/3301/3390
f 3301/3301/3390 3283/3283/3375 3282/3282/3374
f 3288/3288/3391 3301/3301/3390 3282/3282/3374
f 3301/3301/3390 3285/3285/3376 3283/3283/3375
f 3302/3302/3492 3285/3285/3376 3301/3301/3390
f 3303/3303/3392 3286/3286/3379 3304/3304/3493
f 3304/3304/3493 3286/3286/3379 3285/3285/3376
f 3297/3297/3393 3258/3258/3344 3286/3286/3379
f 3305/3305/3400 3297/3297/3393 3286/3286/3379
f 3305/3305/3400 3295/3295/3396 3297/3297/3393
f 3280/3280/3394 3296/3296/3384 3306/3306/3395
f 3296/3296/3384 3295/3295/3396 3306/3306/3395
f 3306/3306/3395 3279/3279/3371 3280/3280/3394
f 3306/3306/3395 3295/3295/3396 3307/3307/3397
f 3306/3306/3395 3307/3307/3397 3281/3281/3372
f 3307/3307/3397 3295/3295/3396 3308/3308/3398
f 3308/3308/3398 3295/3295/3396 3305/3305/3400
f 3308/3308/3398 3309/3309/3462 3307/3307/3397
f 3281/3281/3372 3307/3307/3397 3309/3309/3462
f 3306/3306/3395 3281/3281/3372 3279/3279/3371
f 3310/3310/3430 3311/3311/3432 3312/3312/3399
f 3286/3286/3379 3303/3303/3392 3305/3305/3400
f 3313/3313/3401 3298/3298/3386 3299/3299/3388
f 3314/3314/3486 3298/3298/3386 3313/3313/3401
f 3313/3313/3401 3299/3299/3388 3315/3315/3435
f 3303/3303/3392 3308/3308/3398 3305/3305/3400
f 3308/3308/3398 3303/3303/3392 3316/3316/3458
f 3317/3317/3403 3310/3310/3430 3312/3312/3399
f 3313/3313/3401 3315/3315/3435 3318/3318/3402
f 3315/3315/3435 3317/3317/3403 3319/3319/3404
f 3319/3319/3404 3318/3318/3402 3315/3315/3435
f 3319/3319/3404 3320/3320/3466 3318/3318/3402
f 3319/3319/3404 3317/3317/3403 3312/3312/3399
f 3321/3321/3411 3258/3258/3344 3297/3297/3393
f 3321/3321/3411 3250/3250/3353 3258/3258/3344
f 3297/3297/3393 3322/3322/3407 3321/3321/3411
f 3323/3323/3405 3280/3280/3394 3324/3324/3408
f 3296/3296/3384 3323/3323/3405 3297/3297/3393
f 3323/3323/3405 3296/3296/3384 3280/3280/3394
f 3323/3323/3405 3325/3325/3406 3322/3322/3407
f 3323/3323/3405 3324/3324/3408 3325/3325/3406
f 1572/1572/1579 3325/3325/3406 3324/3324/3408
f 3323/3323/3405 3322/3322/3407 3297/3297/3393
f 3322/3322/3407 3325/3325/3406 3326/3326/3409
f 3327/3327/3410 3321/3321/3411 3326/3326/3409
f 1580/1580/3412 3328/3328/3413 3329/3329/3414
f 3321/3321/3411 3327/3327/3410 3264/3264/3352
f 3328/3328/3413 3327/3327/3410 3326/3326/3409
f 3326/3326/3409 3330/3330/3415 3328/3328/3413
f 3330/3330/3415 1581/1581/1589 3329/3329/3414
f 3325/3325/3406 1581/1581/1589 3330/3330/3415
f 1581/1581/1589 1578/1578/1590 3329/3329/3414
f 1572/1572/1579 1569/1569/1576 1581/1581/1589
f 3325/3325/3406 1572/1572/1579 1581/1581/1589
f 3325/3325/3406 3330/3330/3415 3326/3326/3409
f 3328/3328/3413 3330/3330/3415 3329/3329/3414
f 3329/3329/3414 1578/1578/1590 1580/1580/3412
f 3264/3264/3352 3250/3250/3353 3321/3321/3411
f 3326/3326/3409 3321/3321/3411 3322/3322/3407
f 3331/3331/3427 3269/3269/3359 3270/3270/3368
f 3332/3332/3428 3333/3333/3417 3334/3334/3416
f 3333/3333/3417 3332/3332/3428 3335/3335/3418
f 3331/3331/3427 3336/3336/3419 3332/3332/3428
f 3337/3337/3535 3332/3332/3428 3336/3336/3419
f 3337/3337/3535 3335/3335/3418 3332/3332/3428
f 1573/1573/1580 1572/1572/1579 3324/3324/3408
f 1573/1573/1580 3278/3278/3370 1574/1574/3373
f 1589/1589/1593 1575/1575/1602 3338/3338/3420
f 1575/1575/1602 1597/1597/1601 3338/3338/3420
f 1597/1597/1601 3339/3339/3479 3338/3338/3420
f 3340/3340/3423 3339/3339/3479 3341/3341/3421
f 3338/3338/3420 3339/3339/3479 3340/3340/3423
f 1589/1589/1593 3338/3338/3420 3340/3340/3423
f 3280/3280/3394 3278/3278/3370 1573/1573/1580
f 3280/3280/3394 1573/1573/1580 3324/3324/3408
f 1589/1589/1593 3342/3342/3422 3334/3334/3416
f 3342/3342/3422 1589/1589/1593 3340/3340/3423
f 3343/3343/3433 3341/3341/3421 3339/3339/3479
f 3333/3333/3417 1588/1588/1592 1589/1589/1593
f 3335/3335/3418 1588/1588/1592 3333/3333/3417
f 1588/1588/1592 3335/3335/3418 1590/1590/1594
f 3334/3334/3416 3333/3333/3417 1589/1589/1593
f 3344/3344/3424 3345/3345/3426 3346/3346/3425
f 3345/3345/3426 3344/3344/3424 3347/3347/3431
f 3345/3345/3426 3299/3299/3388 3269/3269/3359
f 3331/3331/3427 3345/3345/3426 3269/3269/3359
f 3346/3346/3425 3345/3345/3426 3331/3331/3427
f 3332/3332/3428 3334/3334/3416 3346/3346/3425
f 3346/3346/3425 3331/3331/3427 3332/3332/3428
f 3346/3346/3425 3334/3334/3416 3342/3342/3422
f 3344/3344/3424 3346/3346/3425 3342/3342/3422
f 3340/3340/3423 3341/3341/3421 3348/3348/3429
f 3340/3340/3423 3348/3348/3429 3342/3342/3422
f 3347/3347/3431 3342/3342/3422 3348/3348/3429
f 3347/3347/3431 3344/3344/3424 3342/3342/3422
f 3348/3348/3429 3341/3341/3421 3343/3343/3433
f 3310/3310/3430 3348/3348/3429 3343/3343/3433
f 3310/3310/3430 3347/3347/3431 3348/3348/3429
f 3311/3311/3432 3310/3310/3430 3343/3343/3433
f 3345/3345/3426 3349/3349/3434 3299/3299/3388
f 3349/3349/3434 3345/3345/3426 3347/3347/3431
f 3349/3349/3434 3347/3347/3431 3315/3315/3435
f 3299/3299/3388 3349/3349/3434 3315/3315/3435
f 3317/3317/3403 3315/3315/3435 3347/3347/3431
f 3347/3347/3431 3310/3310/3430 3317/3317/3403
f 3281/3281/3372 1591/1591/3436 1574/1574/3373
f 1564/1564/1573 1574/1574/3373 1591/1591/3436
f 3281/3281/3372 1592/1592/1596 1591/1591/3436
f 1592/1592/1596 3281/3281/3372 3350/3350/3437
f 3351/3351/3439 1593/1593/1598 1594/1594/3444
f 1594/1594/3444 3352/3352/3438 3351/3351/3439
f 3353/3353/3442 3354/3354/3480 3355/3355/3440
f 3356/3356/3441 3357/3357/3481 3353/3353/3442
f 3355/3355/3440 3358/3358/3446 3353/3353/3442
f 3354/3354/3480 3359/3359/3443 3355/3355/3440
f 3359/3359/3443 3360/3360/3452 3355/3355/3440
f 1594/1594/3444 1592/1592/1596 3350/3350/3437
f 3356/3356/3441 3311/3311/3432 3357/3357/3481
f 3352/3352/3438 1594/1594/3444 3350/3350/3437
f 3361/3361/3445 3352/3352/3438 3350/3350/3437
f 3362/3362/3465 3352/3352/3438 3361/3361/3445
f 3356/3356/3441 3353/3353/3442 3358/3358/3446
f 3358/3358/3446 3355/3355/3440 3363/3363/3454
f 3364/3364/3447 3356/3356/3441 3358/3358/3446
f 3311/3311/3432 3356/3356/3441 3364/3364/3447
f 3365/3365/3467 3358/3358/3446 3363/3363/3454
f 1595/1595/3563 1593/1593/1598 3351/3351/3439
f 3366/3366/3448 3351/3351/3439 3352/3352/3438
f 3366/3366/3448 1595/1595/3563 3351/3351/3439
f 3367/3367/3449 3366/3366/3448 3352/3352/3438
f 3367/3367/3449 3352/3352/3438 3362/3362/3465
f 3368/3368/3582 3360/3360/3452 3359/3359/3443
f 1595/1595/3563 3366/3366/3448 3369/3369/3450
f 3369/3369/3450 3366/3366/3448 3367/3367/3449
f 3369/3369/3450 3370/3370/3451 1595/1595/3563
f 3360/3360/3452 3371/3371/3453 3355/3355/3440
f 3363/3363/3454 3355/3355/3440 3371/3371/3453
f 3371/3371/3453 3360/3360/3452 3368/3368/3582
f 3372/3372/3455 3363/3363/3454 3371/3371/3453
f 3371/3371/3453 3368/3368/3582 3373/3373/3456
f 3373/3373/3456 3368/3368/3582 3374/3374/3457
f 3375/3375/3475 3371/3371/3453 3373/3373/3456
f 3375/3375/3475 3372/3372/3455 3371/3371/3453
f 3316/3316/3458 3303/3303/3392 3376/3376/3461
f 3377/3377/3459 3303/3303/3392 3378/3378/3460
f 3376/3376/3461 3379/3379/3464 3380/3380/3463
f 3379/3379/3464 3376/3376/3461 3381/3381/3471
f 3376/3376/3461 3303/3303/3392 3377/3377/3459
f 3381/3381/3471 3376/3376/3461 3377/3377/3459
f 3309/3309/3462 3350/3350/3437 3281/3281/3372
f 3309/3309/3462 3361/3361/3445 3350/3350/3437
f 3312/3312/3399 3311/3311/3432 3364/3364/3447
f 3364/3364/3447 3358/3358/3446 3365/3365/3467
f 3308/3308/3398 3316/3316/3458 3309/3309/3462
f 3309/3309/3462 3380/3380/3463 3361/3361/3445
f 3362/3362/3465 3361/3361/3445 3380/3380/3463
f 3309/3309/3462 3316/3316/3458 3380/3380/3463
f 3376/3376/3461 3380/3380/3463 3316/3316/3458
f 3320/3320/3466 3319/3319/3404 3312/3312/3399
f 3380/3380/3463 3379/3379/3464 3362/3362/3465
f 3382/3382/3506 3320/3320/3466 3365/3365/3467
f 3364/3364/3447 3320/3320/3466 3312/3312/3399
f 3320/3320/3466 3364/3364/3447 3365/3365/3467
f 3379/3379/3464 3383/3383/3468 3367/3367/3449
f 3379/3379/3464 3381/3381/3471 3383/3383/3468
f 3383/3383/3468 3381/3381/3471 3384/3384/3469
f 3385/3385/3470 3384/3384/3469 3381/3381/3471
f 3386/3386/3472 3383/3383/3468 3384/3384/3469
f 3367/3367/3449 3362/3362/3465 3379/3379/3464
f 3367/3367/3449 3383/3383/3468 3369/3369/3450
f 3363/3363/3454 3387/3387/3473 3365/3365/3467
f 3372/3372/3455 3387/3387/3473 3363/3363/3454
f 3370/3370/3451 3369/3369/3450 3383/3383/3468
f 3370/3370/3451 3383/3383/3468 3386/3386/3472
f 3388/3388/3474 3372/3372/3455 3375/3375/3475
f 3389/3389/3526 3372/3372/3455 3388/3388/3474
f 3372/3372/3455 3390/3390/3476 3387/3387/3473
f 3372/3372/3455 3389/3389/3526 3390/3390/3476
f 3387/3387/3473 3390/3390/3476 3391/3391/3477
f 3365/3365/3467 3387/3387/3473 3382/3382/3506
f 3391/3391/3477 3382/3382/3506 3387/3387/3473
f 1597/1597/1601 1598/1598/1599 3392/3392/3478
f 1597/1597/1601 3392/3392/3478 3339/3339/3479
f 3392/3392/3478 3354/3354/3480 3353/3353/3442
f 3392/3392/3478 1598/1598/1599 3354/3354/3480
f 3357/3357/3481 3339/3339/3479 3392/3392/3478
f 3357/3357/3481 3392/3392/3478 3353/3353/3442
f 3359/3359/3443 3354/3354/3480 1598/1598/1599
f 3359/3359/3443 1598/1598/1599 1599/1599/1600
f 3343/3343/3433 3339/3339/3479 3357/3357/3481
f 3343/3343/3433 3357/3357/3481 3311/3311/3432
f 3368/3368/3582 3359/3359/3443 1599/1599/1600
f 3368/3368/3582 1599/1599/1600 1604/1604/3482
f 3290/3290/3483 3314/4244/3486 3289/3289/3378
f 3298/3298/3386 3314/3314/3486 3290/4242/3483
f 3393/3393/3484 3300/3300/3389 3288/3288/3391
f 3393/3393/3484 3288/3288/3391 3289/3289/3378
f 3289/3289/3378 3314/4244/3486 3393/3393/3484
f 3394/3394/3485 3393/3393/3484 3314/4244/3486
f 3394/4245/3485 3314/3314/3486 3313/3313/3401
f 3395/3395/3487 3300/3300/3389 3393/3393/3484
f 3300/3300/3389 3396/3396/3488 3302/3302/3492
f 3395/3395/3487 3396/3396/3488 3300/3300/3389
f 3397/3397/3489 3395/3395/3487 3393/3393/3484
f 3393/3393/3484 3394/3394/3485 3397/3397/3489
f 3398/3398/3497 3396/3396/3488 3395/3395/3487
f 3397/3397/3489 3398/3398/3497 3395/3395/3487
f 3318/3318/3402 3399/3399/3505 3313/3313/3401
f 3400/3400/3490 3401/3401/3491 3302/3302/3492
f 3401/3401/3491 3304/3304/3493 3285/3285/3376
f 3302/3302/3492 3401/3401/3491 3285/3285/3376
f 3402/3402/3494 3401/3401/3491 3400/3400/3490
f 3401/3401/3491 3403/3403/3496 3304/3304/3493
f 3302/3302/3492 3396/3396/3488 3400/3400/3490
f 3398/3398/3497 3400/3400/3490 3396/3396/3488
f 3402/3402/3494 3403/3403/3496 3401/3401/3491
f 3404/3404/3495 3304/3304/3493 3403/3403/3496
f 3304/3304/3493 3404/3404/3495 3378/3378/3460
f 3402/3402/3494 3400/3400/3490 3405/3405/3512
f 3405/3405/3512 3403/3403/3496 3402/3402/3494
f 3406/3406/3511 3403/3403/3496 3405/3405/3512
f 3378/3378/3460 3303/3303/3392 3304/3304/3493
f 3407/3407/3663 3394/4245/3485 3408/3408/3509
f 3394/3394/3485 3409/3409/3501 3397/3397/3489
f 3400/3400/3490 3398/3398/3497 3410/3410/3498
f 3397/3397/3489 3410/3410/3498 3398/3398/3497
f 3394/3394/3485 3407/4246/3663 3409/3409/3501
f 3405/3405/3512 3400/3400/3490 3410/3410/3498
f 3409/3409/3501 3410/3410/3498 3397/3397/3489
f 3405/3405/3512 3410/3410/3498 3411/3411/3500
f 3411/3411/3500 3412/3412/3499 3405/3405/3512
f 3411/3411/3500 3410/3410/3498 3409/3409/3501
f 3409/3409/3501 3413/3413/3502 3411/3411/3500
f 3413/3413/3502 3409/3409/3501 3407/4246/3663
f 3407/3407/3663 3408/3408/3509 3414/3414/3510
f 3415/3415/3503 3318/3318/3402 3320/3320/3466
f 3399/3399/3505 3408/3408/3509 3313/3313/3401
f 3399/3399/3505 3318/3318/3402 3415/3415/3503
f 3416/3416/3504 3408/3408/3509 3399/3399/3505
f 3416/3416/3504 3399/3399/3505 3415/3415/3503
f 3394/4245/3485 3313/3313/3401 3408/3408/3509
f 3415/3415/3503 3320/3320/3466 3382/3382/3506
f 3415/3415/3503 3382/3382/3506 3417/3417/3507
f 3416/3416/3504 3418/3418/3508 3408/3408/3509
f 3408/3408/3509 3418/3418/3508 3414/3414/3510
f 3416/3416/3504 3415/3415/3503 3417/3417/3507
f 3403/3403/3496 3406/3406/3511 3404/3404/3495
f 3405/3405/3512 3419/3419/3513 3406/3406/3511
f 3406/3406/3511 3378/3378/3460 3404/3404/3495
f 3420/3420/3516 3377/3377/3459 3378/3378/3460
f 3377/3377/3459 3385/3385/3470 3381/3381/3471
f 3378/3378/3460 3406/3406/3511 3421/3421/3519
f 3420/3420/3516 3385/3385/3470 3377/3377/3459
f 3422/3422/3514 3385/3385/3470 3420/3420/3516
f 3378/3378/3460 3423/3423/3515 3420/3420/3516
f 3412/3412/3499 3419/3419/3513 3405/3405/3512
f 3424/3424/3517 3419/3419/3513 3412/3412/3499
f 3412/3412/3499 3411/3411/3500 3424/3424/3517
f 3424/3424/3517 3411/3411/3500 3425/3425/3520
f 3411/3411/3500 3413/3413/3502 3425/3425/3520
f 3419/3419/3513 3424/3424/3517 3426/3426/3518
f 3419/3419/3513 3421/3421/3519 3406/3406/3511
f 3421/3421/3519 3419/3419/3513 3426/3426/3518
f 3421/3421/3519 3423/3423/3515 3378/3378/3460
f 3425/3425/3520 3427/3427/3521 3424/3424/3517
f 3425/3425/3520 3428/3428/3522 3427/3427/3521
f 3428/3428/3522 3425/3425/3520 3413/3413/3502
f 3427/3427/3521 3426/3426/3518 3424/3424/3517
f 3407/3407/3663 3414/3414/3510 3429/3429/3523
f 3417/3417/3507 3382/3382/3506 3391/3391/3477
f 3418/3418/3508 3416/3416/3504 3417/3417/3507
f 3430/3430/3524 3417/3417/3507 3391/3391/3477
f 3418/3418/3508 3417/3417/3507 3430/3430/3524
f 3431/3431/3525 3391/3391/3477 3390/3390/3476
f 3431/3431/3525 3390/3390/3476 3389/3389/3526
f 3430/3430/3524 3391/3391/3477 3431/3431/3525
f 3430/3430/3524 3414/3414/3510 3418/3418/3508
f 3430/3430/3524 3432/3432/3527 3414/3414/3510
f 3430/3430/3524 3433/3433/3635 3432/3432/3527
f 3327/3327/3410 1608/1608/3365 3264/3264/3352
f 3328/3328/3413 1608/1608/3365 3327/3327/3410
f 1608/1608/3365 3328/3328/3413 1606/1606/3528
f 3328/3328/3413 1580/1580/3412 1606/1606/3528
f 1590/1590/1594 3335/3335/3418 3434/3434/3529
f 3434/3434/3529 1619/1619/3530 1590/1590/1594
f 1619/1619/3530 3434/3434/3529 3435/3435/3531
f 3336/3336/3419 3331/3331/3427 3270/3270/3368
f 3270/3270/3368 3277/3277/3532 3436/3436/3533
f 3336/3336/3419 3436/3436/3533 3437/3437/3534
f 3437/3437/3534 3335/3335/3418 3337/3337/3535
f 3436/3436/3533 3434/3434/3529 3437/3437/3534
f 3437/3437/3534 3434/3434/3529 3335/3335/3418
f 3336/3336/3419 3270/3270/3368 3436/3436/3533
f 3337/3337/3535 3336/3336/3419 3437/3437/3534
f 3436/3436/3533 3435/3435/3531 3434/3434/3529
f 3436/3436/3533 3438/3438/3536 3435/3435/3531
f 1620/1620/3538 1619/1619/3530 3435/3435/3531
f 3439/3439/3539 3277/3277/3532 1637/1637/3369
f 3277/3277/3532 3439/3439/3539 3438/3438/3536
f 3277/3277/3532 3438/3438/3536 3436/3436/3533
f 1620/1620/3538 1618/1618/1616 1619/1619/3530
f 3440/3440/3537 1622/1622/1618 1620/1620/3538
f 3435/3435/3531 3440/3440/3537 1620/1620/3538
f 3438/3438/3536 3440/3440/3537 3435/3435/3531
f 3438/3438/3536 3439/3439/3539 3441/3441/3540
f 3440/3440/3537 3438/3438/3536 3441/3441/3540
f 1683/1683/3544 1622/1622/1618 3440/3440/3537
f 3442/3442/3541 3439/3439/3539 1637/1637/3369
f 1642/1642/1647 3442/3442/3541 1637/1637/3369
f 3441/3441/3540 3439/3439/3539 3442/3442/3541
f 1658/4028/3542 3442/3442/3541 1642/1642/1647
f 3443/3443/3543 1696/1696/1685 1683/1683/3544
f 3440/3440/3537 3441/3441/3540 3444/3444/3545
f 1683/1683/3544 3440/3440/3537 3444/3444/3545
f 1683/1683/3544 3444/3444/3545 3443/3443/3543
f 3444/3444/3545 3441/3441/3540 3442/3442/3541
f 3444/3444/3545 3442/3442/3541 3445/3445/3546
f 3443/3443/3543 3444/3444/3545 3445/3445/3546
f 1658/4028/3542 3445/3445/3546 3442/3442/3541
f 1683/1683/3544 1696/1696/1685 1676/1676/1667
f 3446/3446/3547 1696/1696/1685 3443/3443/3543
f 1682/1682/3550 1696/1696/1685 3447/3447/3551
f 3446/3446/3547 3443/3443/3543 3445/3445/3546
f 3446/3446/3547 3445/3445/3546 1658/4028/3542
f 3447/3447/3551 1696/1696/1685 3446/3446/3547
f 3448/3448/3548 3447/3447/3551 3446/3446/3547
f 3448/3448/3548 3446/3446/3547 1658/4028/3542
f 3449/3449/3549 1682/1682/3550 3447/3447/3551
f 1682/1682/3550 3449/3449/3549 1688/1688/1677
f 1658/1658/3542 3450/3450/3552 3448/4247/3548
f 3447/3447/3551 3448/3448/3548 3449/3449/3549
f 3450/3450/3552 3449/4248/3549 3448/4247/3548
f 3450/3450/3552 1658/1658/3542 3451/3451/3557
f 3452/3452/3559 1658/1658/3542 1659/1659/1648
f 3452/3452/3559 3451/3451/3557 1658/1658/3542
f 1688/4031/1677 3449/4248/3549 3453/3453/3553
f 3450/3450/3552 3453/3453/3553 3449/4248/3549
f 3453/3453/3553 3450/3450/3552 3454/3454/3554
f 3455/3455/3556 3453/3453/3553 3454/3454/3554
f 1692/1692/1785 1709/1709/1702 3456/3456/3555
f 3453/3453/3553 1709/1709/1702 1688/4031/1677
f 3455/3455/3556 1709/1709/1702 3453/3453/3553
f 3456/3456/3555 1709/1709/1702 3455/3455/3556
f 3457/3457/3824 3456/3456/3555 3455/3455/3556
f 3457/3457/3824 3455/3455/3556 3458/3458/3558
f 3450/3450/3552 3451/3451/3557 3454/3454/3554
f 3459/3459/3848 3451/3451/3557 3452/3452/3559
f 3455/3455/3556 3454/3454/3554 3458/3458/3558
f 3460/3460/3829 3454/3454/3554 3451/3451/3557
f 3458/3458/3558 3454/3454/3554 3460/3460/3829
f 3460/3460/3829 3451/3451/3557 3459/3459/3848
f 3452/4249/3559 1659/4029/1648 1704/1704/1695
f 3452/4249/3559 1704/1704/1695 1768/1768/3560
f 1768/1768/3560 1770/1770/1769 3461/3461/3561
f 3452/4249/3559 1768/1768/3560 3461/3461/3561
f 3461/3461/3561 3462/3462/4004 3452/4249/3559
f 3462/3462/4004 3461/3461/3561 1770/1770/1769
f 3463/3463/3562 1595/1595/3563 3370/3370/3451
f 3463/3463/3562 3370/3370/3451 3464/3464/3564
f 1596/1596/3587 1595/1595/3563 3463/3463/3562
f 3465/3465/3566 3463/3463/3562 3464/3464/3564
f 3466/3466/3565 3463/3463/3562 3465/3465/3566
f 3467/3467/3567 3464/3464/3564 3370/3370/3451
f 3374/3374/3457 3375/3375/3475 3373/3373/3456
f 3374/3374/3457 3368/3368/3582 3468/3468/3568
f 3375/3375/3475 3374/3374/3457 3469/3469/3570
f 3388/3388/3474 3375/3375/3475 3469/3469/3570
f 3465/3465/3566 3464/3464/3564 3470/3470/3578
f 3374/3374/3457 3468/3468/3568 3471/3471/3569
f 3471/3471/3569 3469/3469/3570 3374/3374/3457
f 3469/3469/3570 3471/3471/3569 3472/3472/3571
f 3472/3472/3571 3471/3471/3569 3473/3473/3572
f 3466/3466/3565 3465/3465/3566 3474/3474/3573
f 3474/3474/3573 3475/3475/3574 3466/3466/3565
f 3476/3476/3584 3474/3474/3573 3477/3477/3654
f 3467/3467/3567 3470/3470/3578 3464/3464/3564
f 3370/3370/3451 3386/3386/3472 3467/3467/3567
f 3469/3469/3570 3472/3472/3571 3388/3388/3474
f 3478/3478/3575 3388/3388/3474 3472/3472/3571
f 3472/3472/3571 3473/3473/3572 3478/3478/3575
f 3473/3473/3572 3479/3479/3576 3478/3478/3575
f 3389/3389/3526 3388/3388/3474 3478/3478/3575
f 3465/3465/3566 3470/3470/3578 3480/3480/3648
f 3481/3481/3577 3470/3470/3578 3467/3467/3567
f 3467/3467/3567 3386/3386/3472 3481/3481/3577
f 3480/3480/3648 3470/3470/3578 3481/3481/3577
f 3473/3473/3572 3482/3482/3579 3479/3479/3576
f 3483/3483/3580 3474/3474/3573 3465/3465/3566
f 3482/3482/3579 3473/3473/3572 3484/3484/3602
f 3483/3483/3580 3477/3477/3654 3474/3474/3573
f 3483/4251/3580 3465/3465/3566 3480/3480/3648
f 3485/3485/3588 3471/3471/3569 3468/3468/3568
f 3486/3486/3581 3468/3468/3568 3368/3368/3582
f 3471/3471/3569 3485/3485/3588 3487/3487/3583
f 3473/3473/3572 3471/3471/3569 3487/3487/3583
f 1604/1604/3482 1791/1791/1791 3368/3368/3582
f 3475/3475/3574 3463/3463/3562 3466/3466/3565
f 3474/3474/3573 3476/3476/3584 3475/3475/3574
f 3475/3475/3574 3476/3476/3584 3488/3488/3585
f 3475/3475/3574 3489/3489/3586 3463/3463/3562
f 3463/3463/3562 3489/3489/3586 1596/1596/3587
f 3488/3488/3585 3489/3489/3586 3475/3475/3574
f 3485/3485/3588 3468/3468/3568 3486/3486/3581
f 3490/3490/3593 3487/3487/3583 3485/3485/3588
f 3487/3487/3583 3490/3490/3593 3491/3491/3589
f 3486/3486/3581 3368/3368/3582 1791/1791/1791
f 3486/3486/3581 3490/3490/3593 3485/3485/3588
f 3477/3477/3654 3492/3492/3609 3476/3476/3584
f 3476/3476/3584 3492/3492/3609 3488/3488/3585
f 3490/3490/3593 3486/3486/3581 3493/3493/3590
f 3490/3490/3593 3493/3493/3590 3494/3494/3591
f 3495/3495/3592 3490/3490/3593 3494/3494/3591
f 3491/3491/3589 3490/3490/3593 3495/3495/3592
f 3489/3489/3586 1778/1778/1777 1596/1596/3587
f 3493/3493/3590 3486/3486/3581 1791/1791/1791
f 3496/3496/3596 1791/1791/1791 3497/3497/3594
f 3498/3498/3595 1791/1791/1791 3496/3496/3596
f 3499/3499/3599 3496/3496/3596 3500/3500/3597
f 3501/3501/3598 3494/3494/3591 3493/3493/3590
f 3501/3501/3598 3493/3493/3590 3498/3498/3595
f 3498/3498/3595 3499/3499/3599 3501/3501/3598
f 3498/3498/3595 3493/3493/3590 1791/1791/1791
f 3499/3499/3599 3498/3498/3595 3496/3496/3596
f 3502/3502/3606 3501/3501/3598 3499/3499/3599
f 3487/3487/3583 3484/3484/3602 3473/3473/3572
f 3484/3484/3602 3487/3487/3583 3491/3491/3589
f 3503/3503/3600 3491/3491/3589 3495/3495/3592
f 3484/3484/3602 3491/3491/3589 3503/3503/3600
f 3477/3477/3654 3504/3504/3610 3492/3492/3609
f 3505/3505/3601 3484/3484/3602 3503/3503/3600
f 3501/3501/3598 3495/3495/3592 3494/3494/3591
f 3506/3506/3608 3507/3507/3603 3489/3489/3586
f 3508/3508/3613 3507/3507/3603 3506/3506/3608
f 3506/3506/3608 3489/3489/3586 3488/3488/3585
f 3507/3507/3603 1778/1778/1777 3489/3489/3586
f 1778/1778/1777 3507/3507/3603 3509/3509/3605
f 1778/1778/1777 3509/3509/3605 1807/1807/3857
f 3510/3510/3604 3507/3507/3603 3508/3508/3613
f 3510/3510/3604 3509/3509/3605 3507/3507/3603
f 3511/3511/3861 3502/3502/3606 3499/3499/3599
f 3512/3512/3856 3509/3509/3605 3510/3510/3604
f 3513/3513/3607 3506/3506/3608 3488/3488/3585
f 3492/3492/3609 3504/3504/3610 3514/3514/3611
f 3514/3514/3611 3488/3488/3585 3492/3492/3609
f 3488/3488/3585 3514/3514/3611 3513/3513/3607
f 3515/3515/3755 3513/3513/3607 3514/3514/3611
f 3508/3508/3613 3506/3506/3608 3513/3513/3607
f 3501/3501/3598 3502/3502/3606 3516/3516/3939
f 3516/3516/3939 3502/3502/3606 3511/3511/3861
f 3517/3517/3612 3518/3518/3615 3508/3508/3613
f 3513/3513/3607 3517/3517/3612 3508/3508/3613
f 3518/3518/3615 3510/3510/3604 3508/3508/3613
f 3519/3519/3614 3510/3510/3604 3518/3518/3615
f 3520/3520/3760 3501/3501/3598 3516/3516/3939
f 3517/3517/3612 3513/3513/3607 3521/3521/3616
f 3521/3521/3616 3518/3518/3615 3517/3517/3612
f 3521/3521/3616 3513/3513/3607 3515/3515/3755
f 3521/3521/3616 3522/3522/3617 3523/3523/3618
f 3524/3524/3620 3523/3523/3618 3522/3522/3617
f 3518/3518/3615 3523/3523/3618 3519/3519/3614
f 3523/3523/3618 3518/3518/3615 3521/3521/3616
f 3519/3519/3614 3523/3523/3618 3524/3524/3620
f 3525/3525/3780 3526/3526/3619 3524/3524/3620
f 3526/3526/3619 3519/3519/3614 3524/3524/3620
f 3527/3527/3629 3384/3384/3469 3385/3385/3470
f 3527/3527/3629 3386/3386/3472 3384/3384/3469
f 3385/3385/3470 3422/3422/3514 3527/3527/3629
f 3420/3420/3516 3423/3423/3515 3422/3422/3514
f 3528/3528/3650 3422/3422/3514 3529/3529/3621
f 3530/3530/3627 3421/3421/3519 3426/3426/3518
f 3423/3423/3515 3421/3421/3519 3531/3531/3622
f 3531/3531/3622 3421/3421/3519 3530/3530/3627
f 3532/3532/3623 3530/3530/3627 3426/3426/3518
f 3427/3427/3521 3532/3532/3623 3426/3426/3518
f 3533/3533/3661 3532/3532/3623 3427/3427/3521
f 3407/3407/3663 3429/3429/3523 3534/3534/3624
f 3535/3535/3625 3534/3534/3624 3429/3429/3523
f 3535/3535/3625 3429/3429/3523 3536/3536/3636
f 3537/3537/3626 3531/3531/3622 3530/3530/3627
f 3532/3532/3623 3537/3537/3626 3530/3530/3627
f 3538/3538/3628 3537/3537/3626 3532/3532/3623
f 3529/3529/3621 3422/3422/3514 3423/3423/3515
f 3481/3481/3577 3386/3386/3472 3527/3527/3629
f 3527/3527/3629 3539/3539/3630 3481/3481/3577
f 3422/3422/3514 3539/3539/3630 3527/3527/3629
f 3431/3431/3525 3389/3389/3526 3540/3540/3634
f 3389/3389/3526 3478/3478/3575 3540/3540/3634
f 3541/3541/3631 3540/3540/3634 3478/3478/3575
f 3539/3539/3630 3480/3480/3648 3481/3481/3577
f 3542/3542/3632 3543/3543/3647 3539/3539/3630
f 3542/3542/3632 3539/3539/3630 3422/3422/3514
f 3542/3542/3632 3422/3422/3514 3528/3528/3650
f 3479/3479/3576 3541/3541/3631 3478/3478/3575
f 3414/3414/3510 3432/3432/3527 3544/3544/3633
f 3430/3430/3524 3431/3431/3525 3540/3540/3634
f 3540/3540/3634 3433/3433/3635 3430/3430/3524
f 3544/3544/3633 3429/3429/3523 3414/3414/3510
f 3429/3429/3523 3544/3544/3633 3536/3536/3636
f 3545/3545/3638 3536/3536/3636 3544/3544/3633
f 3546/3546/3686 3535/3535/3625 3536/3536/3637
f 3544/3544/3633 3432/3432/3527 3433/3433/3635
f 3547/3547/3689 3536/3536/3637 3545/3545/3641
f 3433/3433/3635 3540/3540/3634 3541/3541/3631
f 3433/3433/3635 3541/3541/3631 3548/3548/3639
f 3544/3544/3633 3433/3433/3635 3545/3545/3638
f 3433/3433/3635 3548/3548/3639 3545/3545/3638
f 3479/3479/3576 3548/3548/3639 3541/3541/3631
f 3548/3548/3639 3479/3479/3576 3549/3549/3659
f 3550/3550/3640 3545/3545/3641 3551/3551/3643
f 3551/3551/3642 3545/3545/3638 3548/3548/3639
f 3551/3551/3642 3548/3548/3639 3552/3552/3658
f 3550/3550/3640 3551/3551/3643 3553/3553/3644
f 3553/3553/3644 3551/3551/3643 3552/3552/3658
f 3554/3554/3645 3531/3531/3622 3537/3537/3626
f 3538/3538/3628 3554/3554/3645 3537/3537/3626
f 3531/3531/3622 3529/3529/3621 3423/3423/3515
f 3555/3555/3646 3556/3556/3697 3538/3538/3628
f 3531/3531/3622 3557/3557/3722 3529/3529/3621
f 3554/3554/3645 3557/3557/3722 3531/3531/3622
f 3554/3554/3645 3538/3538/3628 3556/3556/3697
f 3556/3556/3697 3557/3557/3722 3554/3554/3645
f 3543/3543/3647 3480/3480/3648 3539/3539/3630
f 3543/3543/3647 3542/3542/3632 3528/3528/3650
f 3558/3558/3649 3559/3559/3656 3543/3543/3647
f 3558/3558/3649 3543/3543/3647 3528/3528/3650
f 3560/3560/3651 3483/4251/3580 3480/3480/3648
f 3543/3543/3647 3560/3560/3651 3480/3480/3648
f 3559/3559/3656 3560/3560/3651 3543/3543/3647
f 3479/3479/3576 3482/3482/3579 3561/3561/3652
f 3560/4254/3651 3477/3477/3654 3483/3483/3580
f 3562/3562/3653 3477/3477/3654 3560/4254/3651
f 3559/4253/3656 3562/3562/3653 3560/4254/3651
f 3563/3563/3655 3562/3562/3653 3559/4253/3656
f 3558/4252/3649 3563/3563/3655 3559/4253/3656
f 3549/3549/3659 3479/3479/3576 3561/3561/3652
f 3564/3564/3657 3549/3549/3659 3561/3561/3652
f 3548/3548/3639 3549/3549/3659 3552/3552/3658
f 3552/3552/3658 3549/3549/3659 3565/3565/3699
f 3566/3566/3704 3565/3565/3699 3549/3549/3659
f 3529/3529/3621 3558/3558/3649 3528/3528/3650
f 3558/3558/3649 3529/3529/3621 3567/3567/3660
f 3533/3533/3661 3427/3427/3521 3428/3428/3522
f 3413/3413/3502 3568/3568/3662 3428/3428/3522
f 3568/3568/3662 3413/3413/3502 3407/4246/3663
f 3428/3428/3522 3568/3568/3662 3533/3533/3661
f 3407/3407/3663 3534/3534/3624 3568/4256/3662
f 3568/4256/3664 3534/3534/3624 3569/3569/3670
f 3570/3570/3665 3568/4256/3664 3569/3569/3670
f 3571/3571/3666 3570/4257/3667 3572/3572/3668
f 3572/4258/3668 3570/3570/3669 3569/3569/3670
f 3573/3573/3672 3572/4258/3668 3569/3569/3670
f 3569/3569/3670 3574/3574/3671 3573/3573/3672
f 3575/3575/3678 3573/3573/3672 3574/3574/3671
f 3571/3571/3673 3533/3533/3661 3570/4257/3674
f 3570/4257/3674 3533/3533/3661 3568/3568/3662
f 3576/3576/3683 3533/3533/3661 3571/3571/3673
f 3577/3577/3675 3571/3571/3666 3572/3572/3668
f 3571/3571/3673 3577/3577/3675 3576/3576/3683
f 3577/3577/3675 3572/3572/3668 3578/3578/3676
f 3579/3579/3677 3053/3053/3735 3572/4258/3668
f 3055/3055/3679 3053/3053/3735 3579/3579/3677
f 3579/3579/3677 3575/3575/3678 3055/3055/3679
f 3572/4258/3668 3573/3573/3672 3579/3579/3677
f 3575/3575/3678 3579/3579/3677 3573/3573/3672
f 3056/3056/3680 3575/3575/3678 3580/3580/3681
f 3569/3569/3670 3534/3534/3624 3535/3535/3625
f 3574/3574/3671 3569/3569/3670 3535/3535/3625
f 3574/3574/3671 3546/3546/3686 3580/3580/3681
f 3546/3546/3686 3574/3574/3671 3535/3535/3625
f 3575/3575/3678 3574/3574/3671 3580/3580/3681
f 3580/3580/3681 3581/3581/3685 3056/3056/3680
f 3581/3581/3685 3580/3580/3681 3582/3582/3687
f 3583/3583/3682 3533/3533/3661 3576/3576/3683
f 3583/3583/3682 3532/3532/3623 3533/3533/3661
f 3572/3572/3668 3053/4180/3735 3578/3578/3676
f 3578/3578/3676 3576/3576/3683 3577/3577/3675
f 3578/3578/3676 3053/4180/3735 3584/3584/3684
f 3055/3055/3679 3575/3575/3678 3056/3056/3680
f 3581/3581/3685 3059/3059/3124 3056/3056/3680
f 3072/3072/3748 3059/3059/3124 3581/3581/3685
f 3547/3547/3689 3546/3546/3686 3536/3536/3637
f 3580/3580/3681 3546/3546/3686 3582/3582/3687
f 3582/3582/3687 3546/3546/3686 3547/3547/3689
f 3582/3582/3687 3547/3547/3689 3585/3585/3688
f 3585/3585/3688 3547/3547/3689 3550/3550/3640
f 3581/3581/3685 3582/3582/3687 3585/3585/3688
f 3547/3547/3689 3545/3545/3641 3550/3550/3640
f 3581/3581/3685 3585/3585/3688 3586/3586/3690
f 3550/3550/3640 3587/3587/3691 3585/3585/3688
f 3587/3587/3691 3586/3586/3690 3585/3585/3688
f 3587/3587/3691 3550/3550/3640 3553/3553/3644
f 3583/3583/3682 3538/3538/3628 3532/3532/3623
f 3588/3588/3692 3576/3576/3683 3578/3578/3676
f 3588/3588/3693 3583/3583/3682 3576/3576/3683
f 3555/3555/3646 3538/3538/3628 3583/3583/3682
f 3583/3583/3682 3588/3588/3693 3589/3589/3694
f 3584/3584/3684 3588/3588/3692 3578/3578/3676
f 3588/3588/3692 3584/3584/3684 3589/3589/3695
f 3590/3590/3701 3589/3589/3695 3584/3584/3684
f 3589/3589/3694 3555/3555/3646 3583/3583/3682
f 3555/3555/3646 3591/3591/3696 3556/3556/3697
f 3053/4180/3735 3590/3590/3734 3584/3584/3684
f 3592/3592/3698 3053/4180/3735 3062/4182/3133
f 3075/3075/3138 3592/3592/3698 3062/4182/3133
f 3072/3072/3748 3581/3581/3685 3586/3586/3690
f 3553/3553/3644 3552/3552/3658 3565/3565/3699
f 3593/3593/3712 3553/3553/3644 3565/3565/3699
f 3553/3553/3644 3593/3593/3712 3587/3587/3691
f 3593/3593/3712 3586/3586/3690 3587/3587/3691
f 3594/3594/3700 3591/3591/3696 3555/3555/3646
f 3594/3594/3700 3555/3555/3646 3589/3589/3694
f 3594/3594/3700 3589/3589/3694 3595/3595/3702
f 3590/3590/3701 3595/3595/3702 3589/3589/3695
f 3596/3596/3703 3072/3072/3748 3586/3586/3690
f 3561/3561/3652 3484/3484/3602 3505/3505/3601
f 3561/3561/3652 3482/3482/3579 3484/3484/3602
f 3564/3564/3657 3561/3561/3652 3505/3505/3601
f 3562/3562/3653 3504/3504/3610 3477/3477/3654
f 3597/3597/3710 3503/3503/3600 3495/3495/3592
f 3503/3503/3600 3597/3597/3710 3505/3505/3601
f 3566/3566/3704 3549/3549/3659 3564/3564/3657
f 3566/3566/3704 3564/3564/3657 3505/3505/3601
f 3598/3598/3707 3565/3565/3699 3566/3566/3704
f 3566/3566/3704 3505/3505/3601 3599/3599/3764
f 3600/3600/3708 3598/3598/3707 3566/3566/3704
f 3598/3598/3707 3601/3601/3705 3565/3565/3699
f 3602/3602/3706 3601/3601/3705 3598/3598/3707
f 3598/3598/3707 3600/3600/3708 3602/3602/3706
f 3601/3601/3705 3602/3602/3706 3603/3603/3715
f 3600/3600/3708 3566/3566/3704 3599/3599/3764
f 3602/3602/3706 3600/3600/3708 3604/3604/3709
f 3600/3600/3708 3599/3599/3764 3604/3604/3709
f 3597/3597/3710 3599/3599/3764 3505/3505/3601
f 3602/3602/3706 3604/3604/3709 3605/3605/3716
f 3603/3603/3715 3602/3602/3706 3605/3605/3716
f 3597/3597/3710 3495/3495/3592 3606/3606/3711
f 3601/3601/3705 3593/3593/3712 3565/3565/3699
f 3593/3593/3712 3596/3596/3703 3586/3586/3690
f 3593/3593/3712 3601/3601/3705 3607/3607/3713
f 3607/3607/3713 3596/3596/3703 3593/3593/3712
f 3607/3607/3713 3601/3601/3705 3608/3608/3714
f 3608/3608/3714 3596/3596/3703 3607/3607/3713
f 3608/3608/3714 3601/3601/3705 3603/3603/3715
f 3596/3596/3703 3608/3608/3714 3609/3609/3794
f 3603/3603/3715 3605/3605/3716 3610/3610/3717
f 3603/3603/3715 3610/3610/3717 3608/3608/3714
f 3609/3609/3794 3608/3608/3714 3610/3610/3717
f 3610/3610/3717 3605/3605/3716 3611/3611/3800
f 3556/3556/3697 3591/3591/3696 3612/3612/3718
f 3558/4252/3649 3613/3613/3719 3563/3563/3655
f 3558/4252/3649 3567/4255/3660 3613/3613/3719
f 3557/3557/3722 3567/3567/3660 3529/3529/3621
f 3612/3612/3718 3557/3557/3722 3556/3556/3697
f 3614/3614/3720 3612/3612/3718 3591/3591/3696
f 3615/3615/3721 3557/3557/3722 3612/3612/3718
f 3557/3557/3722 3615/3615/3721 3567/3567/3660
f 3615/4262/3721 3616/3616/3770 3567/4255/3660
f 3617/3617/3723 3616/3616/3770 3615/4262/3721
f 3618/3618/3724 3617/3617/3723 3615/4262/3721
f 3615/4262/3721 3612/4260/3718 3618/3618/3724
f 3612/4260/3718 3614/4261/3720 3618/3618/3724
f 3619/3619/3771 3617/3617/3723 3618/3618/3724
f 3618/3618/3724 3620/3620/3725 3619/3619/3771
f 3079/3079/3727 3075/3075/3138 3076/3076/3140
f 3621/3621/3726 3075/3075/3138 3079/3079/3727
f 3622/3622/3729 3592/3592/3698 3075/3075/3138
f 3622/4263/3729 3623/3623/3728 3592/4259/3698
f 3621/3621/3726 3622/3622/3729 3075/3075/3138
f 3622/3622/3729 3621/3621/3726 3624/3624/3731
f 3625/3625/3730 3623/3623/3728 3622/4263/3729
f 3624/4264/3731 3625/3625/3730 3622/4263/3729
f 3626/3626/3747 3625/3625/3730 3624/4264/3731
f 3614/3614/3720 3594/3594/3700 3595/3595/3702
f 3590/3590/3701 3627/3627/3732 3595/3595/3702
f 3614/3614/3720 3591/3591/3696 3594/3594/3700
f 3628/3628/3733 3590/3590/3734 3053/4180/3735
f 3628/3628/3733 3627/3627/3736 3590/3590/3734
f 3053/4180/3735 3629/3629/3750 3628/3628/3733
f 3053/4180/3735 3592/3592/3698 3629/3629/3750
f 3627/3627/3732 3630/3630/3737 3595/3595/3702
f 3631/3631/3744 3628/4265/3733 3629/4266/3750
f 3595/3595/3702 3630/3630/3737 3614/3614/3720
f 3628/3628/3733 3630/3630/3738 3627/3627/3736
f 3632/3632/3739 3630/4267/3737 3628/4265/3733
f 3632/3632/3739 3633/3633/3741 3630/4267/3737
f 3630/4267/3737 3634/3634/3740 3614/4261/3720
f 3634/3634/3740 3630/4267/3737 3633/3633/3741
f 3614/4261/3720 3620/3620/3725 3618/3618/3724
f 3620/3620/3725 3614/4261/3720 3634/3634/3740
f 3635/3635/3742 3634/3634/3740 3636/3636/3743
f 3631/3631/3744 3632/3632/3739 3628/4265/3733
f 3637/3637/3746 3632/3632/3739 3631/3631/3744
f 3638/3638/3745 3632/3632/3739 3637/3637/3746
f 3638/3638/3745 3639/3639/3797 3632/3632/3739
f 3626/3626/3747 3072/3072/3748 3640/3640/3749
f 3640/3640/3749 3072/3072/3748 3641/3641/3792
f 3623/3623/3728 3631/3631/3744 3629/4266/3750
f 3642/3642/3751 3631/3631/3744 3623/3623/3728
f 3623/3623/3728 3625/3625/3730 3642/3642/3751
f 3637/3637/3746 3631/3631/3744 3642/3642/3751
f 3623/3623/3728 3629/4266/3750 3592/4259/3698
f 3643/3643/3752 3642/3642/3751 3625/3625/3730
f 3640/3640/3749 3643/3643/3752 3626/3626/3747
f 3643/3643/3752 3625/3625/3730 3626/3626/3747
f 3643/3643/3752 3640/3640/3749 3637/3637/3746
f 3643/3643/3752 3637/3637/3746 3642/3642/3751
f 3637/3637/3746 3640/3640/3749 3641/3641/3792
f 3641/3641/3792 3638/3638/3745 3637/3637/3746
f 3563/3563/3655 3644/3644/3753 3562/3562/3653
f 3504/3504/3610 3562/3562/3653 3644/3644/3753
f 3644/3644/3753 3514/3514/3611 3504/3504/3610
f 3644/3644/3753 3515/3515/3755 3514/3514/3611
f 3613/3613/3719 3644/3644/3753 3563/3563/3655
f 3613/3613/3719 3567/4255/3660 3645/3645/3754
f 3645/3645/3754 3567/4255/3660 3616/3616/3770
f 3522/3522/3617 3515/3515/3755 3644/3644/3753
f 3646/3646/3763 3644/3644/3753 3613/3613/3719
f 3644/3644/3753 3646/3646/3763 3522/3522/3617
f 3646/3646/3763 3613/3613/3719 3645/3645/3754
f 3605/3605/3716 3604/3604/3709 3647/3647/3765
f 3648/3648/3796 3649/3649/3795 3650/3650/3756
f 3651/3651/3757 3650/3650/3758 3649/3649/3795
f 3501/3501/3598 3606/3606/3711 3495/3495/3592
f 3501/3501/3598 3520/3520/3760 3606/3606/3711
f 3606/3606/3711 3599/3599/3764 3597/3597/3710
f 3647/3647/3765 3606/3606/3711 3520/3520/3760
f 3647/3647/3765 3520/3520/3760 3652/3652/3759
f 3520/3520/3760 3516/3516/3939 3653/3653/3761
f 3653/3653/3761 3652/3652/3759 3520/3520/3760
f 3652/3652/3759 3653/3653/3761 3654/3654/3762
f 3522/3522/3617 3521/3521/3616 3515/3515/3755
f 3522/3522/3617 3646/3646/3763 3524/3524/3620
f 3646/3646/3763 3525/3525/3780 3524/3524/3620
f 3647/3647/3765 3599/3599/3764 3606/3606/3711
f 3647/3647/3765 3604/3604/3709 3599/3599/3764
f 3605/3605/3716 3647/3647/3765 3655/3655/3766
f 3655/3655/3766 3647/3647/3765 3652/3652/3759
f 3655/3655/3766 3652/3652/3759 3656/3656/3767
f 3657/3657/3801 3655/3655/3766 3656/3656/3767
f 3645/3645/3754 3658/3658/3769 3659/3659/3768
f 3658/3658/3769 3645/3645/3754 3616/3616/3770
f 3616/3616/3770 3617/3617/3723 3658/3658/3769
f 3619/3619/3771 3660/3660/3772 3617/3617/3723
f 3619/3619/3771 3620/3620/3725 3661/3661/3773
f 3662/3662/3778 3619/3619/3771 3661/3661/3773
f 3662/3662/3778 3660/3660/3772 3619/3619/3771
f 3663/3663/3774 3662/3662/3778 3661/3661/3773
f 3660/3660/3772 3658/3658/3769 3617/3617/3723
f 3660/3660/3772 3664/3664/3783 3658/3658/3769
f 3665/3665/3776 3664/3664/3783 3660/3660/3772
f 3651/3651/3757 3666/3666/3775 3650/3650/3758
f 3662/3662/3778 3665/3665/3776 3660/3660/3772
f 3667/3667/3777 3662/3662/3778 3663/3663/3774
f 3667/3667/3777 3665/3665/3776 3662/3662/3778
f 3668/3668/3779 3665/3665/3776 3667/3667/3777
f 3648/3648/3796 3668/3668/3779 3667/3667/3777
f 3667/3667/3777 3663/3663/3774 3648/3648/3796
f 3646/3646/3763 3645/3645/3754 3525/3525/3780
f 3669/3669/3781 3645/3645/3754 3659/3659/3768
f 3525/3525/3780 3645/3645/3754 3669/3669/3781
f 3670/3670/3782 3659/3659/3768 3658/3658/3769
f 3664/3664/3783 3670/3670/3782 3658/3658/3769
f 3671/3671/3784 3670/3670/3782 3664/3664/3783
f 3672/3672/3785 3669/3669/3781 3659/3659/3768
f 3659/3659/3768 3670/3670/3782 3672/3672/3785
f 3673/3673/3786 3672/3672/3785 3670/3670/3782
f 3671/3671/3784 3673/3673/3786 3670/3670/3782
f 3674/3674/3791 3673/3673/3786 3671/3671/3784
f 3673/3673/3786 3674/3674/3791 3675/3675/3943
f 3648/3648/3796 3650/3650/3756 3666/3666/3787
f 3648/3648/3796 3676/3676/3788 3668/3668/3779
f 3648/3648/3796 3666/3666/3787 3676/3676/3788
f 3666/3666/3787 3677/3677/3789 3676/3676/3788
f 3678/3678/3958 3677/3677/3789 3666/3666/3775
f 3678/3678/3958 3679/3679/3790 3677/3677/3789
f 3665/3665/3776 3671/3671/3784 3664/3664/3783
f 3668/3668/3779 3671/3671/3784 3665/3665/3776
f 3668/3668/3779 3674/3674/3791 3671/3671/3784
f 3677/3677/3789 3668/3668/3779 3676/3676/3788
f 3668/3668/3779 3677/3677/3789 3679/3679/3790
f 3679/3679/3790 3674/3674/3791 3668/3668/3779
f 3641/3641/3792 3072/3072/3748 3596/3596/3703
f 3641/3641/3792 3596/3596/3703 3609/3609/3794
f 3680/3680/3793 3641/3641/3792 3609/3609/3794
f 3611/3611/3800 3609/3609/3794 3610/3610/3717
f 3636/3636/3743 3634/3634/3740 3633/3633/3741
f 3633/3633/3741 3649/3649/3795 3636/3636/3743
f 3633/3633/3741 3681/3681/3798 3649/3649/3795
f 3620/3620/3725 3634/3634/3740 3635/3635/3742
f 3636/3636/3743 3648/3648/3796 3635/3635/3742
f 3635/3635/3742 3661/3661/3773 3620/3620/3725
f 3648/3648/3796 3636/3636/3743 3649/3649/3795
f 3639/3639/3797 3633/3633/3741 3632/3632/3739
f 3681/3681/3798 3633/3633/3741 3639/3639/3797
f 3639/3639/3797 3641/3641/3792 3680/3680/3793
f 3680/3680/3793 3681/3681/3798 3639/3639/3797
f 3681/3681/3798 3651/3651/3757 3649/3649/3795
f 3666/3666/3775 3651/3651/3757 3682/3682/3803
f 3609/3609/3794 3683/3683/3799 3680/3680/3793
f 3681/3681/3798 3680/3680/3793 3683/3683/3799
f 3682/3682/3803 3651/3651/3757 3681/3681/3798
f 3682/3682/3803 3681/3681/3798 3683/3683/3799
f 3638/3638/3745 3641/3641/3792 3639/3639/3797
f 3611/3611/3800 3605/3605/3716 3655/3655/3766
f 3683/3683/3799 3609/3609/3794 3611/3611/3800
f 3657/3657/3801 3683/3683/3799 3611/3611/3800
f 3657/3657/3801 3611/3611/3800 3655/3655/3766
f 3683/3683/3799 3657/3657/3801 3684/3684/3802
f 3661/3661/3773 3635/3635/3742 3648/3648/3796
f 3661/3661/3773 3648/3648/3796 3663/3663/3774
f 3678/3678/3958 3666/3666/3775 3682/3682/3803
f 3682/3682/3803 3683/3683/3799 3678/3678/3958
f 3678/3678/3958 3683/3683/3799 3684/3684/3802
f 3497/3497/3594 1791/1791/1791 1792/1792/1792
f 3497/3497/3594 1792/1792/1792 3685/3685/3804
f 3496/3496/3596 3497/3497/3594 3685/3685/3804
f 3685/3685/3804 3500/3500/3597 3496/3496/3596
f 3685/3685/3804 3686/3686/3805 3500/3500/3597
f 3685/3685/3804 1792/1792/1792 3687/3687/3807
f 3687/3687/3807 1792/1792/1792 1793/1793/3806
f 3687/3687/3807 1793/1793/3806 3688/3688/3808
f 3688/3688/3808 3689/3689/3809 3687/3687/3807
f 3689/3689/3809 3685/3685/3804 3687/3687/3807
f 3686/3686/3805 3685/3685/3804 3689/3689/3809
f 3686/3686/3805 3689/3689/3809 3690/3690/3810
f 1799/1799/1797 3688/3688/3808 1793/1793/3806
f 3691/3691/3811 1800/1800/3812 1788/1788/1798
f 3692/3692/3813 1800/1800/3812 3691/3691/3811
f 1799/1799/1797 1800/1800/3812 3692/3692/3813
f 3693/3693/3816 3688/3688/3808 1799/1799/1797
f 3692/3692/3813 3693/3693/3816 1799/1799/1797
f 3694/3694/3814 3689/3689/3809 3688/3688/3808
f 3688/3688/3808 3693/3693/3816 3694/3694/3814
f 3694/3694/3814 3690/3690/3810 3689/3689/3809
f 3694/3694/3814 3693/3693/3816 3695/3695/3815
f 3693/3693/3816 3696/3696/3817 3695/3695/3815
f 3697/3697/3818 3695/3695/3815 3696/3696/3817
f 3698/3698/3819 3699/3699/3820 3697/3697/3818
f 1784/1784/1784 1692/1692/1785 3456/3456/3555
f 3700/3700/3821 1784/1784/1784 3456/3456/3555
f 1789/1789/1790 1784/1784/1784 3700/3700/3821
f 3691/3691/3811 1788/1788/1798 1789/1789/1790
f 3691/3691/3811 1789/1789/1790 3700/3700/3821
f 1803/1803/3822 3701/3701/3823 1777/1777/1774
f 3702/3702/3825 3700/3700/3821 3456/3456/3555
f 3702/3702/3825 3456/3456/3555 3457/3457/3824
f 3703/3703/3835 3700/3700/3821 3702/3702/3825
f 3703/3703/3835 3691/3691/3811 3700/3700/3821
f 3702/3702/3825 3704/3704/3828 3703/3703/3835
f 3704/3704/3828 3702/3702/3825 3705/3705/3826
f 3705/3705/3826 3706/3706/3827 3704/3704/3828
f 1717/1717/1712 1714/1714/1709 1716/1716/1801
f 1777/1777/1774 3701/3701/3823 1716/1716/1801
f 3701/3701/3823 1717/1717/1712 1716/1716/1801
f 1718/1718/1711 1804/1804/1802 1653/1653/1803
f 1804/1804/1802 1805/1805/3842 1719/1719/1713
f 3705/3705/3826 3457/3457/3824 3458/3458/3558
f 3705/3705/3826 3458/3458/3558 3460/3460/3829
f 3457/3457/3824 3705/3705/3826 3702/3702/3825
f 3459/3459/3848 3706/3706/3827 3460/3460/3829
f 3705/3705/3826 3460/3460/3829 3706/3706/3827
f 3707/3707/3830 1782/1782/1783 3708/3708/3832
f 3707/3707/3830 1803/1803/3822 1782/1782/1783
f 3707/3707/3830 3701/3701/3823 1803/1803/3822
f 3709/3709/3831 1717/1717/1712 3701/3701/3823
f 3709/3709/3831 3701/3701/3823 3707/3707/3830
f 3709/3709/3831 3707/3707/3830 3708/3708/3832
f 3709/3709/3831 3710/3710/3833 1717/1717/1712
f 3708/3708/3832 1782/1782/1783 1798/1798/1799
f 1802/1802/1800 3708/3708/3832 1798/1798/1799
f 3711/3711/3834 3708/3708/3832 1802/1802/1800
f 3703/3703/3835 3692/3692/3813 3691/3691/3811
f 3703/3703/3835 3712/3712/3836 3692/3692/3813
f 3711/3711/3834 1802/1802/1800 3713/3713/3869
f 3713/3713/3869 3714/3714/3837 3711/3711/3834
f 3711/3711/3834 3714/3714/3837 3708/3708/3832
f 3712/3712/3836 3693/3693/3816 3692/3692/3813
f 3714/3714/3837 3709/3709/3831 3708/3708/3832
f 3710/3710/3833 3709/3709/3831 3714/3714/3837
f 3714/3714/3837 3715/3715/3875 3710/3710/3833
f 3716/3716/3838 3717/3717/3839 3715/3715/3875
f 1718/1718/1711 3710/3710/3833 3717/3717/3839
f 1718/1718/1711 1717/1717/1712 3710/3710/3833
f 1804/1804/1802 1718/1718/1711 3717/3717/3839
f 3718/3718/3845 1805/1805/3842 1804/1804/1802
f 3719/3719/3844 1810/1810/3840 3720/3720/3841
f 3717/3717/3839 3718/3718/3845 1804/1804/1802
f 1805/1805/3842 3721/3721/3847 1810/1810/3840
f 3721/3721/3847 1805/1805/3842 3718/3718/3845
f 3720/3720/3841 1810/1810/3840 3721/3721/3847
f 3722/3722/3843 3719/3719/3844 3720/3720/3841
f 3710/3710/3833 3715/3715/3875 3717/3717/3839
f 3723/3723/3850 3718/3718/3845 3717/3717/3839
f 3723/3723/3850 3721/3721/3847 3718/3718/3845
f 3724/3724/3846 3720/3720/3841 3721/3721/3847
f 3725/3725/3851 3459/3459/3848 3726/3726/3852
f 3706/3706/3827 3459/3459/3848 3727/3727/3907
f 3722/3722/3843 3720/3720/3841 3724/3724/3846
f 3728/3728/3849 3721/3721/3847 3723/3723/3850
f 3728/3728/3849 3724/3724/3846 3721/3721/3847
f 3725/3725/3851 3727/3727/3907 3459/3459/3848
f 3722/3722/3843 3729/3729/3853 3726/4269/3852
f 3726/4269/3852 3729/3729/3853 3725/4268/3851
f 3724/3724/3846 3729/3729/3853 3722/3722/3843
f 3725/4268/3851 3729/3729/3853 3730/3730/3916
f 3731/3731/3854 3712/3712/3836 3703/3703/3835
f 3706/3706/3827 3732/3732/3855 3704/3704/3828
f 3731/3731/3854 3703/3703/3835 3704/3704/3828
f 3704/3704/3828 3732/3732/3855 3731/3731/3854
f 3732/3732/3855 3706/3706/3827 3727/3727/3907
f 3698/3698/3819 3712/3712/3836 3731/3731/3854
f 3696/3696/3817 3693/3693/3816 3712/3712/3836
f 3712/3712/3836 3698/3698/3819 3696/3696/3817
f 3697/3697/3818 3696/3696/3817 3698/3698/3819
f 3698/3698/3819 3731/3731/3854 3732/3732/3855
f 3699/3699/3820 3698/3698/3819 3732/3732/3855
f 1808/1808/1806 3733/3733/3858 1794/1794/1793
f 3511/3511/3861 3499/3499/3599 3500/3500/3597
f 3511/3511/3861 3500/3500/3597 3686/3686/3805
f 3512/3512/3856 1807/1807/3857 3509/3509/3605
f 3512/3512/3856 3734/3734/3863 1807/1807/3857
f 1808/1808/1806 1807/1807/3857 3734/3734/3863
f 1808/1808/1806 3734/3734/3863 3733/3733/3858
f 3733/3733/3858 1809/1809/1808 1794/1794/1793
f 1802/1802/1800 1801/1801/1807 1809/1809/1808
f 3735/3735/3859 3736/3736/3860 3733/3733/3858
f 1809/1809/1808 3713/3713/3869 1802/1802/1800
f 3736/3736/3860 1809/1809/1808 3733/3733/3858
f 1809/1809/1808 3736/3736/3860 3713/3713/3869
f 3737/3737/3865 3511/3511/3861 3686/3686/3805
f 3738/3738/3866 3511/3511/3861 3737/3737/3865
f 3737/3737/3865 3686/3686/3805 3690/3690/3810
f 3739/3739/3862 3737/3737/3865 3690/3690/3810
f 3739/3739/3862 3690/3690/3810 3695/3695/3815
f 3519/3519/3614 3512/3512/3856 3510/3510/3604
f 3519/3519/3614 3734/3734/3863 3512/3512/3856
f 3519/3519/3614 3740/3740/3868 3734/3734/3863
f 3740/3740/3868 3741/3741/3872 3734/3734/3863
f 3742/3742/3873 3741/3741/3872 3740/3740/3868
f 3738/3738/3866 3516/3516/3939 3511/3511/3861
f 3743/3743/3864 3737/3737/3865 3739/3739/3862
f 3737/3737/3865 3743/3743/3864 3738/3738/3866
f 3744/3744/3867 3738/3738/3866 3743/3743/3864
f 3743/3743/3864 3739/3739/3862 3745/3745/3877
f 3746/3746/3941 3743/3743/3864 3745/3745/3877
f 3740/3740/3868 3519/3519/3614 3526/3526/3619
f 3740/3740/3868 3526/3526/3619 3742/3742/3873
f 3742/3742/3873 3526/3526/3619 3525/3525/3780
f 3695/3695/3815 3690/3690/3810 3694/3694/3814
f 3736/3736/3860 3747/3747/3871 3713/3713/3869
f 3748/3748/3870 3715/3715/3875 3736/3736/3860
f 3747/3747/3871 3736/3736/3860 3715/3715/3875
f 3741/3741/3872 3733/3733/3858 3734/3734/3863
f 3733/3733/3858 3741/3741/3872 3735/3735/3859
f 3735/3735/3859 3741/3741/3872 3748/3748/3870
f 3749/3749/3874 3748/3748/3870 3741/3741/3872
f 3749/3749/3874 3742/3742/3873 3750/3750/3881
f 3749/3749/3874 3741/3741/3872 3742/3742/3873
f 3736/3736/3860 3735/3735/3859 3748/3748/3870
f 3748/3748/3870 3749/3749/3874 3715/3715/3875
f 3695/3695/3815 3697/3697/3818 3739/3739/3862
f 3751/3751/3876 3739/3739/3862 3697/3697/3818
f 3745/3745/3877 3739/3739/3862 3751/3751/3876
f 3745/3745/3877 3751/3751/3876 3752/3752/3879
f 3699/3699/3820 3751/3751/3876 3697/3697/3818
f 3753/3753/3878 3752/3752/3879 3699/3699/3820
f 3752/3752/3879 3751/3751/3876 3699/3699/3820
f 3754/3754/3880 3752/3752/3879 3753/3753/3878
f 3754/3754/3880 3753/3753/3878 3755/3755/3890
f 3525/3525/3780 3750/3750/3881 3742/3742/3873
f 3669/3669/3781 3750/3750/3881 3525/3525/3780
f 3750/3750/3881 3669/3669/3781 3756/3756/3886
f 3669/3669/3781 3757/3757/3882 3756/3756/3886
f 3758/3758/3883 3759/3759/3884 3757/3757/3882
f 3760/3760/3946 3759/3759/3884 3758/3758/3883
f 3756/3756/3886 3761/3761/3885 3749/3749/3874
f 3762/3762/3918 3763/3763/3908 3756/3756/3886
f 3762/3762/3918 3756/3756/3886 3764/3764/3888
f 3762/3762/3918 3764/3764/3888 3765/3765/3887
f 3756/3756/3886 3749/3749/3874 3750/3750/3881
f 3756/3756/3886 3766/3766/3900 3764/3764/3888
f 3764/3764/3888 3766/3766/3900 3767/3767/3889
f 3767/3767/3889 3765/3765/3887 3764/3764/3888
f 3765/3765/3887 3767/3767/3889 3768/3768/3892
f 3755/3755/3890 3769/3769/3891 3754/3754/3880
f 3768/3768/3892 3770/3770/3895 3771/3771/3894
f 3772/3772/3893 3771/3771/3894 3770/3770/3895
f 3773/3773/3922 3769/3769/3891 3755/3755/3890
f 3774/3774/3896 3775/3775/3897 3772/3772/3898
f 3774/3774/3899 3772/3772/3893 3770/3770/3895
f 3766/3766/3900 3756/3756/3886 3757/3757/3882
f 3759/3759/3884 3766/3766/3900 3757/3757/3882
f 3776/3776/3901 3766/3766/3900 3759/3759/3884
f 3760/3760/3946 3776/3776/3901 3759/3759/3884
f 3767/3767/3889 3766/3766/3900 3776/3776/3901
f 3770/3770/3895 3767/3767/3889 3776/3776/3901
f 3777/3777/3947 3770/3770/3895 3776/3776/3901
f 3770/3770/3895 3768/3768/3892 3767/3767/3889
f 3747/3747/3871 3714/3714/3837 3713/3713/3869
f 3715/3715/3875 3714/3714/3837 3747/3747/3871
f 3715/3715/3875 3761/3761/3885 3716/3716/3838
f 3761/3761/3885 3778/3778/3903 3716/3716/3838
f 3716/3716/3838 3723/3723/3850 3717/3717/3839
f 3723/3723/3850 3779/3779/3902 3728/3728/3849
f 3780/3780/3904 3728/3728/3849 3779/3779/3902
f 3778/3778/3903 3723/3723/3850 3716/3716/3838
f 3723/3723/3850 3778/3778/3903 3779/3779/3902
f 3724/3724/3846 3728/3728/3849 3780/3780/3904
f 3730/3730/3916 3724/3724/3846 3780/3780/3904
f 3724/3724/3846 3730/3730/3916 3729/3729/3853
f 3779/3779/3902 3778/3778/3903 3781/3781/3906
f 3782/3782/3905 3780/3780/3904 3779/3779/3902
f 3782/3782/3905 3779/3779/3902 3781/3781/3906
f 3753/3753/3878 3732/3732/3855 3727/3727/3907
f 3761/3761/3885 3715/3715/3875 3749/3749/3874
f 3778/3778/3903 3761/3761/3885 3763/3763/3908
f 3783/3783/3909 3778/3778/3903 3763/3763/3908
f 3781/3781/3906 3778/3778/3903 3783/3783/3909
f 3784/3784/3910 3781/3781/3906 3783/3783/3909
f 3782/3782/3905 3781/3781/3906 3784/3784/3910
f 3785/3785/3911 3782/3782/3905 3784/3784/3910
f 3786/3786/3914 3785/3785/3911 3787/3787/3912
f 3785/3785/3911 3784/3784/3910 3787/3787/3912
f 3788/3788/3913 3785/3785/3911 3786/3786/3914
f 3699/3699/3820 3732/3732/3855 3753/3753/3878
f 3753/4271/3878 3788/3788/3913 3786/3786/3914
f 3789/3789/3915 3730/3730/3916 3790/3790/3917
f 3725/4268/3851 3789/3789/3915 3727/4270/3907
f 3789/3789/3915 3790/3790/3917 3788/3788/3913
f 3790/3790/3917 3730/3730/3916 3780/3780/3904
f 3753/4271/3878 3727/4270/3907 3789/3789/3915
f 3725/4268/3851 3730/3730/3916 3789/3789/3915
f 3780/3780/3904 3782/3782/3905 3790/3790/3917
f 3782/3782/3905 3785/3785/3911 3790/3790/3917
f 3788/3788/3913 3790/3790/3917 3785/3785/3911
f 3753/4271/3878 3789/3789/3915 3788/3788/3913
f 3763/3763/3908 3761/3761/3885 3756/3756/3886
f 3783/3783/3909 3763/3763/3908 3762/3762/3918
f 3791/3791/3920 3783/3783/3909 3762/3762/3918
f 3791/3791/3920 3762/3762/3918 3765/3765/3887
f 3784/3784/3910 3783/3783/3909 3791/3791/3920
f 3787/3787/3912 3784/3784/3910 3791/3791/3920
f 3792/3792/3919 3787/3787/3912 3791/3791/3920
f 3793/3793/3921 3755/3755/3890 3753/3753/3878
f 3793/4275/3921 3753/4271/3878 3786/3786/3914
f 3792/3792/3919 3793/4275/3921 3786/3786/3914
f 3791/3791/3920 3768/3768/3892 3792/3792/3919
f 3765/3765/3887 3768/3768/3892 3791/3791/3920
f 3792/3792/3919 3768/3768/3892 3771/3771/3894
f 3771/3771/3894 3793/4275/3921 3792/3792/3919
f 3755/3755/3890 3793/3793/3921 3794/3794/3923
f 3773/3773/3922 3755/3755/3890 3794/3794/3923
f 3794/4277/3924 3793/4275/3921 3772/3772/3893
f 3772/3772/3893 3793/4275/3921 3771/3771/3894
f 3772/4272/3925 3795/3795/3926 3794/4276/3927
f 3794/4276/3923 3795/3795/3928 3773/4273/3922
f 3775/4274/3897 3795/3795/3928 3772/4272/3898
f 3795/4278/3928 3775/3775/3897 3796/3796/3971
f 3773/4273/3922 3795/3795/3928 3797/3797/3929
f 3786/3786/3914 3787/3787/3912 3792/3792/3919
f 3798/3798/3966 3797/4279/3929 3799/3799/3936
f 3800/3800/3930 3797/4279/3929 3795/4278/3928
f 3795/4278/3928 3796/3796/3971 3800/3800/3930
f 3797/4279/3929 3800/3800/3930 3799/3799/3936
f 3799/3799/3936 3800/3800/3930 3801/3801/3932
f 3798/3798/3966 3799/3799/3936 3802/3802/3931
f 3800/3800/3930 3796/3796/3971 3801/3801/3932
f 3801/3801/3932 3796/3796/3971 3803/3803/3934
f 3801/3801/3932 3804/3804/3933 3799/3799/3936
f 3805/3805/3935 3804/3804/3933 3801/3801/3932
f 3801/3801/3932 3803/3803/3934 3805/3805/3935
f 3802/3802/3931 3799/3799/3936 3806/3806/3969
f 3806/3806/3969 3799/3799/3936 3804/3804/3933
f 3807/3807/3937 3806/3806/3969 3804/3804/3933
f 3804/3804/3933 3805/3805/3935 3807/3807/3937
f 3806/4283/3969 3807/4284/3937 3808/3808/3938
f 3744/3744/3867 3516/3516/3939 3738/3738/3866
f 3653/3653/3761 3516/3516/3939 3744/3744/3867
f 3746/3746/3941 3653/3653/3761 3744/3744/3867
f 3746/3746/3941 3654/3654/3762 3653/3653/3761
f 3809/3809/3940 3654/3654/3762 3746/3746/3941
f 3744/3744/3867 3743/3743/3864 3746/3746/3941
f 3746/3746/3941 3745/3745/3877 3752/3752/3879
f 3810/3810/3942 3654/3654/3762 3809/3809/3940
f 3810/3810/3942 3652/3652/3759 3654/3654/3762
f 3809/3809/3940 3746/3746/3941 3752/3752/3879
f 3809/3809/3940 3752/3752/3879 3754/3754/3880
f 3809/3809/3940 3754/3754/3880 3810/3810/3942
f 3810/3810/3942 3754/3754/3880 3769/3769/3891
f 3769/3769/3891 3811/3811/3962 3810/3810/3942
f 3656/3656/3767 3652/3652/3759 3810/3810/3942
f 3657/3657/3801 3656/3656/3767 3811/3811/3962
f 3656/3656/3767 3810/3810/3942 3811/3811/3962
f 3811/3811/3962 3812/3812/3967 3657/3657/3801
f 3675/3675/3943 3672/3672/3785 3673/3673/3786
f 3669/3669/3781 3672/3672/3785 3757/3757/3882
f 3757/3757/3882 3672/3672/3785 3758/3758/3883
f 3675/3675/3943 3758/3758/3883 3672/3672/3785
f 3675/3675/3943 3760/3760/3946 3758/3758/3883
f 3813/3813/3944 3760/3760/3946 3675/3675/3943
f 3675/3675/3943 3674/3674/3791 3814/3814/3945
f 3813/3813/3944 3675/3675/3943 3814/3814/3945
f 3760/3760/3946 3813/3813/3944 3777/3777/3947
f 3777/3777/3947 3813/3813/3944 3815/3815/3949
f 3816/3816/3948 3815/3815/3949 3817/3817/3950
f 3817/3817/3950 3813/3813/3944 3814/3814/3945
f 3817/3817/3950 3815/3815/3949 3813/3813/3944
f 3818/3818/3951 3816/3816/3948 3796/3796/3971
f 3815/3815/3949 3816/3816/3948 3819/3819/3964
f 3657/3657/3801 3820/3820/3960 3684/3684/3802
f 3679/3679/3790 3821/3821/3952 3674/3674/3791
f 3821/3821/3952 3814/3814/3945 3674/3674/3791
f 3822/3822/3953 3821/3821/3954 3679/3679/3790
f 3821/3821/3954 3822/3822/3953 3823/3823/3955
f 3821/3821/3954 3823/3823/3955 3817/3817/3950
f 3817/3817/3950 3814/3814/3945 3821/3821/3952
f 3823/3823/3955 3816/3816/3948 3817/3817/3950
f 3823/3823/3955 3824/3824/3956 3816/3816/3948
f 3823/3823/3955 3822/3822/3953 3824/3824/3956
f 3822/3822/3953 3825/3825/3957 3824/3824/3956
f 3825/3825/3957 3822/3822/3953 3678/3678/3958
f 3678/3678/3958 3822/3822/3953 3679/3679/3790
f 3820/3820/3960 3825/3825/3957 3678/3678/3958
f 3826/3826/3961 3825/3825/3957 3820/3820/3960
f 3824/3824/3956 3796/3796/3971 3816/3816/3948
f 3825/3825/3957 3796/3796/3971 3824/3824/3956
f 3827/3827/3959 3820/3820/3960 3657/3657/3801
f 3826/3826/3961 3820/3820/3960 3827/3827/3959
f 3827/3827/3959 3657/3657/3801 3828/3828/3990
f 3826/3826/3961 3827/3827/3959 3828/3828/3990
f 3829/3829/3989 3825/3825/3957 3826/3826/3961
f 3828/3828/3990 3829/3829/3989 3826/3826/3961
f 3769/3769/3891 3773/3773/3922 3811/3811/3962
f 3830/3830/3963 3774/3774/3899 3770/3770/3895
f 3818/3818/3951 3774/3774/3896 3830/3830/3965
f 3774/3774/3896 3818/3818/3951 3775/3775/3897
f 3760/3760/3946 3777/3777/3947 3776/3776/3901
f 3830/3830/3963 3777/3777/3947 3815/3815/3949
f 3819/3819/3964 3830/3830/3965 3815/3815/3949
f 3770/3770/3895 3777/3777/3947 3830/3830/3963
f 3818/3818/3951 3830/3830/3965 3819/3819/3964
f 3816/3816/3948 3818/3818/3951 3819/3819/3964
f 3818/3818/3951 3796/3796/3971 3775/3775/3897
f 3828/3828/3990 3657/3657/3801 3812/3812/3967
f 3678/3678/3958 3684/3684/3802 3820/3820/3960
f 3811/3811/3962 3773/3773/3922 3798/4281/3966
f 3798/4280/3966 3773/4273/3922 3797/3797/3929
f 3812/3812/3967 3811/3811/3962 3798/4281/3966
f 3831/3831/3968 3812/3812/3967 3798/4281/3966
f 3831/3831/3968 3798/4281/3966 3802/4282/3931
f 3812/3812/3967 3831/3831/3968 3832/3832/3970
f 3831/3831/3968 3802/4282/3931 3806/4283/3969
f 3831/3831/3968 3806/4283/3969 3832/3832/3970
f 3832/3832/3970 3806/4283/3969 3808/3808/3938
f 3833/3833/3973 3808/3808/3938 3807/4284/3937
f 3832/3832/3970 3808/3808/3938 3833/3833/3973
f 3834/3834/3984 3803/3803/3934 3796/3796/3971
f 3803/3803/3934 3835/3835/3972 3805/3805/3935
f 3805/3805/3935 3835/3835/3972 3807/3807/3937
f 3833/3833/3973 3807/4284/3937 3835/4285/3972
f 3833/3833/3973 3835/4285/3972 3836/3836/3993
f 3837/3837/3974 3803/3803/3934 3838/3838/3975
f 3803/3803/3934 3834/3834/3984 3838/3838/3975
f 3803/3803/3934 3839/3839/3976 3835/3835/3972
f 3839/3839/3976 3803/3803/3934 3837/3837/3974
f 3839/3839/3976 3836/4286/3993 3835/3835/3972
f 3836/4286/3993 3839/3839/3976 3840/3840/3977
f 3839/3839/3976 3837/3837/3974 3840/3840/3977
f 3841/3841/3979 3838/3838/3975 3842/3842/3978
f 3837/3837/3974 3838/3838/3975 3841/3841/3979
f 3825/3825/3957 3843/3843/3981 3796/3796/3971
f 3843/3843/3981 3825/3825/3957 3829/3829/3989
f 3796/3796/3971 3844/3844/3980 3845/3845/3983
f 3844/3844/3980 3796/3796/3971 3843/3843/3981
f 3844/3844/3980 3843/3843/3981 3846/3846/3982
f 3846/3846/3982 3845/3845/3983 3844/3844/3980
f 3845/3845/3983 3834/3834/3984 3796/3796/3971
f 3842/3842/3978 3838/3838/3975 3834/3834/3984
f 3845/3845/3983 3847/3847/3985 3834/3834/3984
f 3847/3847/3985 3842/3842/3978 3834/3834/3984
f 3842/3842/3978 3847/3847/3985 3848/3848/3986
f 3849/3849/3987 3848/3848/3986 3847/3847/3985
f 3850/3850/3988 3845/3845/3983 3846/3846/3982
f 3850/3850/3988 3847/3847/3985 3845/3845/3983
f 3847/3847/3985 3850/3850/3988 3849/3849/3987
f 3829/3829/3989 3846/3846/3982 3843/3843/3981
f 3828/3828/3990 3846/3846/3982 3829/3829/3989
f 3828/3828/3990 3812/3812/3967 3851/3851/3991
f 3851/3851/3991 3812/3812/3967 3852/3852/3994
f 3851/3851/3991 3846/3846/3982 3828/3828/3990
f 3850/3850/3988 3846/3846/3982 3851/3851/3991
f 3850/3850/3988 3851/3851/3991 3849/3849/3987
f 3851/3851/3991 3852/3852/3994 3849/3849/3987
f 3832/3832/3970 3833/3833/3973 3853/3853/3992
f 3812/3812/3967 3832/3832/3970 3853/3853/3992
f 3853/3853/3992 3833/3833/3973 3836/3836/3993
f 3853/3853/3992 3836/3836/3993 3840/4287/3977
f 3812/3812/3967 3853/3853/3992 3852/3852/3994
f 3854/3854/3995 3852/3852/3994 3853/3853/3992
f 3840/4287/3977 3854/3854/3995 3853/3853/3992
f 3855/3855/3997 3837/3837/3974 3841/3841/3979
f 3848/3848/3986 3841/3841/3979 3842/3842/3978
f 3855/3855/3997 3841/3841/3979 3848/3848/3986
f 3855/3855/3997 3840/3840/3977 3837/3837/3974
f 3848/3848/3986 3856/3856/3996 3855/3855/3997
f 3848/3848/3986 3849/3849/3987 3856/3856/3996
f 3856/4289/3996 3852/3852/3994 3854/3854/3995
f 3852/3852/3994 3856/4289/3996 3849/3849/3987
f 3854/3854/3995 3855/4288/3997 3856/4289/3996
f 3854/3854/3995 3840/4287/3977 3855/4288/3997
f 3071/3071/3137 3072/3072/3748 3626/3626/3747
f 3071/3071/3137 3626/3626/3747 3235/3235/3998
f 3237/3237/3999 3621/3621/3726 3079/3079/3727
f 3624/4264/3731 3237/4234/3999 3626/3626/3747
f 3237/3237/3999 3624/3624/3731 3621/3621/3726
f 3626/3626/3747 3237/4234/3999 3235/3235/3998
f 1770/1770/1769 1772/1772/1773 3857/3857/4000
f 3462/3462/4004 1770/1770/1769 3857/3857/4000
f 1773/1773/1772 3857/3857/4000 1772/1772/1773
f 3857/3857/4000 1773/1773/1772 3858/3858/4001
f 3462/3462/4004 3857/3857/4000 3859/3859/4002
f 3860/3860/4003 3452/3452/3559 3462/4250/4004
f 3860/3860/4003 3462/4250/4004 3859/4290/4002
f 3452/3452/3559 3860/3860/4003 3459/3459/3848
f 3858/3858/4001 1773/1773/1772 1810/1810/3840
f 3859/3859/4002 3857/3857/4000 3858/3858/4001
f 3858/3858/4001 1810/1810/3840 3719/3719/3844
f 3861/3861/4005 3859/3859/4002 3858/3858/4001
f 3861/4291/4005 3860/3860/4003 3859/4290/4002
f 3861/3861/4005 3858/3858/4001 3719/3719/3844
f 3719/3719/3844 3722/3722/3843 3861/3861/4005
f 3860/3860/4003 3861/4291/4005 3726/3726/3852
f 3861/3861/4005 3722/3722/3843 3726/4269/3852
f 3459/3459/3848 3860/3860/4003 3726/3726/3852
